unique_id,ds,cutoff,y,Naive,WindowAverage,RWD,AutoARIMA,AutoETS,SeasonalNaive,SeasWA
store_1,2015-02-02,2015-01-26,29690.0,30008.0,31189.583333333332,29980.48598130841,31384.246530609395,29168.291470960063,31555.0,
store_1,2015-02-09,2015-01-26,24477.0,30008.0,31189.583333333332,29952.971962616823,23810.633609343233,29168.291470960063,24257.0,
store_1,2015-02-16,2015-01-26,26902.0,30008.0,31189.583333333332,29925.457943925234,26477.63763317203,29168.291470960063,29040.0,
store_1,2015-02-23,2015-01-26,25566.0,30008.0,31189.583333333332,29897.943925233645,25328.448397256674,29168.291470960063,25597.0,
store_1,2015-03-02,2015-01-26,31369.0,30008.0,31189.583333333332,29870.429906542056,31456.522336824477,29168.291470960063,30836.0,
store_1,2015-03-09,2015-01-26,23767.0,30008.0,31189.583333333332,29842.915887850468,23290.985367040383,29168.291470960063,23115.0,
store_1,2015-03-16,2015-01-26,27073.0,30008.0,31189.583333333332,29815.40186915888,26926.38379092697,29168.291470960063,28573.0,
store_1,2015-03-23,2015-01-26,23788.0,30008.0,31189.583333333332,29787.88785046729,23950.890749082937,29168.291470960063,22628.0,
store_1,2015-03-02,2015-02-23,31369.0,25566.0,28962.833333333332,25499.45945945946,31439.54895947344,27527.188675207584,30836.0,
store_1,2015-03-09,2015-02-23,23767.0,25566.0,28962.833333333332,25432.91891891892,23276.620788900935,27527.188675207584,23115.0,
store_1,2015-03-16,2015-02-23,27073.0,25566.0,28962.833333333332,25366.37837837838,26922.715289552485,27527.188675207584,28573.0,
store_1,2015-03-23,2015-02-23,23788.0,25566.0,28962.833333333332,25299.837837837837,23929.795468978486,27527.188675207584,22628.0,
store_1,2015-03-30,2015-02-23,33019.0,25566.0,28962.833333333332,25233.297297297297,32424.700053024535,27527.188675207584,30142.0,
store_1,2015-04-06,2015-02-23,19546.0,25566.0,28962.833333333332,25166.756756756757,19293.16633927529,27527.188675207584,23776.0,
store_1,2015-04-13,2015-02-23,27563.0,25566.0,28962.833333333332,25100.216216216217,28894.71202985535,27527.188675207584,31411.0,
store_1,2015-04-20,2015-02-23,20670.0,25566.0,28962.833333333332,25033.675675675677,20393.739481105596,27527.188675207584,18690.0,
store_1,2015-03-30,2015-03-23,33019.0,23788.0,26808.5,23708.31304347826,32432.327130528894,26609.817923907,30142.0,
store_1,2015-04-06,2015-03-23,19546.0,23788.0,26808.5,23628.626086956523,19298.34230746205,26609.817923907,23776.0,
store_1,2015-04-13,2015-03-23,27563.0,23788.0,26808.5,23548.93913043478,28901.220003932303,26609.817923907,31411.0,
store_1,2015-04-20,2015-03-23,20670.0,23788.0,26808.5,23469.252173913042,20401.822208125832,26609.817923907,18690.0,
store_1,2015-04-27,2015-03-23,28627.0,23788.0,26808.5,23389.565217391304,28110.92860411205,26609.817923907,29569.0,
store_1,2015-05-04,2015-03-23,29272.0,23788.0,26808.5,23309.878260869566,28047.011686287144,26609.817923907,31910.0,
store_1,2015-05-11,2015-03-23,19705.0,23788.0,26808.5,23230.191304347827,19111.503065365192,26609.817923907,22439.0,
store_1,2015-05-18,2015-03-23,27740.0,23788.0,26808.5,23150.50434782609,28090.535976703897,26609.817923907,28187.0,
store_1,2015-04-27,2015-04-20,28627.0,20670.0,26119.166666666668,20566.789915966387,28104.118989543407,25396.876740454223,29569.0,
store_1,2015-05-04,2015-04-20,29272.0,20670.0,26119.166666666668,20463.579831932773,28015.435300831574,25396.876740454223,31910.0,
store_1,2015-05-11,2015-04-20,19705.0,20670.0,26119.166666666668,20360.36974789916,19102.351559951803,25396.876740454223,22439.0,
store_1,2015-05-18,2015-04-20,27740.0,20670.0,26119.166666666668,20257.159663865546,28097.748725064535,25396.876740454223,28187.0,
store_1,2015-05-25,2015-04-20,22653.0,20670.0,26119.166666666668,20153.949579831933,21506.51293512569,25396.876740454223,22891.0,
store_1,2015-06-01,2015-04-20,26600.0,20670.0,26119.166666666668,20050.73949579832,27958.210085989034,25396.876740454223,32072.0,
store_1,2015-06-08,2015-04-20,23342.0,20670.0,26119.166666666668,19947.529411764706,22259.76862627526,25396.876740454223,21174.0,
store_1,2015-06-15,2015-04-20,27314.0,20670.0,26119.166666666668,19844.319327731093,27127.64403821181,25396.876740454223,26158.0,
store_1,2015-05-25,2015-05-18,22653.0,27740.0,26011.583333333332,27697.62601626016,21535.602063945636,25825.883696596757,22891.0,
store_1,2015-06-01,2015-05-18,26600.0,27740.0,26011.583333333332,27655.252032520326,28117.32868407932,25825.883696596757,32072.0,
store_1,2015-06-08,2015-05-18,23342.0,27740.0,26011.583333333332,27612.878048780487,22162.072403763923,25825.883696596757,21174.0,
store_1,2015-06-15,2015-05-18,27314.0,27740.0,26011.583333333332,27570.50406504065,27031.402075466598,25825.883696596757,26158.0,
store_1,2015-06-22,2015-05-18,21823.0,27740.0,26011.583333333332,27528.130081300813,22272.039923417848,25825.883696596757,22763.0,
store_1,2015-06-29,2015-05-18,31175.0,27740.0,26011.583333333332,27485.756097560974,30949.650218861178,25825.883696596757,29994.0,
store_1,2015-07-06,2015-05-18,23041.0,27740.0,26011.583333333332,27443.38211382114,23732.918196559232,25825.883696596757,24021.0,
store_1,2015-07-13,2015-05-18,28548.0,27740.0,26011.583333333332,27401.0081300813,30103.367040923535,25825.883696596757,29183.0,
store_10,2015-02-02,2015-01-26,44247.0,42446.0,42274.833333333336,42439.57943925234,45940.654434436394,38597.747015559886,45831.0,
store_10,2015-02-09,2015-01-26,34477.0,42446.0,42274.833333333336,42433.15887850467,32418.823237452976,38597.747015559886,31637.0,
store_10,2015-02-16,2015-01-26,41773.0,42446.0,42274.833333333336,42426.73831775701,42582.18089713475,38597.747015559886,42214.0,
store_10,2015-02-23,2015-01-26,34313.0,42446.0,42274.833333333336,42420.31775700935,33915.412652373314,38597.747015559886,33237.0,
store_10,2015-03-02,2015-01-26,45950.0,42446.0,42274.833333333336,42413.897196261685,47338.29747257147,38597.747015559886,45587.0,
store_10,2015-03-09,2015-01-26,35299.0,42446.0,42274.833333333336,42407.47663551402,34854.3832697143,38597.747015559886,30311.0,
store_10,2015-03-16,2015-01-26,44068.0,42446.0,42274.833333333336,42401.056074766355,44866.62435396045,38597.747015559886,42120.0,
store_10,2015-03-23,2015-01-26,35014.0,42446.0,42274.833333333336,42394.63551401869,34894.30749939656,38597.747015559886,34022.0,
store_10,2015-03-02,2015-02-23,45950.0,34313.0,39930.583333333336,34233.54054054054,47340.6585694764,38600.02426621155,45587.0,
store_10,2015-03-09,2015-02-23,35299.0,34313.0,39930.583333333336,34154.08108108108,34866.6782150334,38600.02426621155,30311.0,
store_10,2015-03-16,2015-02-23,44068.0,34313.0,39930.583333333336,34074.62162162162,44872.52668386491,38600.02426621155,42120.0,
store_10,2015-03-23,2015-02-23,35014.0,34313.0,39930.583333333336,33995.16216216216,34893.54127365222,38600.02426621155,34022.0,
store_10,2015-03-30,2015-02-23,52685.0,34313.0,39930.583333333336,33915.7027027027,50371.13483235137,38600.02426621155,45017.0,
store_10,2015-04-06,2015-02-23,28742.0,34313.0,39930.583333333336,33836.24324324324,29019.2129412695,38600.02426621155,33555.0,
store_10,2015-04-13,2015-02-23,43910.0,34313.0,39930.583333333336,33756.78378378379,45377.22869552026,38600.02426621155,45641.0,
store_10,2015-04-20,2015-02-23,32842.0,34313.0,39930.583333333336,33677.32432432433,33495.19053242041,38600.02426621155,25024.0,
store_10,2015-03-30,2015-03-23,52685.0,35014.0,39506.666666666664,34943.4,50333.59689975907,38645.57044127683,45017.0,
store_10,2015-04-06,2015-03-23,28742.0,35014.0,39506.666666666664,34872.8,29004.12827573214,38645.57044127683,33555.0,
store_10,2015-04-13,2015-03-23,43910.0,35014.0,39506.666666666664,34802.2,45354.26173335005,38645.57044127683,45641.0,
store_10,2015-04-20,2015-03-23,32842.0,35014.0,39506.666666666664,34731.6,33454.11572822676,38645.57044127683,25024.0,
store_10,2015-04-27,2015-03-23,45832.0,35014.0,39506.666666666664,34661.0,42914.68244446114,38645.57044127683,42611.0,
store_10,2015-05-04,2015-03-23,46521.0,35014.0,39506.666666666664,34590.4,45010.749253166636,38645.57044127683,44773.0,
store_10,2015-05-11,2015-03-23,31975.0,35014.0,39506.666666666664,34519.8,30824.55837884087,38645.57044127683,31215.0,
store_10,2015-05-18,2015-03-23,42326.0,35014.0,39506.666666666664,34449.2,41654.73102203664,38645.57044127683,39851.0,
store_10,2015-04-27,2015-04-20,45832.0,32842.0,39443.333333333336,32755.52100840336,43032.306509034985,38684.843894193014,42611.0,
store_10,2015-05-04,2015-04-20,46521.0,32842.0,39443.333333333336,32669.04201680672,44995.67075844859,38684.843894193014,44773.0,
store_10,2015-05-11,2015-04-20,31975.0,32842.0,39443.333333333336,32582.563025210085,30820.905715445115,38684.843894193014,31215.0,
store_10,2015-05-18,2015-04-20,42326.0,32842.0,39443.333333333336,32496.084033613446,41676.3671064798,38684.843894193014,39851.0,
store_10,2015-05-25,2015-04-20,35550.0,32842.0,39443.333333333336,32409.605042016807,32771.13850616039,38684.843894193014,32771.0,
store_10,2015-06-01,2015-04-20,48375.0,32842.0,39443.333333333336,32323.126050420167,46995.61253084343,38684.843894193014,45157.0,
store_10,2015-06-08,2015-04-20,34310.0,32842.0,39443.333333333336,32236.647058823528,31573.275877022897,38684.843894193014,29955.0,
store_10,2015-06-15,2015-04-20,44493.0,32842.0,39443.333333333336,32150.168067226892,44076.74396862594,38684.843894193014,44066.0,
store_10,2015-05-25,2015-05-18,35550.0,42326.0,40430.333333333336,42319.439024390245,32632.338413366444,38766.34315854041,32771.0,
store_10,2015-06-01,2015-05-18,48375.0,42326.0,40430.333333333336,42312.87804878049,48084.73664376778,38766.34315854041,45157.0,
store_10,2015-06-08,2015-05-18,34310.0,42326.0,40430.333333333336,42306.31707317073,33562.19323361566,38766.34315854041,29955.0,
store_10,2015-06-15,2015-05-18,44493.0,42326.0,40430.333333333336,42299.756097560974,44663.28636739749,38766.34315854041,44066.0,
store_10,2015-06-22,2015-05-18,33625.0,42326.0,40430.333333333336,42293.19512195122,33766.02431391006,38766.34315854041,34683.0,
store_10,2015-06-29,2015-05-18,48849.0,42326.0,40430.333333333336,42286.634146341465,47575.158943031776,38766.34315854041,45864.0,
store_10,2015-07-06,2015-05-18,34122.0,42326.0,40430.333333333336,42280.07317073171,34552.22990933132,38766.34315854041,35790.0,
store_10,2015-07-13,2015-05-18,48072.0,42326.0,40430.333333333336,42273.51219512195,46439.52863853441,38766.34315854041,42255.0,
store_11,2015-02-02,2015-01-26,52899.0,51237.0,49188.916666666664,51291.97196261682,49738.6809615274,47963.00152882413,51312.0,
store_11,2015-02-09,2015-01-26,41481.0,51237.0,49188.916666666664,51346.943925233645,42260.11061510269,48038.12202175266,39508.0,
store_11,2015-02-16,2015-01-26,47036.0,51237.0,49188.916666666664,51401.91588785047,43148.393412822435,48113.24251468118,47742.0,
store_11,2015-02-23,2015-01-26,40567.0,51237.0,49188.916666666664,51456.88785046729,39591.53055995557,48188.36300760971,40885.0,
store_11,2015-03-02,2015-01-26,53090.0,51237.0,49188.916666666664,51511.85981308411,52531.32103840101,48263.483500538234,48617.0,
store_11,2015-03-09,2015-01-26,43288.0,51237.0,49188.916666666664,51566.831775700935,43271.96740884323,48338.603993466764,38788.0,
store_11,2015-03-16,2015-01-26,50914.0,51237.0,49188.916666666664,51621.80373831776,52827.253330584936,48413.72448639529,45608.0,
store_11,2015-03-23,2015-01-26,42915.0,51237.0,49188.916666666664,51676.77570093458,43229.945724748366,48488.84497932382,40849.0,
store_11,2015-03-02,2015-02-23,53090.0,40567.0,46360.75,40523.86486486487,53320.56309291107,47950.40759702497,48617.0,
store_11,2015-03-09,2015-02-23,43288.0,40567.0,46360.75,40480.72972972973,43665.069863649114,48020.846805462344,38788.0,
store_11,2015-03-16,2015-02-23,50914.0,40567.0,46360.75,40437.59459459459,53248.432811326784,48091.28601389972,45608.0,
store_11,2015-03-23,2015-02-23,42915.0,40567.0,46360.75,40394.45945945946,43367.60326683588,48161.725222337096,40849.0,
store_11,2015-03-30,2015-02-23,53823.0,40567.0,46360.75,40351.32432432433,47771.98356001293,48232.16443077447,51688.0,
store_11,2015-04-06,2015-02-23,35079.0,40567.0,46360.75,40308.18918918919,36316.966911064264,48302.60363921185,40363.0,
store_11,2015-04-13,2015-02-23,52304.0,40567.0,46360.75,40265.05405405405,52135.24126306636,48373.04284764923,51168.0,
store_11,2015-04-20,2015-02-23,39722.0,40567.0,46360.75,40221.91891891892,41765.26511249213,48443.48205608661,32643.0,
store_11,2015-03-30,2015-03-23,53823.0,42915.0,46378.166666666664,42893.782608695656,47245.754931957206,48058.44333185,51688.0,
store_11,2015-04-06,2015-03-23,35079.0,42915.0,46378.166666666664,42872.565217391304,35859.84640871453,48126.603710729876,40363.0,
store_11,2015-04-13,2015-03-23,52304.0,42915.0,46378.166666666664,42851.34782608696,52000.955794339876,48194.76408960975,51168.0,
store_11,2015-04-20,2015-03-23,39722.0,42915.0,46378.166666666664,42830.13043478261,41652.297373438014,48262.924468489626,32643.0,
store_11,2015-04-27,2015-03-23,47276.0,42915.0,46378.166666666664,42808.913043478264,47124.33647798429,48331.08484736949,47374.0,
store_11,2015-05-04,2015-03-23,54335.0,42915.0,46378.166666666664,42787.69565217391,54678.88827557233,48399.24522624937,53028.0,
store_11,2015-05-11,2015-03-23,39397.0,42915.0,46378.166666666664,42766.47826086957,38720.19565064862,48467.40560512924,39902.0,
store_11,2015-05-18,2015-03-23,53807.0,42915.0,46378.166666666664,42745.260869565216,52212.7699426651,48535.56598400912,47036.0,
store_11,2015-04-27,2015-04-20,47276.0,39722.0,46093.166666666664,39674.663865546216,46891.73113962386,48033.14321656221,47374.0,
store_11,2015-05-04,2015-04-20,54335.0,39722.0,46093.166666666664,39627.32773109244,54546.65374090702,48097.33061830278,53028.0,
store_11,2015-05-11,2015-04-20,39397.0,39722.0,46093.166666666664,39579.991596638654,38444.207221774304,48161.51802004335,39902.0,
store_11,2015-05-18,2015-04-20,53807.0,39722.0,46093.166666666664,39532.65546218488,52139.15612303193,48225.705421783925,47036.0,
store_11,2015-05-25,2015-04-20,36103.0,39722.0,46093.166666666664,39485.31932773109,35269.64974206156,48289.8928235245,37220.0,
store_11,2015-06-01,2015-04-20,46680.0,39722.0,46093.166666666664,39437.98319327731,46498.649561201586,48354.080225265076,54827.0,
store_11,2015-06-08,2015-04-20,42737.0,39722.0,46093.166666666664,39390.64705882353,41146.921184890314,48418.26762700565,33488.0,
store_11,2015-06-15,2015-04-20,52524.0,39722.0,46093.166666666664,39343.31092436975,50008.35427308007,48482.45502874622,42296.0,
store_11,2015-05-25,2015-05-18,36103.0,53807.0,47162.5,53875.71544715447,35763.05480199954,48289.17213210885,37220.0,
store_11,2015-06-01,2015-05-18,46680.0,53807.0,47162.5,53944.43089430894,46897.6488488133,48353.39566024715,54827.0,
store_11,2015-06-08,2015-05-18,42737.0,53807.0,47162.5,54013.14634146341,41366.91739895379,48417.619188385455,33488.0,
store_11,2015-06-15,2015-05-18,52524.0,53807.0,47162.5,54081.86178861788,50224.1077232184,48481.84271652376,42296.0,
store_11,2015-06-22,2015-05-18,40470.0,53807.0,47162.5,54150.577235772354,38605.02756526885,48546.06624466206,41160.0,
store_11,2015-06-29,2015-05-18,57177.0,53807.0,47162.5,54219.29268292683,51308.216822516944,48610.289772800366,52054.0,
store_11,2015-07-06,2015-05-18,43324.0,53807.0,47162.5,54288.0081300813,41643.28026082794,48674.51330093867,39535.0,
store_11,2015-07-13,2015-05-18,52864.0,53807.0,47162.5,54356.723577235774,50794.22516954712,48738.736829076974,50783.0,
store_12,2015-02-02,2015-01-26,44373.0,44789.0,41018.416666666664,44834.46728971963,44047.00946821393,40521.30726352386,44229.0,
store_12,2015-02-09,2015-01-26,34338.0,44789.0,41018.416666666664,44879.93457943925,35442.02554539981,40587.72708177264,32980.0,
store_12,2015-02-16,2015-01-26,43891.0,44789.0,41018.416666666664,44925.40186915888,42831.20415279256,40654.14690002141,41905.0,
store_12,2015-02-23,2015-01-26,38313.0,44789.0,41018.416666666664,44970.86915887851,36802.007034532915,40720.566718270195,34896.0,
store_12,2015-03-02,2015-01-26,47292.0,44789.0,41018.416666666664,45016.33644859813,50146.517590860516,40786.98653651897,47363.0,
store_12,2015-03-09,2015-01-26,35201.0,44789.0,41018.416666666664,45061.80373831776,34154.22335076171,40853.40635476775,30603.0,
store_12,2015-03-16,2015-01-26,45128.0,44789.0,41018.416666666664,45107.27102803739,45202.24900625434,40919.826173016525,41326.0,
store_12,2015-03-23,2015-01-26,32858.0,44789.0,41018.416666666664,45152.73831775701,33678.978333485255,40986.24599126531,33162.0,
store_12,2015-03-02,2015-02-23,47292.0,38313.0,39434.166666666664,38298.48648648649,48615.721251441995,40687.096755014696,47363.0,
store_12,2015-03-09,2015-02-23,35201.0,38313.0,39434.166666666664,38283.97297297297,36253.00695819732,40751.74529196855,30603.0,
store_12,2015-03-16,2015-02-23,45128.0,38313.0,39434.166666666664,38269.45945945946,45592.569809582885,40816.39382892242,41326.0,
store_12,2015-03-23,2015-02-23,32858.0,38313.0,39434.166666666664,38254.94594594595,32800.57957851532,40881.04236587628,33162.0,
store_12,2015-03-30,2015-02-23,45652.0,38313.0,39434.166666666664,38240.43243243243,42348.519930745664,40945.690902830145,43281.0,
store_12,2015-04-06,2015-02-23,27379.0,38313.0,39434.166666666664,38225.91891891892,27171.66337843977,41010.339439784,33856.0,
store_12,2015-04-13,2015-02-23,43709.0,38313.0,39434.166666666664,38211.40540540541,43521.044127928515,41074.987976737866,38762.0,
store_12,2015-04-20,2015-02-23,31494.0,38313.0,39434.166666666664,38196.89189189189,32589.24962742682,41139.63651369173,24295.0,
store_12,2015-03-30,2015-03-23,45652.0,32858.0,39944.5,32796.556521739134,41771.76633863305,40807.18569654684,43281.0,
store_12,2015-04-06,2015-03-23,27379.0,32858.0,39944.5,32735.11304347826,26566.411007652816,40869.77289655384,33856.0,
store_12,2015-04-13,2015-03-23,43709.0,32858.0,39944.5,32673.66956521739,43123.89627581119,40932.36009656084,38762.0,
store_12,2015-04-20,2015-03-23,31494.0,32858.0,39944.5,32612.22608695652,32222.955475848226,40994.94729656785,24295.0,
store_12,2015-04-27,2015-03-23,44464.0,32858.0,39944.5,32550.782608695652,43275.7572121853,41057.53449657485,44063.0,
store_12,2015-05-04,2015-03-23,46517.0,32858.0,39944.5,32489.339130434782,45880.6561439908,41120.12169658185,45318.0,
store_12,2015-05-11,2015-03-23,31351.0,32858.0,39944.5,32427.895652173913,31584.86767806561,41182.708896588854,31195.0,
store_12,2015-05-18,2015-03-23,45703.0,32858.0,39944.5,32366.452173913043,42914.3180402186,41245.296096595855,40320.0,
store_12,2015-04-27,2015-04-20,44464.0,31494.0,39135.666666666664,31423.159663865546,43530.20270317568,40688.37379582739,44063.0,
store_12,2015-05-04,2015-04-20,46517.0,31494.0,39135.666666666664,31352.319327731093,46154.09866306368,40746.45218311283,45318.0,
store_12,2015-05-11,2015-04-20,31351.0,31494.0,39135.666666666664,31281.47899159664,31766.98702954883,40804.53057039826,31195.0,
store_12,2015-05-18,2015-04-20,45703.0,31494.0,39135.666666666664,31210.638655462186,43209.505908883926,40862.60895768369,40320.0,
store_12,2015-05-25,2015-04-20,34178.0,31494.0,39135.666666666664,31139.798319327732,33407.58954059496,40920.68734496913,35113.0,
store_12,2015-06-01,2015-04-20,42052.0,31494.0,39135.666666666664,31068.95798319328,42217.93854098689,40978.76573225456,47027.0,
store_12,2015-06-08,2015-04-20,36442.0,31494.0,39135.666666666664,30998.117647058825,34310.86688198629,41036.84411953999,28906.0,
store_12,2015-06-15,2015-04-20,48944.0,31494.0,39135.666666666664,30927.277310924368,46666.20175074711,41094.92250682542,39027.0,
store_12,2015-05-25,2015-05-18,34178.0,45703.0,39729.0,45749.9837398374,33752.914694856096,40997.810379607705,35113.0,
store_12,2015-06-01,2015-05-18,42052.0,45703.0,39729.0,45796.96747967479,42612.79838551089,41056.78858242877,47027.0,
store_12,2015-06-08,2015-05-18,36442.0,45703.0,39729.0,45843.95121951219,34700.1619816734,41115.766785249834,28906.0,
store_12,2015-06-15,2015-05-18,48944.0,45703.0,39729.0,45890.93495934959,47127.333885033775,41174.7449880709,39027.0,
store_12,2015-06-22,2015-05-18,35200.0,45703.0,39729.0,45937.918699186994,34507.80139674079,41233.723190891964,33776.0,
store_12,2015-06-29,2015-05-18,49214.0,45703.0,39729.0,45984.90243902439,48068.10357197902,41292.70139371303,47910.0,
store_12,2015-07-06,2015-05-18,32244.0,45703.0,39729.0,46031.88617886179,33108.18396700568,41351.67959653409,30573.0,
store_12,2015-07-13,2015-05-18,44226.0,45703.0,39729.0,46078.86991869919,41624.02397673593,41410.657799355155,42009.0,
store_13,2015-02-02,2015-01-26,40285.0,39287.0,33660.166666666664,39277.97196261682,39704.41949073014,31328.12623883219,43173.0,
store_13,2015-02-09,2015-01-26,23653.0,39287.0,33660.166666666664,39268.943925233645,26648.837257191142,31328.12623883219,24121.0,
store_13,2015-02-16,2015-01-26,37808.0,39287.0,33660.166666666664,39259.91588785047,39325.73564678023,31328.12623883219,39037.0,
store_13,2015-02-23,2015-01-26,23978.0,39287.0,33660.166666666664,39250.88785046729,25869.75338427007,31328.12623883219,22620.0,
store_13,2015-03-02,2015-01-26,42647.0,39287.0,33660.166666666664,39241.85981308411,40487.05191425787,31328.12623883219,40642.0,
store_13,2015-03-09,2015-01-26,24017.0,39287.0,33660.166666666664,39232.831775700935,26122.469586005453,31328.12623883219,21260.0,
store_13,2015-03-16,2015-01-26,40500.0,39287.0,33660.166666666664,39223.80373831776,40970.768132707395,31328.12623883219,36874.0,
store_13,2015-03-23,2015-01-26,26258.0,39287.0,33660.166666666664,39214.77570093458,27391.58586128303,31328.12623883219,23245.0,
store_13,2015-03-02,2015-02-23,42647.0,23978.0,32275.666666666668,23831.37837837838,39260.24174809691,31326.00957211494,40642.0,
store_13,2015-03-09,2015-02-23,24017.0,23978.0,32275.666666666668,23684.756756756757,24891.543600716883,31326.00957211494,21260.0,
store_13,2015-03-16,2015-02-23,40500.0,23978.0,32275.666666666668,23538.135135135137,39674.380932678345,31326.00957211494,36874.0,
store_13,2015-03-23,2015-02-23,26258.0,23978.0,32275.666666666668,23391.513513513513,26060.007728643075,31326.00957211494,23245.0,
store_13,2015-03-30,2015-02-23,42892.0,23978.0,32275.666666666668,23244.891891891893,43226.774125771335,31326.00957211494,42412.0,
store_13,2015-04-06,2015-02-23,24219.0,23978.0,32275.666666666668,23098.27027027027,21403.57065592547,31326.00957211494,24378.0,
store_13,2015-04-13,2015-02-23,39199.0,23978.0,32275.666666666668,22951.64864864865,37307.87130649872,31326.00957211494,37937.0,
store_13,2015-04-20,2015-02-23,24885.0,23978.0,32275.666666666668,22805.027027027027,23678.707417299825,31326.00957211494,20035.0,
store_13,2015-03-30,2015-03-23,42892.0,26258.0,32495.666666666668,26136.304347826088,43394.17383756226,31394.643605566125,42412.0,
store_13,2015-04-06,2015-03-23,24219.0,26258.0,32495.666666666668,26014.608695652172,21397.45324755335,31394.643605566125,24378.0,
store_13,2015-04-13,2015-03-23,39199.0,26258.0,32495.666666666668,25892.91304347826,37802.0375340684,31394.643605566125,37937.0,
store_13,2015-04-20,2015-03-23,24885.0,26258.0,32495.666666666668,25771.217391304348,24099.582286867968,31394.643605566125,20035.0,
store_13,2015-04-27,2015-03-23,38103.0,26258.0,32495.666666666668,25649.521739130436,36504.79843669705,31394.643605566125,39416.0,
store_13,2015-05-04,2015-03-23,38626.0,26258.0,32495.666666666668,25527.82608695652,36694.139275281705,31394.643605566125,38424.0,
store_13,2015-05-11,2015-03-23,23345.0,26258.0,32495.666666666668,25406.130434782608,21439.927763150816,31394.643605566125,23552.0,
store_13,2015-05-18,2015-03-23,38386.0,26258.0,32495.666666666668,25284.434782608696,38086.49789781093,31394.643605566125,36662.0,
store_13,2015-04-27,2015-04-20,38103.0,24885.0,32528.416666666668,24755.85714285714,36968.159512238635,31453.730225740623,39416.0,
store_13,2015-05-04,2015-04-20,38626.0,24885.0,32528.416666666668,24626.714285714286,37282.07395328073,31453.730225740623,38424.0,
store_13,2015-05-11,2015-04-20,23345.0,24885.0,32528.416666666668,24497.571428571428,21909.585807413925,31453.730225740623,23552.0,
store_13,2015-05-18,2015-04-20,38386.0,24885.0,32528.416666666668,24368.428571428572,38628.35820617287,31453.730225740623,36662.0,
store_13,2015-05-25,2015-04-20,24462.0,24885.0,32528.416666666668,24239.285714285714,21923.15120177091,31453.730225740623,25810.0,
store_13,2015-06-01,2015-04-20,35234.0,24885.0,32528.416666666668,24110.14285714286,33532.54857438083,31453.730225740623,39793.0,
store_13,2015-06-08,2015-04-20,25890.0,24885.0,32528.416666666668,23981.0,23439.49892848763,31453.730225740623,20426.0,
store_13,2015-06-15,2015-04-20,40599.0,24885.0,32528.416666666668,23851.85714285714,38671.78673045971,31453.730225740623,35191.0,
store_13,2015-05-25,2015-05-18,24462.0,38386.0,33589.75,38370.82113821138,22155.663982650836,31550.002451152028,25810.0,
store_13,2015-06-01,2015-05-18,35234.0,38386.0,33589.75,38355.64227642276,33928.42347817769,31550.002451152028,39793.0,
store_13,2015-06-08,2015-05-18,25890.0,38386.0,33589.75,38340.46341463415,23683.289924355475,31550.002451152028,20426.0,
store_13,2015-06-15,2015-05-18,40599.0,38386.0,33589.75,38325.28455284553,39052.99561098628,31550.002451152028,35191.0,
store_13,2015-06-22,2015-05-18,25963.0,38386.0,33589.75,38310.10569105691,24450.968863605052,31550.002451152028,26491.0,
store_13,2015-06-29,2015-05-18,43134.0,38386.0,33589.75,38294.92682926829,38409.23273509779,31550.002451152028,41140.0,
store_13,2015-07-06,2015-05-18,26070.0,38386.0,33589.75,38279.74796747968,25086.325132685433,31550.002451152028,25576.0,
store_13,2015-07-13,2015-05-18,41746.0,38386.0,33589.75,38264.56910569106,37177.36910290178,31550.002451152028,37705.0,
store_14,2015-02-02,2015-01-26,36308.0,35480.0,34152.833333333336,35450.96261682243,36197.49628149302,31919.713553842696,39049.0,
store_14,2015-02-09,2015-01-26,26159.0,35480.0,34152.833333333336,35421.92523364486,29127.077103420437,31919.713553842696,27063.0,
store_14,2015-02-16,2015-01-26,35484.0,35480.0,34152.833333333336,35392.88785046729,35171.6121012065,31919.713553842696,36466.0,
store_14,2015-02-23,2015-01-26,26485.0,35480.0,34152.833333333336,35363.85046728972,26428.39287172121,31919.713553842696,26582.0,
store_14,2015-03-02,2015-01-26,36700.0,35480.0,34152.833333333336,35334.81308411215,37372.01818751996,31919.713553842696,39594.0,
store_14,2015-03-09,2015-01-26,25284.0,35480.0,34152.833333333336,35305.77570093458,25587.13708178795,31919.713553842696,25637.0,
store_14,2015-03-16,2015-01-26,37329.0,35480.0,34152.833333333336,35276.73831775701,36836.48760804524,31919.713553842696,38175.0,
store_14,2015-03-23,2015-01-26,26197.0,35480.0,34152.833333333336,35247.700934579436,26162.658852919114,31919.713553842696,23202.0,
store_14,2015-03-02,2015-02-23,36700.0,26485.0,32642.916666666668,26375.972972972973,37179.21729887233,31881.801266235383,39594.0,
store_14,2015-03-09,2015-02-23,25284.0,26485.0,32642.916666666668,26266.945945945947,25354.605499809742,31881.801266235383,25637.0,
store_14,2015-03-16,2015-02-23,37329.0,26485.0,32642.916666666668,26157.91891891892,36694.57855269594,31881.801266235383,38175.0,
store_14,2015-03-23,2015-02-23,26197.0,26485.0,32642.916666666668,26048.891891891893,25963.908504341332,31881.801266235383,23202.0,
store_14,2015-03-30,2015-02-23,42762.0,26485.0,32642.916666666668,25939.864864864863,40886.823661368406,31881.801266235383,38258.0,
store_14,2015-04-06,2015-02-23,22129.0,26485.0,32642.916666666668,25830.837837837837,21319.60436030102,31881.801266235383,26957.0,
store_14,2015-04-13,2015-02-23,38748.0,26485.0,32642.916666666668,25721.81081081081,37800.53518808426,31881.801266235383,38337.0,
store_14,2015-04-20,2015-02-23,25121.0,26485.0,32642.916666666668,25612.783783783783,24787.470890657944,31881.801266235383,22759.0,
store_14,2015-03-30,2015-03-23,42762.0,26197.0,31743.666666666668,26089.260869565216,41014.945450470994,31875.577557418634,38258.0,
store_14,2015-04-06,2015-03-23,22129.0,26197.0,31743.666666666668,25981.521739130436,21429.764685006754,31875.577557418634,26957.0,
store_14,2015-04-13,2015-03-23,38748.0,26197.0,31743.666666666668,25873.782608695652,37874.31316411145,31875.577557418634,38337.0,
store_14,2015-04-20,2015-03-23,25121.0,26197.0,31743.666666666668,25766.043478260868,24841.169099019815,31875.577557418634,22759.0,
store_14,2015-04-27,2015-03-23,35378.0,26197.0,31743.666666666668,25658.304347826088,34348.16109039074,31875.577557418634,34514.0,
store_14,2015-05-04,2015-03-23,39645.0,26197.0,31743.666666666668,25550.565217391304,39584.221902312944,31875.577557418634,39986.0,
store_14,2015-05-11,2015-03-23,23952.0,26197.0,31743.666666666668,25442.82608695652,24161.828786965776,31875.577557418634,23226.0,
store_14,2015-05-18,2015-03-23,37315.0,26197.0,31743.666666666668,25335.08695652174,36777.69778078641,31875.577557418634,34099.0,
store_14,2015-04-27,2015-04-20,35378.0,25121.0,31558.833333333332,25007.840336134454,34686.27778866302,31881.72263888221,34514.0,
store_14,2015-05-04,2015-04-20,39645.0,25121.0,31558.833333333332,24894.680672268907,39863.479961501274,31881.72263888221,39986.0,
store_14,2015-05-11,2015-04-20,23952.0,25121.0,31558.833333333332,24781.52100840336,24400.15878903183,31881.72263888221,23226.0,
store_14,2015-05-18,2015-04-20,37315.0,25121.0,31558.833333333332,24668.361344537814,36982.99105753822,31881.72263888221,34099.0,
store_14,2015-05-25,2015-04-20,25378.0,25121.0,31558.833333333332,24555.201680672268,24470.66994574894,31881.72263888221,24339.0,
store_14,2015-06-01,2015-04-20,35827.0,25121.0,31558.833333333332,24442.04201680672,34804.79606221146,31881.72263888221,38077.0,
store_14,2015-06-08,2015-04-20,26980.0,25121.0,31558.833333333332,24328.882352941175,27081.15973987213,31881.72263888221,24039.0,
store_14,2015-06-15,2015-04-20,39935.0,25121.0,31558.833333333332,24215.722689075632,38976.71852060992,31881.72263888221,36088.0,
store_14,2015-05-25,2015-05-18,25378.0,37315.0,32546.666666666668,37304.65853658537,24492.921155175667,31960.910237555956,24339.0,
store_14,2015-06-01,2015-05-18,35827.0,37315.0,32546.666666666668,37294.31707317073,34831.54276083208,31960.910237555956,38077.0,
store_14,2015-06-08,2015-05-18,26980.0,37315.0,32546.666666666668,37283.9756097561,27096.7280489678,31960.910237555956,24039.0,
store_14,2015-06-15,2015-05-18,39935.0,37315.0,32546.666666666668,37273.634146341465,38999.197653897085,31960.910237555956,36088.0,
store_14,2015-06-22,2015-05-18,24475.0,37315.0,32546.666666666668,37263.29268292683,24207.448107105723,31960.910237555956,25090.0,
store_14,2015-06-29,2015-05-18,41285.0,37315.0,32546.666666666668,37252.95121951219,37655.97952280027,31960.910237555956,39347.0,
store_14,2015-07-06,2015-05-18,27656.0,37315.0,32546.666666666668,37242.60975609756,27997.409234844417,31960.910237555956,26163.0,
store_14,2015-07-13,2015-05-18,37624.0,37315.0,32546.666666666668,37232.26829268293,37046.13852941776,31960.910237555956,37116.0,
store_15,2015-02-02,2015-01-26,64075.0,64020.0,60233.0,64050.7570093458,67716.41712233907,53569.24994595139,66831.0,
store_15,2015-02-09,2015-01-26,49653.0,64020.0,60233.0,64081.51401869159,52241.640037145015,53569.24994595139,47174.0,
store_15,2015-02-16,2015-01-26,62092.0,64020.0,60233.0,64112.27102803739,62612.54716879137,53569.24994595139,58010.0,
store_15,2015-02-23,2015-01-26,48896.0,64020.0,60233.0,64143.02803738318,50664.854789353165,53569.24994595139,45417.0,
store_15,2015-03-02,2015-01-26,66390.0,64020.0,60233.0,64173.785046728975,69313.88447190663,53569.24994595139,61955.0,
store_15,2015-03-09,2015-01-26,50820.0,64020.0,60233.0,64204.542056074766,53151.32383394796,53569.24994595139,42346.0,
store_15,2015-03-16,2015-01-26,64245.0,64020.0,60233.0,64235.299065420564,66918.3838069921,53569.24994595139,54174.0,
store_15,2015-03-23,2015-01-26,49961.0,64020.0,60233.0,64266.056074766355,51559.37718954276,53569.24994595139,44272.0,
store_15,2015-03-02,2015-02-23,66390.0,48896.0,58388.416666666664,48789.3963963964,67581.38194931726,53666.27455246448,61955.0,
store_15,2015-03-09,2015-02-23,50820.0,48896.0,58388.416666666664,48682.792792792796,51652.23677924134,53666.27455246448,42346.0,
store_15,2015-03-16,2015-02-23,64245.0,48896.0,58388.416666666664,48576.18918918919,65464.46959982715,53666.27455246448,54174.0,
store_15,2015-03-23,2015-02-23,49961.0,48896.0,58388.416666666664,48469.585585585584,50067.485539177505,53666.27455246448,44272.0,
store_15,2015-03-30,2015-02-23,73825.0,48896.0,58388.416666666664,48362.98198198198,68102.05849610039,53666.27455246448,64347.0,
store_15,2015-04-06,2015-02-23,41585.0,48896.0,58388.416666666664,48256.37837837838,44177.60347701199,53666.27455246448,43516.0,
store_15,2015-04-13,2015-02-23,65132.0,48896.0,58388.416666666664,48149.77477477478,65796.5127167929,53666.27455246448,58073.0,
store_15,2015-04-20,2015-02-23,46017.0,48896.0,58388.416666666664,48043.17117117117,47018.72601067372,53666.27455246448,34899.0,
store_15,2015-03-30,2015-03-23,73825.0,49961.0,57128.75,49867.36521739131,67943.91192825808,53816.2801556313,64347.0,
store_15,2015-04-06,2015-03-23,41585.0,49961.0,57128.75,49773.73043478261,43974.19725705701,53816.2801556313,43516.0,
store_15,2015-04-13,2015-03-23,65132.0,49961.0,57128.75,49680.09565217391,65603.91824240593,53816.2801556313,58073.0,
store_15,2015-04-20,2015-03-23,46017.0,49961.0,57128.75,49586.46086956522,46834.01285504078,53816.2801556313,34899.0,
store_15,2015-04-27,2015-03-23,64397.0,49961.0,57128.75,49492.82608695652,63120.72191765928,53816.2801556313,58899.0,
store_15,2015-05-04,2015-03-23,68947.0,49961.0,57128.75,49399.19130434783,70428.17633034609,53816.2801556313,58531.0,
store_15,2015-05-11,2015-03-23,45889.0,49961.0,57128.75,49305.55652173913,46378.22690922988,53816.2801556313,42059.0,
store_15,2015-05-18,2015-03-23,64600.0,49961.0,57128.75,49211.921739130434,64516.54933681362,53816.2801556313,53191.0,
store_15,2015-04-27,2015-04-20,64397.0,46017.0,56890.916666666664,45893.36974789916,62729.07836212078,57257.971172742735,58899.0,
store_15,2015-05-04,2015-04-20,68947.0,46017.0,56890.916666666664,45769.73949579832,70238.82045499806,57313.88631687033,58531.0,
store_15,2015-05-11,2015-04-20,45889.0,46017.0,56890.916666666664,45646.10924369748,45930.1621604673,57369.80146099794,42059.0,
store_15,2015-05-18,2015-04-20,64600.0,46017.0,56890.916666666664,45522.47899159664,64277.30896874712,57425.71660512554,53191.0,
store_15,2015-05-25,2015-04-20,46705.0,46017.0,56890.916666666664,45398.8487394958,43997.244199647044,57481.631749253145,41143.0,
store_15,2015-06-01,2015-04-20,65367.0,46017.0,56890.916666666664,45275.21848739496,63280.75526244371,57537.54689338074,62056.0,
store_15,2015-06-08,2015-04-20,50879.0,46017.0,56890.916666666664,45151.58823529412,49154.600313952105,57593.46203750835,38952.0,
store_15,2015-06-15,2015-04-20,67110.0,46017.0,56890.916666666664,45027.95798319328,63908.555680937774,57649.37718163595,53836.0,
store_15,2015-05-25,2015-05-18,46705.0,64600.0,58484.0,64631.471544715445,44379.88283070273,57781.74111253834,41143.0,
store_15,2015-06-01,2015-05-18,65367.0,64600.0,58484.0,64662.9430894309,63676.72969091634,57841.410349126374,62056.0,
store_15,2015-06-08,2015-05-18,50879.0,64600.0,58484.0,64694.41463414634,49427.40823113904,57901.07958571441,38952.0,
store_15,2015-06-15,2015-05-18,67110.0,64600.0,58484.0,64725.88617886179,64166.843653433054,57960.748822302456,53836.0,
store_15,2015-06-22,2015-05-18,49397.0,64600.0,58484.0,64757.35772357724,47290.05594157256,58020.41805889049,45643.0,
store_15,2015-06-29,2015-05-18,71508.0,64600.0,58484.0,64788.829268292684,63283.53084943586,58080.08729547853,71537.0,
store_15,2015-07-06,2015-05-18,50093.0,64600.0,58484.0,64820.30081300813,46868.10868062635,58139.75653206657,44970.0,
store_15,2015-07-13,2015-05-18,65151.0,64600.0,58484.0,64851.772357723574,59316.899918095674,58199.425768654604,56231.0,
store_16,2015-02-02,2015-01-26,71638.0,73455.0,65283.833333333336,73463.44859813084,73945.95311634816,64039.111062865704,0.0,
store_16,2015-02-09,2015-01-26,56710.0,73455.0,65283.833333333336,73471.89719626168,55934.534808867385,64039.111062865704,39453.0,
store_16,2015-02-16,2015-01-26,55487.0,73455.0,65283.833333333336,73480.34579439252,53730.81398559404,64039.111062865704,98128.0,
store_16,2015-02-23,2015-01-26,62481.0,73455.0,65283.833333333336,73488.79439252337,60718.41175613324,64039.111062865704,59149.0,
store_16,2015-03-02,2015-01-26,73503.0,73455.0,65283.833333333336,73497.24299065421,73718.73685012129,64039.111062865704,58905.0,
store_16,2015-03-09,2015-01-26,56724.0,73455.0,65283.833333333336,73505.69158878505,56650.81942831891,64039.111062865704,55480.0,
store_16,2015-03-16,2015-01-26,67822.0,73455.0,65283.833333333336,73514.14018691589,68465.66199197138,64039.111062865704,62001.0,
store_16,2015-03-23,2015-01-26,56370.0,73455.0,65283.833333333336,73522.58878504673,54576.82722694536,64039.111062865704,51464.0,
store_16,2015-03-02,2015-02-23,73503.0,62481.0,62858.833333333336,62390.27927927928,74709.70224012675,62879.73374239493,58905.0,
store_16,2015-03-09,2015-02-23,56724.0,62481.0,62858.833333333336,62299.55855855856,57535.50932874289,62879.73374239493,55480.0,
store_16,2015-03-16,2015-02-23,67822.0,62481.0,62858.833333333336,62208.83783783784,69337.39502839957,62879.73374239493,62001.0,
store_16,2015-03-23,2015-02-23,56370.0,62481.0,62858.833333333336,62118.117117117115,55176.66365585664,62879.73374239493,51464.0,
store_16,2015-03-30,2015-02-23,74327.0,62481.0,62858.833333333336,62027.3963963964,70387.45687084919,62879.73374239493,75019.0,
store_16,2015-04-06,2015-02-23,49141.0,62481.0,62858.833333333336,61936.67567567567,47699.72584113969,62879.73374239493,55657.0,
store_16,2015-04-13,2015-02-23,67989.0,62481.0,62858.833333333336,61845.954954954956,68655.51795128192,62879.73374239493,63349.0,
store_16,2015-04-20,2015-02-23,54385.0,62481.0,62858.833333333336,61755.23423423423,53202.84413303802,62879.73374239493,42805.0,
store_16,2015-03-30,2015-03-23,74327.0,56370.0,63407.25,56229.29565217391,70614.06086818765,62937.2012488226,75019.0,
store_16,2015-04-06,2015-03-23,49141.0,56370.0,63407.25,56088.59130434783,47973.351296220055,62937.2012488226,55657.0,
store_16,2015-04-13,2015-03-23,67989.0,56370.0,63407.25,55947.88695652174,68723.71277819121,62937.2012488226,63349.0,
store_16,2015-04-20,2015-03-23,54385.0,56370.0,63407.25,55807.18260869565,53276.10268622697,62937.2012488226,42805.0,
store_16,2015-04-27,2015-03-23,68884.0,56370.0,63407.25,55666.47826086957,68436.08194735156,62937.2012488226,67579.0,
store_16,2015-05-04,2015-03-23,74472.0,56370.0,63407.25,55525.77391304348,74312.72028674996,62937.2012488226,72007.0,
store_16,2015-05-11,2015-03-23,54248.0,56370.0,63407.25,55385.06956521739,52343.42573393447,62937.2012488226,55738.0,
store_16,2015-05-18,2015-03-23,68786.0,56370.0,63407.25,55244.36521739131,67830.94925607424,62937.2012488226,61189.0,
store_16,2015-04-27,2015-04-20,68884.0,54385.0,62214.75,54232.34453781512,69842.47198191118,62241.75496772679,67579.0,
store_16,2015-05-04,2015-04-20,74472.0,54385.0,62214.75,54079.68907563025,74973.51047277125,62241.75496772679,72007.0,
store_16,2015-05-11,2015-04-20,54248.0,54385.0,62214.75,53927.033613445376,53702.186131969574,62241.75496772679,55738.0,
store_16,2015-05-18,2015-04-20,68786.0,54385.0,62214.75,53774.378151260506,68532.62994578102,62241.75496772679,61189.0,
store_16,2015-05-25,2015-04-20,55348.0,54385.0,62214.75,53621.72268907563,52737.002874503385,62241.75496772679,57008.0,
store_16,2015-06-01,2015-04-20,65782.0,54385.0,62214.75,53469.06722689076,65889.06082618407,62241.75496772679,74366.0,
store_16,2015-06-08,2015-04-20,56810.0,54385.0,62214.75,53316.41176470588,56216.64828597905,62241.75496772679,50661.0,
store_16,2015-06-15,2015-04-20,68918.0,54385.0,62214.75,53163.75630252101,66181.41468475574,62241.75496772679,59838.0,
store_16,2015-05-25,2015-05-18,55348.0,68786.0,63887.583333333336,68755.39024390244,52491.58245766688,63656.99379707536,57008.0,
store_16,2015-06-01,2015-05-18,65782.0,68786.0,63887.583333333336,68724.78048780488,65886.03309386349,63656.99379707536,74366.0,
store_16,2015-06-08,2015-05-18,56810.0,68786.0,63887.583333333336,68694.17073170732,56720.63071510201,63656.99379707536,50661.0,
store_16,2015-06-15,2015-05-18,68918.0,68786.0,63887.583333333336,68663.56097560975,66620.0056897671,63656.99379707536,59838.0,
store_16,2015-06-22,2015-05-18,57526.0,68786.0,63887.583333333336,68632.9512195122,54837.72126708596,63656.99379707536,54039.0,
store_16,2015-06-29,2015-05-18,75120.0,68786.0,63887.583333333336,68602.34146341463,69871.26110883441,63656.99379707536,80368.0,
store_16,2015-07-06,2015-05-18,57999.0,68786.0,63887.583333333336,68571.73170731707,54731.7138352702,63656.99379707536,56685.0,
store_16,2015-07-13,2015-05-18,65600.0,68786.0,63887.583333333336,68541.12195121951,61147.41318367875,63656.99379707536,63919.0,
store_17,2015-02-02,2015-01-26,69276.0,62935.0,59381.166666666664,62896.48598130841,69432.33347414731,54488.50492600763,68760.0,
store_17,2015-02-09,2015-01-26,42914.0,62935.0,59381.166666666664,62857.97196261682,44095.12687384526,54488.50492600763,44349.0,
store_17,2015-02-16,2015-01-26,63157.0,62935.0,59381.166666666664,62819.457943925234,62773.673948883545,54488.50492600763,60808.0,
store_17,2015-02-23,2015-01-26,45981.0,62935.0,59381.166666666664,62780.943925233645,45273.81401144821,54488.50492600763,43832.0,
store_17,2015-03-02,2015-01-26,67027.0,62935.0,59381.166666666664,62742.42990654206,66152.57707667866,54488.50492600763,67469.0,
store_17,2015-03-09,2015-01-26,44062.0,62935.0,59381.166666666664,62703.91588785047,43713.456753097635,54488.50492600763,42245.0,
store_17,2015-03-16,2015-01-26,63364.0,62935.0,59381.166666666664,62665.40186915888,66029.09556702503,54488.50492600763,60653.0,
store_17,2015-03-23,2015-01-26,46102.0,62935.0,59381.166666666664,62626.88785046729,45195.234868941334,54488.50492600763,44260.0,
store_17,2015-03-02,2015-02-23,67027.0,45981.0,56727.333333333336,45791.13513513513,66268.2413753936,54537.64581642279,67469.0,
store_17,2015-03-09,2015-02-23,44062.0,45981.0,56727.333333333336,45601.27027027027,43693.679211235554,54537.64581642279,42245.0,
store_17,2015-03-16,2015-02-23,63364.0,45981.0,56727.333333333336,45411.40540540541,66019.80791100688,54537.64581642279,60653.0,
store_17,2015-03-23,2015-02-23,46102.0,45981.0,56727.333333333336,45221.54054054054,45186.2949957296,54537.64581642279,44260.0,
store_17,2015-03-30,2015-02-23,71257.0,45981.0,56727.333333333336,45031.67567567567,64148.14222507228,54537.64581642279,68602.0,
store_17,2015-04-06,2015-02-23,41812.0,45981.0,56727.333333333336,44841.81081081081,41414.93649316623,54537.64581642279,44578.0,
store_17,2015-04-13,2015-02-23,68699.0,45981.0,56727.333333333336,44651.94594594595,66879.19275662467,54537.64581642279,64750.0,
store_17,2015-04-20,2015-02-23,42500.0,45981.0,56727.333333333336,44462.08108108108,43603.21764853894,54537.64581642279,34084.0,
store_17,2015-03-30,2015-03-23,71257.0,46102.0,55669.666666666664,45919.791304347826,64469.81859273877,54557.770108692894,68602.0,
store_17,2015-04-06,2015-03-23,41812.0,46102.0,55669.666666666664,45737.58260869565,41508.60447444416,54557.770108692894,44578.0,
store_17,2015-04-13,2015-03-23,68699.0,46102.0,55669.666666666664,45555.37391304348,66817.14344011516,54557.770108692894,64750.0,
store_17,2015-04-20,2015-03-23,42500.0,46102.0,55669.666666666664,45373.1652173913,43616.32965458233,54557.770108692894,34084.0,
store_17,2015-04-27,2015-03-23,64587.0,46102.0,55669.666666666664,45190.95652173913,63203.319435971396,54557.770108692894,64048.0,
store_17,2015-05-04,2015-03-23,69677.0,46102.0,55669.666666666664,45008.747826086954,67891.39820493462,54557.770108692894,66596.0,
store_17,2015-05-11,2015-03-23,42194.0,46102.0,55669.666666666664,44826.53913043478,42987.80310214738,54557.770108692894,40995.0,
store_17,2015-05-18,2015-03-23,63149.0,46102.0,55669.666666666664,44644.330434782605,63209.90901930035,54557.770108692894,56300.0,
store_17,2015-04-27,2015-04-20,64587.0,42500.0,55512.583333333336,42293.64705882353,63191.01781392052,54608.941782001704,64048.0,
store_17,2015-05-04,2015-04-20,69677.0,42500.0,55512.583333333336,42087.294117647056,68537.73056999703,54608.941782001704,66596.0,
store_17,2015-05-11,2015-04-20,42194.0,42500.0,55512.583333333336,41880.94117647059,43228.48544933551,54608.941782001704,40995.0,
store_17,2015-05-18,2015-04-20,63149.0,42500.0,55512.583333333336,41674.58823529412,63899.62532948649,54608.941782001704,56300.0,
store_17,2015-05-25,2015-04-20,43490.0,42500.0,55512.583333333336,41468.23529411765,43113.51981495878,54608.941782001704,41936.0,
store_17,2015-06-01,2015-04-20,65898.0,42500.0,55512.583333333336,41261.882352941175,63018.95815374919,54608.941782001704,69989.0,
store_17,2015-06-08,2015-04-20,48189.0,42500.0,55512.583333333336,41055.529411764706,48175.802839344426,54608.941782001704,40070.0,
store_17,2015-06-15,2015-04-20,69577.0,42500.0,55512.583333333336,40849.17647058824,66278.1645218612,54608.941782001704,60638.0,
store_17,2015-05-25,2015-05-18,43490.0,63149.0,57035.833333333336,63117.23577235772,43226.264223920094,54770.35834006516,41936.0,
store_17,2015-06-01,2015-05-18,65898.0,63149.0,57035.833333333336,63085.471544715445,63276.14944839997,54770.35834006516,69989.0,
store_17,2015-06-08,2015-05-18,48189.0,63149.0,57035.833333333336,63053.70731707317,48193.09690353845,54770.35834006516,40070.0,
store_17,2015-06-15,2015-05-18,69577.0,63149.0,57035.833333333336,63021.9430894309,66316.51561108272,54770.35834006516,60638.0,
store_17,2015-06-22,2015-05-18,46558.0,63149.0,57035.833333333336,62990.17886178862,44287.57168985707,54770.35834006516,46033.0,
store_17,2015-06-29,2015-05-18,74788.0,63149.0,57035.833333333336,62958.41463414634,65540.78148768561,54770.35834006516,78019.0,
store_17,2015-07-06,2015-05-18,49688.0,63149.0,57035.833333333336,62926.650406504064,46951.273778729155,54770.35834006516,47100.0,
store_17,2015-07-13,2015-05-18,63333.0,63149.0,57035.833333333336,62894.88617886179,60545.53390972091,54770.35834006516,62023.0,
store_18,2015-02-02,2015-01-26,54359.0,55006.0,49688.25,55118.943925233645,54006.43332758422,48428.49217745046,52664.0,
store_18,2015-02-09,2015-01-26,39243.0,55006.0,49688.25,55231.88785046729,39357.1927831292,48560.50769152484,35637.0,
store_18,2015-02-16,2015-01-26,54335.0,55006.0,49688.25,55344.831775700935,53820.31204746506,48692.52320559923,48075.0,
store_18,2015-02-23,2015-01-26,40769.0,55006.0,49688.25,55457.77570093458,40619.987335304555,48824.53871967361,35367.0,
store_18,2015-03-02,2015-01-26,57607.0,55006.0,49688.25,55570.719626168226,57344.18898117238,48956.554233748,51942.0,
store_18,2015-03-09,2015-01-26,42579.0,55006.0,49688.25,55683.66355140187,40910.926174876484,49088.56974782239,33019.0,
store_18,2015-03-16,2015-01-26,57695.0,55006.0,49688.25,55796.607476635516,55558.813161397324,49220.58526189677,48124.0,
store_18,2015-03-23,2015-01-26,40654.0,55006.0,49688.25,55909.55140186916,40434.23307805485,49352.60077597116,35210.0,
store_18,2015-03-02,2015-02-23,57607.0,40769.0,47962.333333333336,40749.61261261261,57599.129304076894,48720.07678058273,51942.0,
store_18,2015-03-09,2015-02-23,42579.0,40769.0,47962.333333333336,40730.22522522522,41155.52755091479,48848.07461869853,33019.0,
store_18,2015-03-16,2015-02-23,57695.0,40769.0,47962.333333333336,40710.83783783784,55882.841589672025,48976.072456814334,48124.0,
store_18,2015-03-23,2015-02-23,40654.0,40769.0,47962.333333333336,40691.45045045045,40611.53626206471,49104.070294930134,35210.0,
store_18,2015-03-30,2015-02-23,62299.0,40769.0,47962.333333333336,40672.06306306306,57648.15523608634,49232.068133045934,50346.0,
store_18,2015-04-06,2015-02-23,34389.0,40769.0,47962.333333333336,40652.67567567567,34414.58101243398,49360.06597116173,35986.0,
store_18,2015-04-13,2015-02-23,56514.0,40769.0,47962.333333333336,40633.28828828829,54225.995154431905,49488.06380927753,48645.0,
store_18,2015-04-20,2015-02-23,38333.0,40769.0,47962.333333333336,40613.9009009009,38485.63507704064,49616.06164739334,27369.0,
store_18,2015-03-30,2015-03-23,62299.0,40654.0,48395.166666666664,40634.28695652174,58869.63659398837,49266.66499490211,50346.0,
store_18,2015-04-06,2015-03-23,34389.0,40654.0,48395.166666666664,40614.57391304348,35735.09445541742,49395.823932190215,35986.0,
store_18,2015-04-13,2015-03-23,56514.0,40654.0,48395.166666666664,40594.860869565215,54626.372749676346,49524.98286947832,48645.0,
store_18,2015-04-20,2015-03-23,38333.0,40654.0,48395.166666666664,40575.147826086955,38719.973171604855,49654.14180676643,27369.0,
store_18,2015-04-27,2015-03-23,56722.0,40654.0,48395.166666666664,40555.434782608696,53415.368661009794,49783.30074405453,49607.0,
store_18,2015-05-04,2015-03-23,58894.0,40654.0,48395.166666666664,40535.72173913044,58736.52133485736,49912.45968134264,53584.0,
store_18,2015-05-11,2015-03-23,37945.0,40654.0,48395.166666666664,40516.00869565218,36988.190616155975,50041.618618630746,34905.0,
store_18,2015-05-18,2015-03-23,55724.0,40654.0,48395.166666666664,40496.29565217391,57277.80320266797,50170.77755591885,48379.0,
store_18,2015-04-27,2015-04-20,56722.0,38333.0,48231.333333333336,38294.445378151264,54720.212560872606,49732.67179147066,49607.0,
store_18,2015-05-04,2015-04-20,58894.0,38333.0,48231.333333333336,38255.89075630252,58720.2122093154,49860.74002805233,53584.0,
store_18,2015-05-11,2015-04-20,37945.0,38333.0,48231.333333333336,38217.336134453784,37951.985333533084,49988.80826463399,34905.0,
store_18,2015-05-18,2015-04-20,55724.0,38333.0,48231.333333333336,38178.78151260504,57573.36572037592,50116.87650121565,48379.0,
store_18,2015-05-25,2015-04-20,39659.0,38333.0,48231.333333333336,38140.226890756305,40560.71352083402,50244.94473779732,35259.0,
store_18,2015-06-01,2015-04-20,55436.0,38333.0,48231.333333333336,38101.67226890756,54504.13960891786,50373.01297437898,53673.0,
store_18,2015-06-08,2015-04-20,41493.0,38333.0,48231.333333333336,38063.117647058825,42925.41314182717,50501.08121096065,30782.0,
store_18,2015-06-15,2015-04-20,60544.0,38333.0,48231.333333333336,38024.56302521008,58845.15642620035,50629.14944754231,47481.0,
store_18,2015-05-25,2015-05-18,39659.0,55724.0,49946.25,55828.08943089431,40999.7892206625,50370.524112002335,35259.0,
store_18,2015-06-01,2015-05-18,55436.0,55724.0,49946.25,55932.17886178862,54293.061210973945,50500.22528101755,53673.0,
store_18,2015-06-08,2015-05-18,41493.0,55724.0,49946.25,56036.26829268293,42820.567714673365,50629.926450032755,30782.0,
store_18,2015-06-15,2015-05-18,60544.0,55724.0,49946.25,56140.35772357724,58955.70531833482,50759.62761904797,47481.0,
store_18,2015-06-22,2015-05-18,41836.0,55724.0,49946.25,56244.44715447154,40574.83905503503,50889.32878806318,34403.0,
store_18,2015-06-29,2015-05-18,58151.0,55724.0,49946.25,56348.53658536585,56278.87131793529,51019.0299570784,56186.0,
store_18,2015-07-06,2015-05-18,40266.0,55724.0,49946.25,56452.62601626016,40336.42292491224,51148.73112609361,35983.0,
store_18,2015-07-13,2015-05-18,50855.0,55724.0,49946.25,56556.71544715447,50044.29605227727,51278.432295108825,47748.0,
store_19,2015-02-02,2015-01-26,30353.0,33340.0,28758.5,33250.96261682243,32231.701104074415,26993.082960167154,41295.0,
store_19,2015-02-09,2015-01-26,21094.0,33340.0,28758.5,33161.92523364486,21473.46417663154,26902.92141112867,29678.0,
store_19,2015-02-16,2015-01-26,27731.0,33340.0,28758.5,33072.88785046729,26059.656013094285,26812.75986209019,37026.0,
store_19,2015-02-23,2015-01-26,23733.0,33340.0,28758.5,32983.85046728972,23199.38699145681,26722.59831305171,29287.0,
store_19,2015-03-02,2015-01-26,32990.0,33340.0,28758.5,32894.81308411215,35633.155103310375,26632.436764013226,38447.0,
store_19,2015-03-09,2015-01-26,22085.0,33340.0,28758.5,32805.77570093458,23789.12204083968,26542.275214974743,21959.0,
store_19,2015-03-16,2015-01-26,29974.0,33340.0,28758.5,32716.73831775701,29973.65616298628,26452.11366593626,30579.0,
store_19,2015-03-23,2015-01-26,22701.0,33340.0,28758.5,32627.70093457944,23208.410034314056,26361.952116897777,22432.0,
store_19,2015-03-02,2015-02-23,32990.0,23733.0,26856.583333333332,23560.62162162162,34331.31478313946,26452.245237267307,38447.0,
store_19,2015-03-09,2015-02-23,22085.0,23733.0,26856.583333333332,23388.243243243243,21802.390973483223,26359.698099820678,21959.0,
store_19,2015-03-16,2015-02-23,29974.0,23733.0,26856.583333333332,23215.864864864863,28417.79543406874,26267.150962374046,30579.0,
store_19,2015-03-23,2015-02-23,22701.0,23733.0,26856.583333333332,23043.486486486487,21479.81711877807,26174.603824927417,22432.0,
store_19,2015-03-30,2015-02-23,30542.0,23733.0,26856.583333333332,22871.108108108107,29107.199587290954,26082.056687480785,34527.0,
store_19,2015-04-06,2015-02-23,19488.0,23733.0,26856.583333333332,22698.72972972973,18699.830298517256,25989.509550034156,22754.0,
store_19,2015-04-13,2015-02-23,25678.0,23733.0,26856.583333333332,22526.35135135135,27131.91474396887,25896.962412587523,31804.0,
store_19,2015-04-20,2015-02-23,18159.0,23733.0,26856.583333333332,22353.972972972973,17523.657405072066,25804.41527514089,18055.0,
store_19,2015-03-30,2015-03-23,30542.0,22701.0,26951.833333333332,22525.64347826087,29105.813631856756,26178.127162213077,34527.0,
store_19,2015-04-06,2015-03-23,19488.0,22701.0,26951.833333333332,22350.28695652174,18698.93049097643,26086.970325926897,22754.0,
store_19,2015-04-13,2015-03-23,25678.0,22701.0,26951.833333333332,22174.930434782607,27129.708111070882,25995.813489640717,31804.0,
store_19,2015-04-20,2015-03-23,18159.0,22701.0,26951.833333333332,21999.573913043478,17522.924826108036,25904.656653354537,18055.0,
store_19,2015-04-27,2015-03-23,28582.0,22701.0,26951.833333333332,21824.217391304348,27857.5830582535,25813.499817068358,31981.0,
store_19,2015-05-04,2015-03-23,30553.0,22701.0,26951.833333333332,21648.86086956522,29960.107172072698,25722.342980782178,33319.0,
store_19,2015-05-11,2015-03-23,18401.0,22701.0,26951.833333333332,21473.504347826085,18190.15130163916,25631.186144495998,21833.0,
store_19,2015-05-18,2015-03-23,28753.0,22701.0,26951.833333333332,21298.147826086955,29869.83604678863,25540.029308209818,32859.0,
store_19,2015-04-27,2015-04-20,28582.0,18159.0,25377.333333333332,17951.36974789916,27858.47918913063,25514.408297669896,31981.0,
store_19,2015-05-04,2015-04-20,30553.0,18159.0,25377.333333333332,17743.73949579832,29960.837151024392,25419.102959593125,33319.0,
store_19,2015-05-11,2015-04-20,18401.0,18159.0,25377.333333333332,17536.10924369748,18190.758398591763,25323.797621516354,21833.0,
store_19,2015-05-18,2015-04-20,28753.0,18159.0,25377.333333333332,17328.47899159664,29870.48567357952,25228.492283439584,32859.0,
store_19,2015-05-25,2015-04-20,21160.0,18159.0,25377.333333333332,17120.8487394958,21346.851128093498,25133.186945362813,24318.0,
store_19,2015-06-01,2015-04-20,26776.0,18159.0,25377.333333333332,16913.21848739496,30560.595549616162,25037.881607286043,37561.0,
store_19,2015-06-08,2015-04-20,20767.0,18159.0,25377.333333333332,16705.58823529412,20390.997374131024,24942.576269209272,21653.0,
store_19,2015-06-15,2015-04-20,28009.0,18159.0,25377.333333333332,16497.95798319328,27690.220487373917,24847.2709311325,30639.0,
store_19,2015-05-25,2015-05-18,21160.0,28753.0,25658.833333333332,28638.252032520326,21348.463581292723,25238.787470512103,24318.0,
store_19,2015-06-01,2015-05-18,26776.0,28753.0,25658.833333333332,28523.50406504065,30608.47192367881,25145.03000801479,37561.0,
store_19,2015-06-08,2015-05-18,20767.0,28753.0,25658.833333333332,28408.756097560974,20349.991721500937,25051.272545517473,21653.0,
store_19,2015-06-15,2015-05-18,28009.0,28753.0,25658.833333333332,28294.0081300813,27649.857376732944,24957.515083020156,30639.0,
store_19,2015-06-22,2015-05-18,20248.0,28753.0,25658.833333333332,28179.260162601626,19912.69195188199,24863.75762052284,22780.0,
store_19,2015-06-29,2015-05-18,28940.0,28753.0,25658.833333333332,28064.51219512195,28226.042882155652,24770.000158025527,36976.0,
store_19,2015-07-06,2015-05-18,21603.0,28753.0,25658.833333333332,27949.764227642278,21306.387220304558,24676.24269552821,21970.0,
store_19,2015-07-13,2015-05-18,26303.0,28753.0,25658.833333333332,27835.0162601626,27915.18879896558,24582.485233030893,31828.0,
store_2,2015-02-02,2015-01-26,46923.0,42008.0,42290.916666666664,41918.66355140187,49446.5928569976,40247.62108874197,49556.0,
store_2,2015-02-09,2015-01-26,31894.0,42008.0,42290.916666666664,41829.32710280374,31140.70357150514,40247.62108874197,31086.0,
store_2,2015-02-16,2015-01-26,43542.0,42008.0,42290.916666666664,41739.990654205605,42687.91904462291,40247.62108874197,44949.0,
store_2,2015-02-23,2015-01-26,31178.0,42008.0,42290.916666666664,41650.654205607476,29917.7690456372,40247.62108874197,31413.0,
store_2,2015-03-02,2015-01-26,47602.0,42008.0,42290.916666666664,41561.31775700935,47814.29999797111,40247.62108874197,49346.0,
store_2,2015-03-09,2015-01-26,31700.0,42008.0,42290.916666666664,41471.98130841122,30143.729761158596,40247.62108874197,30709.0,
store_2,2015-03-16,2015-01-26,43190.0,42008.0,42290.916666666664,41382.64485981308,43785.7624982218,40247.62108874197,45126.0,
store_2,2015-03-23,2015-01-26,31762.0,42008.0,42290.916666666664,41293.30841121495,30438.081546908295,40247.62108874197,30976.0,
store_2,2015-03-02,2015-02-23,47602.0,31178.0,39763.333333333336,30994.315315315314,46933.86754799351,40174.82510247783,49346.0,
store_2,2015-03-09,2015-02-23,31700.0,31178.0,39763.333333333336,30810.630630630632,30676.92515378339,40174.82510247783,30709.0,
store_2,2015-03-16,2015-02-23,43190.0,31178.0,39763.333333333336,30626.945945945947,43231.86959712365,40174.82510247783,45126.0,
store_2,2015-03-23,2015-02-23,31762.0,31178.0,39763.333333333336,30443.26126126126,30173.394912768636,40174.82510247783,30976.0,
store_2,2015-03-30,2015-02-23,46966.0,31178.0,39763.333333333336,30259.576576576575,42709.76669693722,40174.82510247783,46812.0,
store_2,2015-04-06,2015-02-23,29619.0,31178.0,39763.333333333336,30075.891891891893,26719.627053785192,40174.82510247783,31375.0,
store_2,2015-04-13,2015-02-23,47331.0,31178.0,39763.333333333336,29892.207207207208,46118.77631227492,40174.82510247783,43538.0,
store_2,2015-04-20,2015-02-23,32188.0,31178.0,39763.333333333336,29708.522522522522,30520.271301023247,40174.82510247783,26269.0,
store_2,2015-03-30,2015-03-23,46966.0,31762.0,38813.666666666664,31589.782608695652,43098.53483992004,40112.21434691722,46812.0,
store_2,2015-04-06,2015-03-23,29619.0,31762.0,38813.666666666664,31417.565217391304,26642.24984255361,40112.21434691722,31375.0,
store_2,2015-04-13,2015-03-23,47331.0,31762.0,38813.666666666664,31245.347826086956,46168.140893196665,40112.21434691722,43538.0,
store_2,2015-04-20,2015-03-23,32188.0,31762.0,38813.666666666664,31073.130434782608,30635.3775398934,40112.21434691722,26269.0,
store_2,2015-04-27,2015-03-23,44224.0,31762.0,38813.666666666664,30900.91304347826,43366.70965896022,40112.21434691722,44381.0,
store_2,2015-05-04,2015-03-23,50065.0,31762.0,38813.666666666664,30728.695652173912,50092.91273706345,40112.21434691722,47450.0,
store_2,2015-05-11,2015-03-23,30507.0,31762.0,38813.666666666664,30556.478260869564,29063.931783791842,40112.21434691722,30102.0,
store_2,2015-05-18,2015-03-23,46638.0,31762.0,38813.666666666664,30384.260869565216,45184.15251068876,40112.21434691722,41732.0,
store_2,2015-04-27,2015-04-20,44224.0,32188.0,38657.916666666664,32025.1512605042,44285.40284991887,40068.70926254023,44381.0,
store_2,2015-05-04,2015-04-20,50065.0,32188.0,38657.916666666664,31862.3025210084,50792.57500983775,40068.70926254023,47450.0,
store_2,2015-05-11,2015-04-20,30507.0,32188.0,38657.916666666664,31699.453781512606,29728.37339854322,40068.70926254023,30102.0,
store_2,2015-05-18,2015-04-20,46638.0,32188.0,38657.916666666664,31536.605042016807,45874.50332731509,40068.70926254023,41732.0,
store_2,2015-05-25,2015-04-20,30470.0,32188.0,38657.916666666664,31373.756302521007,27454.701657160826,40068.70926254023,28269.0,
store_2,2015-06-01,2015-04-20,45946.0,32188.0,38657.916666666664,31210.907563025212,45126.29832111753,40068.70926254023,49230.0,
store_2,2015-06-08,2015-04-20,36658.0,32188.0,38657.916666666664,31048.058823529413,34572.5488724077,40068.70926254023,29527.0,
store_2,2015-06-15,2015-04-20,48624.0,32188.0,38657.916666666664,30885.210084033613,46236.99176080467,40068.70926254023,43726.0,
store_2,2015-05-25,2015-05-18,30470.0,46638.0,40149.333333333336,46597.92682926829,27707.15458033755,40174.82760742931,28269.0,
store_2,2015-06-01,2015-05-18,45946.0,46638.0,40149.333333333336,46557.85365853659,45227.50620132318,40174.82760742931,49230.0,
store_2,2015-06-08,2015-05-18,36658.0,46638.0,40149.333333333336,46517.78048780488,34691.89228324164,40174.82760742931,29527.0,
store_2,2015-06-15,2015-05-18,48624.0,46638.0,40149.333333333336,46477.70731707317,46323.30491391223,40174.82760742931,43726.0,
store_2,2015-06-22,2015-05-18,35186.0,46638.0,40149.333333333336,46437.634146341465,34162.82067568594,40174.82760742931,33129.0,
store_2,2015-06-29,2015-05-18,51896.0,46638.0,40149.333333333336,46397.560975609755,45701.12573546544,40174.82760742931,53939.0,
store_2,2015-07-06,2015-05-18,36203.0,46638.0,40149.333333333336,46357.48780487805,32093.177509533503,40174.82760742931,34169.0,
store_2,2015-07-13,2015-05-18,45596.0,46638.0,40149.333333333336,46317.41463414634,43355.814993200445,40174.82760742931,43826.0,
store_20,2015-02-02,2015-01-26,39324.0,38502.0,38929.25,38496.55140186916,42334.17832502929,36352.26588385445,39062.0,
store_20,2015-02-09,2015-01-26,29542.0,38502.0,38929.25,38491.102803738315,29574.43805675604,36352.26588385445,26300.0,
store_20,2015-02-16,2015-01-26,35618.0,38502.0,38929.25,38485.654205607476,36441.871000297695,36352.26588385445,36108.0,
store_20,2015-02-23,2015-01-26,29485.0,38502.0,38929.25,38480.20560747664,30557.983604358884,36352.26588385445,28452.0,
store_20,2015-03-02,2015-01-26,37424.0,38502.0,38929.25,38474.7570093458,38532.43318852237,36352.26588385445,35621.0,
store_20,2015-03-09,2015-01-26,30847.0,38502.0,38929.25,38469.30841121495,30042.502516851422,36352.26588385445,27206.0,
store_20,2015-03-16,2015-01-26,35290.0,38502.0,38929.25,38463.85981308411,34251.07637839101,36352.26588385445,33786.0,
store_20,2015-03-23,2015-01-26,28445.0,38502.0,38929.25,38458.411214953274,28023.534924113887,36352.26588385445,28718.0,
store_20,2015-03-02,2015-02-23,37424.0,29485.0,36029.833333333336,29398.513513513513,37864.68055064423,34272.10827466164,35621.0,
store_20,2015-03-09,2015-02-23,30847.0,29485.0,36029.833333333336,29312.027027027027,29606.12194055572,34272.10827466164,27206.0,
store_20,2015-03-16,2015-02-23,35290.0,29485.0,36029.833333333336,29225.54054054054,33742.7184668321,34272.10827466164,33786.0,
store_20,2015-03-23,2015-02-23,28445.0,29485.0,36029.833333333336,29139.054054054053,27628.126764876186,34272.10827466164,28718.0,
store_20,2015-03-30,2015-02-23,45235.0,29485.0,36029.833333333336,29052.567567567567,42123.20431158703,34272.10827466164,37599.0,
store_20,2015-04-06,2015-02-23,25402.0,29485.0,36029.833333333336,28966.08108108108,25160.03560201134,34272.10827466164,29113.0,
store_20,2015-04-13,2015-02-23,34792.0,29485.0,36029.833333333336,28879.594594594593,35091.95897643786,34272.10827466164,41420.0,
store_20,2015-04-20,2015-02-23,26360.0,29485.0,36029.833333333336,28793.108108108107,25661.370863769756,34272.10827466164,23167.0,
store_20,2015-03-30,2015-03-23,45235.0,28445.0,34028.583333333336,28352.478260869564,42564.20889378361,34234.52999724466,37599.0,
store_20,2015-04-06,2015-03-23,25402.0,28445.0,34028.583333333336,28259.956521739132,25606.06028395785,34234.52999724466,29113.0,
store_20,2015-04-13,2015-03-23,34792.0,28445.0,34028.583333333336,28167.434782608696,35493.4313617997,34234.52999724466,41420.0,
store_20,2015-04-20,2015-03-23,26360.0,28445.0,34028.583333333336,28074.91304347826,26113.99969427389,34234.52999724466,23167.0,
store_20,2015-04-27,2015-03-23,35110.0,28445.0,34028.583333333336,27982.391304347828,34599.441408388215,34234.52999724466,37739.0,
store_20,2015-05-04,2015-03-23,37806.0,28445.0,34028.583333333336,27889.869565217392,37458.516023466174,34234.52999724466,38092.0,
store_20,2015-05-11,2015-03-23,28147.0,28445.0,34028.583333333336,27797.347826086956,26506.305314291574,34234.52999724466,28578.0,
store_20,2015-05-18,2015-03-23,35726.0,28445.0,34028.583333333336,27704.82608695652,36405.13604045444,34234.52999724466,34910.0,
store_20,2015-04-27,2015-04-20,35110.0,26360.0,33147.0,26253.067226890755,34804.797183412185,34189.923193260525,37739.0,
store_20,2015-05-04,2015-04-20,37806.0,26360.0,33147.0,26146.134453781513,37573.35640202626,34189.923193260525,38092.0,
store_20,2015-05-11,2015-04-20,28147.0,26360.0,33147.0,26039.201680672268,26650.537914081535,34189.923193260525,28578.0,
store_20,2015-05-18,2015-04-20,35726.0,26360.0,33147.0,25932.268907563026,36481.0945569122,34189.923193260525,34910.0,
store_20,2015-05-25,2015-04-20,27712.0,26360.0,33147.0,25825.33613445378,26425.394457071146,34189.923193260525,27317.0,
store_20,2015-06-01,2015-04-20,38605.0,26360.0,33147.0,25718.40336134454,37019.1335991479,34189.923193260525,39438.0,
store_20,2015-06-08,2015-04-20,27904.0,26360.0,33147.0,25611.470588235294,27545.450853442715,34189.923193260525,26768.0,
store_20,2015-06-15,2015-04-20,38123.0,26360.0,33147.0,25504.537815126052,36611.13010308746,34189.923193260525,35097.0,
store_20,2015-05-25,2015-05-18,27712.0,35726.0,33382.0,35698.69105691057,26421.649472391553,34189.92608449498,27317.0,
store_20,2015-06-01,2015-05-18,38605.0,35726.0,33382.0,35671.382113821135,37153.02516218278,34189.92608449498,39438.0,
store_20,2015-06-08,2015-05-18,27904.0,35726.0,33382.0,35644.07317073171,27770.089306106354,34189.92608449498,26768.0,
store_20,2015-06-15,2015-05-18,38123.0,35726.0,33382.0,35616.76422764228,36844.15567851483,34189.92608449498,35097.0,
store_20,2015-06-22,2015-05-18,27957.0,35726.0,33382.0,35589.455284552845,26807.509210274322,34189.92608449498,28447.0,
store_20,2015-06-29,2015-05-18,41321.0,35726.0,33382.0,35562.14634146341,39842.856450550724,34189.92608449498,38509.0,
store_20,2015-07-06,2015-05-18,31240.0,35726.0,33382.0,35534.83739837398,31002.15973185809,34189.92608449498,31234.0,
store_20,2015-07-13,2015-05-18,38223.0,35726.0,33382.0,35507.528455284555,36868.780635056784,34189.92608449498,37011.0,
store_21,2015-02-02,2015-01-26,54435.0,55951.0,50952.25,55942.08411214953,53343.06797748618,48901.69417135768,57209.0,
store_21,2015-02-09,2015-01-26,45384.0,55951.0,50952.25,55933.168224299065,44513.129433847906,48901.69417135768,43020.0,
store_21,2015-02-16,2015-01-26,52281.0,55951.0,50952.25,55924.2523364486,50130.546783924205,48901.69417135768,53302.0,
store_21,2015-02-23,2015-01-26,46654.0,55951.0,50952.25,55915.33644859813,43528.095840334674,48901.69417135768,44211.0,
store_21,2015-03-02,2015-01-26,55132.0,55951.0,50952.25,55906.42056074766,55093.49827091059,48901.69417135768,51760.0,
store_21,2015-03-09,2015-01-26,42356.0,55951.0,50952.25,55897.504672897194,41268.53532260146,48901.69417135768,42426.0,
store_21,2015-03-16,2015-01-26,52110.0,55951.0,50952.25,55888.588785046726,50863.419622563284,48901.69417135768,49868.0,
store_21,2015-03-23,2015-01-26,41317.0,55951.0,50952.25,55879.67289719626,40858.62809998877,48901.69417135768,40141.0,
store_21,2015-03-02,2015-02-23,55132.0,46654.0,49623.166666666664,46561.64864864865,55806.51490563248,48930.718672532166,51760.0,
store_21,2015-03-09,2015-02-23,42356.0,46654.0,49623.166666666664,46469.2972972973,41730.16662058774,48930.718672532166,42426.0,
store_21,2015-03-16,2015-02-23,52110.0,46654.0,49623.166666666664,46376.94594594595,51445.560386098776,48930.718672532166,49868.0,
store_21,2015-03-23,2015-02-23,41317.0,46654.0,49623.166666666664,46284.59459459459,41425.21925506529,48930.718672532166,40141.0,
store_21,2015-03-30,2015-02-23,57461.0,46654.0,49623.166666666664,46192.24324324324,54850.911425178376,48930.718672532166,56382.0,
store_21,2015-04-06,2015-02-23,36999.0,46654.0,49623.166666666664,46099.89189189189,34686.49588496792,48930.718672532166,43490.0,
store_21,2015-04-13,2015-02-23,52457.0,46654.0,49623.166666666664,46007.54054054054,51642.88445507534,48930.718672532166,50819.0,
store_21,2015-04-20,2015-02-23,39484.0,46654.0,49623.166666666664,45915.18918918919,41157.48452862378,48930.718672532166,34479.0,
store_21,2015-03-30,2015-03-23,57461.0,41317.0,49109.083333333336,41181.45217391304,54853.567890281614,48897.60126579444,56382.0,
store_21,2015-04-06,2015-03-23,36999.0,41317.0,49109.083333333336,41045.90434782609,34704.786912797565,48897.60126579444,43490.0,
store_21,2015-04-13,2015-03-23,52457.0,41317.0,49109.083333333336,40910.35652173913,51652.21512696716,48897.60126579444,50819.0,
store_21,2015-04-20,2015-03-23,39484.0,41317.0,49109.083333333336,40774.80869565217,41154.22872060506,48897.60126579444,34479.0,
store_21,2015-04-27,2015-03-23,53955.0,41317.0,49109.083333333336,40639.260869565216,51458.48379597303,48897.60126579444,53416.0,
store_21,2015-05-04,2015-03-23,56843.0,41317.0,49109.083333333336,40503.71304347826,58345.26192678015,48897.60126579444,56961.0,
store_21,2015-05-11,2015-03-23,40860.0,41317.0,49109.083333333336,40368.1652173913,39674.10302292312,48897.60126579444,40459.0,
store_21,2015-05-18,2015-03-23,54325.0,41317.0,49109.083333333336,40232.617391304346,54871.739803835495,48897.60126579444,51780.0,
store_21,2015-04-27,2015-04-20,53955.0,39484.0,48005.833333333336,39337.60504201681,51526.23452519487,48818.141796388954,53416.0,
store_21,2015-05-04,2015-04-20,56843.0,39484.0,48005.833333333336,39191.21008403361,58375.495013281616,48818.141796388954,56961.0,
store_21,2015-05-11,2015-04-20,40860.0,39484.0,48005.833333333336,39044.815126050424,39699.31702374179,48818.141796388954,40459.0,
store_21,2015-05-18,2015-04-20,54325.0,39484.0,48005.833333333336,38898.42016806723,54882.80329186599,48818.141796388954,51780.0,
store_21,2015-05-25,2015-04-20,41506.0,39484.0,48005.833333333336,38752.02521008404,39969.61660622118,48818.141796388954,41170.0,
store_21,2015-06-01,2015-04-20,51582.0,39484.0,48005.833333333336,38605.63025210084,50382.98911495847,48818.141796388954,58728.0,
store_21,2015-06-08,2015-04-20,44890.0,39484.0,48005.833333333336,38459.23529411765,43611.62847952837,48818.141796388954,36986.0,
store_21,2015-06-15,2015-04-20,54762.0,39484.0,48005.833333333336,38312.84033613445,52075.21596884426,48818.141796388954,48173.0,
store_21,2015-05-25,2015-05-18,41506.0,54325.0,48608.25,54304.0243902439,39981.70841538383,48898.85244017052,41170.0,
store_21,2015-06-01,2015-05-18,51582.0,54325.0,48608.25,54283.04878048781,50674.94138795864,48898.85244017052,58728.0,
store_21,2015-06-08,2015-05-18,44890.0,54325.0,48608.25,54262.07317073171,43357.2680769204,48898.85244017052,36986.0,
store_21,2015-06-15,2015-05-18,54762.0,54325.0,48608.25,54241.09756097561,51833.75638563697,48898.85244017052,48173.0,
store_21,2015-06-22,2015-05-18,44165.0,54325.0,48608.25,54220.12195121951,41403.21276371847,48898.85244017052,39390.0,
store_21,2015-06-29,2015-05-18,58377.0,54325.0,48608.25,54199.14634146341,55976.16573953674,48898.85244017052,60941.0,
store_21,2015-07-06,2015-05-18,42947.0,54325.0,48608.25,54178.170731707316,42930.659814294275,48898.85244017052,43085.0,
store_21,2015-07-13,2015-05-18,51575.0,54325.0,48608.25,54157.19512195122,51128.09725996545,48898.85244017052,49546.0,
store_22,2015-02-02,2015-01-26,70869.0,68061.0,60808.416666666664,68105.97196261682,71992.95023581429,59998.44690684327,69063.0,
store_22,2015-02-09,2015-01-26,45281.0,68061.0,60808.416666666664,68150.94392523365,46611.9257111825,60099.4551741878,43336.0,
store_22,2015-02-16,2015-01-26,64468.0,68061.0,60808.416666666664,68195.91588785047,63302.50822874825,60200.46344153233,60884.0,
store_22,2015-02-23,2015-01-26,46871.0,68061.0,60808.416666666664,68240.88785046729,46681.66460205557,60301.47170887686,42789.0,
store_22,2015-03-02,2015-01-26,71737.0,68061.0,60808.416666666664,68285.85981308411,69056.77395063321,60402.47997622138,65480.0,
store_22,2015-03-09,2015-01-26,49826.0,68061.0,60808.416666666664,68330.83177570094,48292.53534160589,60503.48824356591,41963.0,
store_22,2015-03-16,2015-01-26,68884.0,68061.0,60808.416666666664,68375.80373831776,66354.52409155537,60604.49651091044,61093.0,
store_22,2015-03-23,2015-01-26,46289.0,68061.0,60808.416666666664,68420.77570093458,47112.85416182048,60705.50477825497,45281.0,
store_22,2015-03-02,2015-02-23,71737.0,46871.0,58767.833333333336,46723.45045045045,69038.18553638269,60006.01071280627,65480.0,
store_22,2015-03-09,2015-02-23,49826.0,46871.0,58767.833333333336,46575.9009009009,48275.13304846456,60101.38052974456,41963.0,
store_22,2015-03-16,2015-02-23,68884.0,46871.0,58767.833333333336,46428.35135135135,66336.66160934967,60196.75034668285,61093.0,
store_22,2015-03-23,2015-02-23,46289.0,46871.0,58767.833333333336,46280.801801801805,47093.5138893796,60292.12016362114,45281.0,
store_22,2015-03-30,2015-02-23,78487.0,46871.0,58767.833333333336,46133.252252252256,73272.22402554323,60387.48998055943,67344.0,
store_22,2015-04-06,2015-02-23,40404.0,46871.0,58767.833333333336,45985.7027027027,40882.976439663194,60482.859797497724,45188.0,
store_22,2015-04-13,2015-02-23,77450.0,46871.0,58767.833333333336,45838.15315315315,74623.47029029057,60578.229614436015,62871.0,
store_22,2015-04-20,2015-02-23,50561.0,46871.0,58767.833333333336,45690.6036036036,50517.92527287965,60673.59943137431,33393.0,
store_22,2015-03-30,2015-03-23,78487.0,46289.0,59214.583333333336,46141.52173913043,73415.94887573684,60163.11354375675,67344.0,
store_22,2015-04-06,2015-03-23,40404.0,46289.0,59214.583333333336,45994.04347826087,40933.53923795509,60244.24775782253,45188.0,
store_22,2015-04-13,2015-03-23,77450.0,46289.0,59214.583333333336,45846.565217391304,74755.27589830669,60325.3819718883,62871.0,
store_22,2015-04-20,2015-03-23,50561.0,46289.0,59214.583333333336,45699.086956521736,50698.6409581424,60406.51618595408,33393.0,
store_22,2015-04-27,2015-03-23,74792.0,46289.0,59214.583333333336,45551.608695652176,70781.74073589093,60487.650400019855,64203.0,
store_22,2015-05-04,2015-03-23,83485.0,46289.0,59214.583333333336,45404.13043478261,79147.15065751394,60568.784614085635,66980.0,
store_22,2015-05-11,2015-03-23,50106.0,46289.0,59214.583333333336,45256.65217391304,47833.062094677676,60649.91882815141,43180.0,
store_22,2015-05-18,2015-03-23,75325.0,46289.0,59214.583333333336,45109.17391304348,72427.19551930088,60731.05304221719,60093.0,
store_22,2015-04-27,2015-04-20,74792.0,50561.0,59260.583333333336,50454.378151260506,70987.21788298323,60844.55509129655,64203.0,
store_22,2015-05-04,2015-04-20,83485.0,50561.0,59260.583333333336,50347.75630252101,79603.35801304311,60940.665955303164,66980.0,
store_22,2015-05-11,2015-04-20,50106.0,50561.0,59260.583333333336,50241.13445378151,48032.914971627426,61036.77681930979,43180.0,
store_22,2015-05-18,2015-04-20,75325.0,50561.0,59260.583333333336,50134.512605042015,72890.89752780001,61132.8876833164,60093.0,
store_22,2015-05-25,2015-04-20,51554.0,50561.0,59260.583333333336,50027.89075630252,49184.30326690817,61228.99854732302,44803.0,
store_22,2015-06-01,2015-04-20,77831.0,50561.0,59260.583333333336,49921.268907563026,70795.57989909711,61325.109411329635,71639.0,
store_22,2015-06-08,2015-04-20,56282.0,50561.0,59260.583333333336,49814.64705882353,54814.68935738813,61421.22027533625,42173.0,
store_22,2015-06-15,2015-04-20,82498.0,50561.0,59260.583333333336,49708.02521008404,76003.15829308411,61517.331139342874,62464.0,
store_22,2015-05-25,2015-05-18,51554.0,75325.0,63945.5,75423.17886178862,50324.398521005656,62194.27445398267,44803.0,
store_22,2015-06-01,2015-05-18,77831.0,75325.0,63945.5,75521.35772357724,71811.84939136004,62302.945516914566,71639.0,
store_22,2015-06-08,2015-05-18,56282.0,75325.0,63945.5,75619.53658536586,56053.220049889256,62411.61657984646,42173.0,
store_22,2015-06-15,2015-05-18,82498.0,75325.0,63945.5,75717.71544715448,77433.19657559472,62520.28764277835,62464.0,
store_22,2015-06-22,2015-05-18,56377.0,75325.0,63945.5,75815.89430894308,53415.69051677784,62628.95870571024,45819.0,
store_22,2015-06-29,2015-05-18,88120.0,75325.0,63945.5,75914.0731707317,76961.31173113346,62737.62976864214,77716.0,
store_22,2015-07-06,2015-05-18,58449.0,75325.0,63945.5,76012.25203252032,52197.49621793177,62846.30083157403,49048.0,
store_22,2015-07-13,2015-05-18,75304.0,75325.0,63945.5,76110.43089430894,71604.88365761354,62954.97189450592,66290.0,
store_23,2015-02-02,2015-01-26,39534.0,41557.0,36099.583333333336,41570.36448598131,42004.265524862625,34482.11619171696,44306.0,
store_23,2015-02-09,2015-01-26,28229.0,41557.0,36099.583333333336,41583.72897196261,29804.420786675735,34482.11619171696,28018.0,
store_23,2015-02-16,2015-01-26,40518.0,41557.0,36099.583333333336,41597.09345794393,40550.639628378514,34482.11619171696,40230.0,
store_23,2015-02-23,2015-01-26,28938.0,41557.0,36099.583333333336,41610.457943925234,28098.04668315939,34482.11619171696,28934.0,
store_23,2015-03-02,2015-01-26,43897.0,41557.0,36099.583333333336,41623.82242990654,45662.29531129142,34482.11619171696,44082.0,
store_23,2015-03-09,2015-01-26,27334.0,41557.0,36099.583333333336,41637.18691588785,27101.96556829205,34482.11619171696,26976.0,
store_23,2015-03-16,2015-01-26,40289.0,41557.0,36099.583333333336,41650.55140186916,41801.33586872395,34482.11619171696,40702.0,
store_23,2015-03-23,2015-01-26,27522.0,41557.0,36099.583333333336,41663.91588785047,25920.99155163519,34482.11619171696,23562.0,
store_23,2015-03-02,2015-02-23,43897.0,28938.0,34579.416666666664,28837.1981981982,45673.53767889537,34466.3465572255,44082.0,
store_23,2015-03-09,2015-02-23,27334.0,28938.0,34579.416666666664,28736.396396396398,27102.861699043006,34466.3465572255,26976.0,
store_23,2015-03-16,2015-02-23,40289.0,28938.0,34579.416666666664,28635.594594594593,41809.15664618795,34466.3465572255,40702.0,
store_23,2015-03-23,2015-02-23,27522.0,28938.0,34579.416666666664,28534.792792792792,25937.77363661046,34466.3465572255,23562.0,
store_23,2015-03-30,2015-02-23,45209.0,28938.0,34579.416666666664,28433.99099099099,44308.41320936552,34466.3465572255,44347.0,
store_23,2015-04-06,2015-02-23,24383.0,28938.0,34579.416666666664,28333.18918918919,21485.779850580388,34466.3465572255,25780.0,
store_23,2015-04-13,2015-02-23,41656.0,28938.0,34579.416666666664,28232.38738738739,38769.30539155816,34466.3465572255,40057.0,
store_23,2015-04-20,2015-02-23,28939.0,28938.0,34579.416666666664,28131.585585585584,28946.338128277173,34466.3465572255,24260.0,
store_23,2015-03-30,2015-03-23,45209.0,27522.0,34940.666666666664,27412.391304347828,44309.17609045891,34482.156342796596,44347.0,
store_23,2015-04-06,2015-03-23,24383.0,27522.0,34940.666666666664,27302.782608695652,21496.166770087497,34482.156342796596,25780.0,
store_23,2015-04-13,2015-03-23,41656.0,27522.0,34940.666666666664,27193.17391304348,38771.541872028516,34482.156342796596,40057.0,
store_23,2015-04-20,2015-03-23,28939.0,27522.0,34940.666666666664,27083.565217391304,28935.064441004546,34482.156342796596,24260.0,
store_23,2015-04-27,2015-03-23,43439.0,27522.0,34940.666666666664,26973.956521739132,42060.840368357676,34482.156342796596,43177.0,
store_23,2015-05-04,2015-03-23,45438.0,27522.0,34940.666666666664,26864.347826086956,44309.47602283665,34482.156342796596,43504.0,
store_23,2015-05-11,2015-03-23,27700.0,27522.0,34940.666666666664,26754.739130434784,27068.364152123206,34482.156342796596,27271.0,
store_23,2015-05-18,2015-03-23,42525.0,27522.0,34940.666666666664,26645.130434782608,42097.44524534391,34482.156342796596,40498.0,
store_23,2015-04-27,2015-04-20,43439.0,28939.0,34704.0,28844.983193277312,42925.55617090842,34496.84023725802,43177.0,
store_23,2015-05-04,2015-04-20,45438.0,28939.0,34704.0,28750.96638655462,43805.65969676141,34496.84023725802,43504.0,
store_23,2015-05-11,2015-04-20,27700.0,28939.0,34704.0,28656.949579831933,27400.825428870045,34496.84023725802,27271.0,
store_23,2015-05-18,2015-04-20,42525.0,28939.0,34704.0,28562.932773109245,42425.90618429397,34496.84023725802,40498.0,
store_23,2015-05-25,2015-04-20,29860.0,28939.0,34704.0,28468.915966386554,29181.960080886336,34496.84023725802,26707.0,
store_23,2015-06-01,2015-04-20,43551.0,28939.0,34704.0,28374.899159663866,42767.45941427153,34496.84023725802,40989.0,
store_23,2015-06-08,2015-04-20,29421.0,28939.0,34704.0,28280.882352941175,27088.01706373556,34496.84023725802,24408.0,
store_23,2015-06-15,2015-04-20,45672.0,28939.0,34704.0,28186.865546218487,41462.95321205108,34496.84023725802,35726.0,
store_23,2015-05-25,2015-05-18,29860.0,42525.0,36527.583333333336,42544.49593495935,29240.528785780218,34664.1181682848,26707.0,
store_23,2015-06-01,2015-05-18,43551.0,42525.0,36527.583333333336,42563.9918699187,42852.753616900554,34664.1181682848,40989.0,
store_23,2015-06-08,2015-05-18,29421.0,42525.0,36527.583333333336,42583.48780487805,27093.395375684937,34664.1181682848,24408.0,
store_23,2015-06-15,2015-05-18,45672.0,42525.0,36527.583333333336,42602.9837398374,41495.09303617592,34664.1181682848,35726.0,
store_23,2015-06-22,2015-05-18,29964.0,42525.0,36527.583333333336,42622.47967479675,28668.646353123288,34664.1181682848,26792.0,
store_23,2015-06-29,2015-05-18,45073.0,42525.0,36527.583333333336,42641.9756097561,41179.16325326483,34664.1181682848,42780.0,
store_23,2015-07-06,2015-05-18,30014.0,42525.0,36527.583333333336,42661.471544715445,29942.419391480267,34664.1181682848,27419.0,
store_23,2015-07-13,2015-05-18,43200.0,42525.0,36527.583333333336,42680.96747967479,40890.12637667064,34664.1181682848,42135.0,
store_24,2015-02-02,2015-01-26,34075.0,34402.0,29234.916666666668,34433.009345794395,35133.20222165493,29988.87494788518,37884.0,
store_24,2015-02-09,2015-01-26,22436.0,34402.0,29234.916666666668,34464.01869158878,24833.006126997425,30036.01980699366,23091.0,
store_24,2015-02-16,2015-01-26,30510.0,34402.0,29234.916666666668,34495.02803738318,30787.747193132178,30083.164666102137,32374.0,
store_24,2015-02-23,2015-01-26,23646.0,34402.0,29234.916666666668,34526.03738317757,24416.715674296676,30130.309525210618,24538.0,
store_24,2015-03-02,2015-01-26,36511.0,34402.0,29234.916666666668,34557.04672897196,37592.34163908304,30177.454384319095,36638.0,
store_24,2015-03-09,2015-01-26,21980.0,34402.0,29234.916666666668,34588.056074766355,23248.032004949164,30224.599243427576,21304.0,
store_24,2015-03-16,2015-01-26,31417.0,34402.0,29234.916666666668,34619.06542056075,31971.998104575483,30271.744102536053,30822.0,
store_24,2015-03-23,2015-01-26,20844.0,34402.0,29234.916666666668,34650.07476635514,22445.095038138264,30318.888961644534,20324.0,
store_24,2015-03-02,2015-02-23,36511.0,23646.0,27811.083333333332,23578.99099099099,37355.303268271346,28624.815426850102,36638.0,
store_24,2015-03-09,2015-02-23,21980.0,23646.0,27811.083333333332,23511.981981981982,22908.993640225584,28575.332729054135,21304.0,
store_24,2015-03-16,2015-02-23,31417.0,23646.0,27811.083333333332,23444.972972972973,31624.909352927847,28525.85003125817,30822.0,
store_24,2015-03-23,2015-02-23,20844.0,23646.0,27811.083333333332,23377.963963963964,22084.21231620179,28476.367333462204,20324.0,
store_24,2015-03-30,2015-02-23,36229.0,23646.0,27811.083333333332,23310.954954954956,34186.14009111483,28426.884635666236,37490.0,
store_24,2015-04-06,2015-02-23,21175.0,23646.0,27811.083333333332,23243.945945945947,21304.09304641831,28377.40193787027,21518.0,
store_24,2015-04-13,2015-02-23,44815.0,23646.0,27811.083333333332,23176.936936936938,46384.14196695179,28327.9192400743,31859.0,
store_24,2015-04-20,2015-02-23,34363.0,23646.0,27811.083333333332,23109.92792792793,39610.16786676178,28278.436542278338,18954.0,
store_24,2015-03-30,2015-03-23,36229.0,20844.0,28134.333333333332,20754.956521739132,33521.251432397505,28030.43132308096,37490.0,
store_24,2015-04-06,2015-03-23,21175.0,20844.0,28134.333333333332,20665.91304347826,20543.467218802758,27968.958749304584,21518.0,
store_24,2015-04-13,2015-03-23,44815.0,20844.0,28134.333333333332,20576.869565217392,45564.836149660274,27907.486175528207,31859.0,
store_24,2015-04-20,2015-03-23,34363.0,20844.0,28134.333333333332,20487.82608695652,38636.38149302603,27846.013601751834,18954.0,
store_24,2015-04-27,2015-03-23,51902.0,20844.0,28134.333333333332,20398.782608695652,52924.92205503088,27784.541027975458,36559.0,
store_24,2015-05-04,2015-03-23,52485.0,20844.0,28134.333333333332,20309.739130434784,56103.737816838824,27723.06845419908,37341.0,
store_24,2015-05-11,2015-03-23,35175.0,20844.0,28134.333333333332,20220.695652173912,39578.276283084895,27661.595880422705,22442.0,
store_24,2015-05-18,2015-03-23,42938.0,20844.0,28134.333333333332,20131.652173913044,44553.101589611135,27600.12330664633,30966.0,
store_24,2015-04-27,2015-04-20,51902.0,34363.0,29833.416666666668,34390.554621848736,51435.61466591672,30471.515650506564,36559.0,
store_24,2015-05-04,2015-04-20,52485.0,34363.0,29833.416666666668,34418.10924369748,54573.16271581213,30517.703197905405,37341.0,
store_24,2015-05-11,2015-04-20,35175.0,34363.0,29833.416666666668,34445.663865546216,38120.23265262667,30563.89074530424,22442.0,
store_24,2015-05-18,2015-04-20,42938.0,34363.0,29833.416666666668,34473.21848739496,43599.678212156774,30610.07829270308,30966.0,
store_24,2015-05-25,2015-04-20,22844.0,34363.0,29833.416666666668,34500.773109243695,22322.135794723006,30656.265840101918,22196.0,
store_24,2015-06-01,2015-04-20,29837.0,34363.0,29833.416666666668,34528.32773109244,29298.411894400313,30702.45338750076,36330.0,
store_24,2015-06-08,2015-04-20,20786.0,34363.0,29833.416666666668,34555.882352941175,19791.402257415262,30748.640934899595,18992.0,
store_24,2015-06-15,2015-04-20,32605.0,34363.0,29833.416666666668,34583.43697478992,30894.065223891594,30794.828482298435,31249.0,
store_24,2015-05-25,2015-05-18,22844.0,42938.0,35819.5,43034.37398373984,21572.48932962268,32446.309266357235,22196.0,
store_24,2015-06-01,2015-05-18,29837.0,42938.0,35819.5,43130.74796747968,28667.0172408534,32515.327327659452,36330.0,
store_24,2015-06-08,2015-05-18,20786.0,42938.0,35819.5,43227.12195121951,19149.883504086087,32584.34538896167,18992.0,
store_24,2015-06-15,2015-05-18,32605.0,42938.0,35819.5,43323.49593495935,30281.33629119051,32653.363450263885,31249.0,
store_24,2015-06-22,2015-05-18,21519.0,42938.0,35819.5,43419.86991869919,19611.54803391313,32722.381511566102,22573.0,
store_24,2015-06-29,2015-05-18,36942.0,42938.0,35819.5,43516.243902439026,31655.586742499687,32791.39957286832,40178.0,
store_24,2015-07-06,2015-05-18,23247.0,42938.0,35819.5,43612.617886178865,21123.315579213337,32860.41763417053,21536.0,
store_24,2015-07-13,2015-05-18,30991.0,42938.0,35819.5,43708.9918699187,28797.19571740033,32929.435695472755,32173.0,
store_25,2015-02-02,2015-01-26,25505.0,28795.0,28220.0,28763.26168224299,26021.600624322644,26540.67398582503,32820.0,
store_25,2015-02-09,2015-01-26,18801.0,28795.0,28220.0,28731.52336448598,18927.419395412897,26540.67398582503,23512.0,
store_25,2015-02-16,2015-01-26,23210.0,28795.0,28220.0,28699.78504672897,22204.511366135506,26540.67398582503,29157.0,
store_25,2015-02-23,2015-01-26,22613.0,28795.0,28220.0,28668.046728971964,21126.005515982226,26540.67398582503,23554.0,
store_25,2015-03-02,2015-01-26,27688.0,28795.0,28220.0,28636.30841121495,27289.189364846326,26540.67398582503,30609.0,
store_25,2015-03-09,2015-01-26,22186.0,28795.0,28220.0,28604.570093457944,21684.603944009614,26540.67398582503,23426.0,
store_25,2015-03-16,2015-01-26,26763.0,28795.0,28220.0,28572.831775700935,27002.72863252459,26540.67398582503,30183.0,
store_25,2015-03-23,2015-01-26,22268.0,28795.0,28220.0,28541.093457943924,20789.414155504186,26540.67398582503,23616.0,
store_25,2015-03-02,2015-02-23,27688.0,22613.0,24831.5,22526.711711711712,27342.3869548254,23710.794960105664,30609.0,
store_25,2015-03-09,2015-02-23,22186.0,22613.0,24831.5,22440.423423423425,21748.07380592842,23710.794960105664,23426.0,
store_25,2015-03-16,2015-02-23,26763.0,22613.0,24831.5,22354.135135135137,27058.08112571647,23710.794960105664,30183.0,
store_25,2015-03-23,2015-02-23,22268.0,22613.0,24831.5,22267.846846846845,20859.618089963027,23710.794960105664,23616.0,
store_25,2015-03-30,2015-02-23,24298.0,22613.0,24831.5,22181.558558558558,24128.643389202378,23710.794960105664,32374.0,
store_25,2015-04-06,2015-02-23,23004.0,22613.0,24831.5,22095.27027027027,21924.67725242935,23710.794960105664,25922.0,
store_25,2015-04-13,2015-02-23,29898.0,22613.0,24831.5,22008.981981981982,28955.82253501856,23710.794960105664,31173.0,
store_25,2015-04-20,2015-02-23,22587.0,22613.0,24831.5,21922.693693693695,22210.070778230423,23710.794960105664,22073.0,
store_25,2015-03-30,2015-03-23,24298.0,22268.0,23813.583333333332,22181.71304347826,24137.359419909408,24168.38872439337,32374.0,
store_25,2015-04-06,2015-03-23,23004.0,22268.0,23813.583333333332,22095.426086956522,21950.066621705555,24168.38872439337,25922.0,
store_25,2015-04-13,2015-03-23,29898.0,22268.0,23813.583333333332,22009.13913043478,28977.52381030115,24168.38872439337,31173.0,
store_25,2015-04-20,2015-03-23,22587.0,22268.0,23813.583333333332,21922.852173913045,22268.212636757176,24168.38872439337,22073.0,
store_25,2015-04-27,2015-03-23,28368.0,22268.0,23813.583333333332,21836.565217391304,28014.246501915986,24168.38872439337,31969.0,
store_25,2015-05-04,2015-03-23,30553.0,22268.0,23813.583333333332,21750.278260869563,29211.0552756943,24168.38872439337,32084.0,
store_25,2015-05-11,2015-03-23,20439.0,22268.0,23813.583333333332,21663.991304347826,20632.64777648264,24168.38872439337,24762.0,
store_25,2015-05-18,2015-03-23,26962.0,22268.0,23813.583333333332,21577.704347826086,28043.39794872854,24168.38872439337,31563.0,
store_25,2015-04-27,2015-04-20,28368.0,22587.0,24068.416666666668,22506.29411764706,28018.30394719317,24653.28681443249,31969.0,
store_25,2015-05-04,2015-04-20,30553.0,22587.0,24068.416666666668,22425.58823529412,29230.266957666623,24653.28681443249,32084.0,
store_25,2015-05-11,2015-04-20,20439.0,22587.0,24068.416666666668,22344.882352941175,20646.207996866582,24653.28681443249,24762.0,
store_25,2015-05-18,2015-04-20,26962.0,22587.0,24068.416666666668,22264.176470588234,28065.807249990157,24653.28681443249,31563.0,
store_25,2015-05-25,2015-04-20,19834.0,22587.0,24068.416666666668,22183.470588235294,19775.016760702198,24653.28681443249,24966.0,
store_25,2015-06-01,2015-04-20,23783.0,22587.0,24068.416666666668,22102.764705882353,25258.88730657802,24653.28681443249,34048.0,
store_25,2015-06-08,2015-04-20,24799.0,22587.0,24068.416666666668,22022.058823529413,23192.00667249672,24653.28681443249,21111.0,
store_25,2015-06-15,2015-04-20,28071.0,22587.0,24068.416666666668,21941.352941176472,27345.959430699248,24653.28681443249,29269.0,
store_25,2015-05-25,2015-05-18,19834.0,26962.0,25417.833333333332,26919.48780487805,19778.149616895826,25578.813285984386,24966.0,
store_25,2015-06-01,2015-05-18,23783.0,26962.0,25417.833333333332,26876.975609756097,25275.19766407298,25578.813285984386,34048.0,
store_25,2015-06-08,2015-05-18,24799.0,26962.0,25417.833333333332,26834.463414634145,23186.690398789833,25578.813285984386,21111.0,
store_25,2015-06-15,2015-05-18,28071.0,26962.0,25417.833333333332,26791.951219512193,27352.766640825972,25578.813285984386,29269.0,
store_25,2015-06-22,2015-05-18,22500.0,26962.0,25417.833333333332,26749.439024390245,21026.537782943986,25578.813285984386,26808.0,
store_25,2015-06-29,2015-05-18,26978.0,26962.0,25417.833333333332,26706.926829268294,27347.78919723458,25578.813285984386,34157.0,
store_25,2015-07-06,2015-05-18,23031.0,26962.0,25417.833333333332,26664.414634146342,22772.272263306088,25578.813285984386,26982.0,
store_25,2015-07-13,2015-05-18,28918.0,26962.0,25417.833333333332,26621.90243902439,28265.50109285536,25578.813285984386,35322.0,
store_26,2015-02-02,2015-01-26,70939.0,69275.0,65829.5,69302.71962616823,69916.09326617423,63252.496299743296,68487.0,
store_26,2015-02-09,2015-01-26,51404.0,69275.0,65829.5,69330.43925233645,54774.09186628681,63340.09391458752,51637.0,
store_26,2015-02-16,2015-01-26,67972.0,69275.0,65829.5,69358.15887850468,67008.20066238161,63427.691529431744,65649.0,
store_26,2015-02-23,2015-01-26,52524.0,69275.0,65829.5,69385.8785046729,55225.541812868796,63515.28914427597,50217.0,
store_26,2015-03-02,2015-01-26,71908.0,69275.0,65829.5,69413.59813084113,71686.44744637288,63602.88675912019,70320.0,
store_26,2015-03-09,2015-01-26,54244.0,69275.0,65829.5,69441.31775700934,56246.62806170028,63690.48437396442,49327.0,
store_26,2015-03-16,2015-01-26,70036.0,69275.0,65829.5,69469.03738317757,71232.04772720113,63778.08198880864,62755.0,
store_26,2015-03-23,2015-01-26,54732.0,69275.0,65829.5,69496.75700934579,55519.87896268997,63865.67960365286,54443.0,
store_26,2015-03-02,2015-02-23,71908.0,52524.0,62507.5,52399.81081081081,71665.22035694873,63233.02936888292,70320.0,
store_26,2015-03-09,2015-02-23,54244.0,52524.0,62507.5,52275.62162162162,54073.26015835682,63315.3568724387,49327.0,
store_26,2015-03-16,2015-02-23,70036.0,52524.0,62507.5,52151.43243243243,70846.52248980147,63397.68437599449,62755.0,
store_26,2015-03-23,2015-02-23,54732.0,52524.0,62507.5,52027.24324324324,53631.02765114835,63480.01187955027,54443.0,
store_26,2015-03-30,2015-02-23,77943.0,52524.0,62507.5,51903.05405405405,70655.17243736664,63562.33938310606,71637.0,
store_26,2015-04-06,2015-02-23,44986.0,52524.0,62507.5,51778.86486486487,44354.98966030954,63644.66688666184,53836.0,
store_26,2015-04-13,2015-02-23,71845.0,52524.0,62507.5,51654.67567567567,71659.94513841324,63726.99439021763,63086.0,
store_26,2015-04-20,2015-02-23,48970.0,52524.0,62507.5,51530.48648648649,49795.40126896721,63809.32189377341,41343.0,
store_26,2015-03-30,2015-03-23,77943.0,54732.0,62365.416666666664,54631.330434782605,70663.73007380276,63395.151678277216,71637.0,
store_26,2015-04-06,2015-03-23,44986.0,54732.0,62365.416666666664,54530.66086956522,44505.171239151925,63474.92378008745,53836.0,
store_26,2015-04-13,2015-03-23,71845.0,54732.0,62365.416666666664,54429.99130434782,71827.62630359519,63554.695881897685,63086.0,
store_26,2015-04-20,2015-03-23,48970.0,54732.0,62365.416666666664,54329.321739130435,50112.666458259286,63634.467983707924,41343.0,
store_26,2015-04-27,2015-03-23,66597.0,54732.0,62365.416666666664,54228.65217391304,65026.85195381124,63714.240085518155,62900.0,
store_26,2015-05-04,2015-03-23,72716.0,54732.0,62365.416666666664,54127.98260869565,73482.66570639954,63794.01218732839,69153.0,
store_26,2015-05-11,2015-03-23,47052.0,54732.0,62365.416666666664,54027.31304347826,50033.81727110909,63873.784289138624,48003.0,
store_26,2015-05-18,2015-03-23,66048.0,54732.0,62365.416666666664,53926.64347826087,66597.76943692504,63953.55639094886,61450.0,
store_26,2015-04-27,2015-04-20,66597.0,48970.0,61458.583333333336,48824.294117647056,64308.00982351639,63533.3669610055,62900.0,
store_26,2015-05-04,2015-04-20,72716.0,48970.0,61458.583333333336,48678.58823529412,73012.74397487521,63610.75297767672,69153.0,
store_26,2015-05-11,2015-04-20,47052.0,48970.0,61458.583333333336,48532.882352941175,49373.06161656603,63688.13899434794,48003.0,
store_26,2015-05-18,2015-04-20,66048.0,48970.0,61458.583333333336,48387.17647058824,66416.44307301487,63765.525011019155,61450.0,
store_26,2015-05-25,2015-04-20,47692.0,48970.0,61458.583333333336,48241.470588235294,46389.356293584424,63842.911027690374,47231.0,
store_26,2015-06-01,2015-04-20,66428.0,48970.0,61458.583333333336,48095.76470588235,63925.56140025622,63920.29704436159,69201.0,
store_26,2015-06-08,2015-04-20,53708.0,48970.0,61458.583333333336,47950.05882352941,53157.1524065251,63997.68306103281,45449.0,
store_26,2015-06-15,2015-04-20,71370.0,48970.0,61458.583333333336,47804.35294117647,69073.57573383291,64075.06907770403,59449.0,
store_26,2015-05-25,2015-05-18,47692.0,66048.0,62256.416666666664,66045.87804878049,45804.005860475714,63738.02977789342,47231.0,
store_26,2015-06-01,2015-05-18,66428.0,66048.0,62256.416666666664,66043.75609756098,63621.24313038988,63814.04652399788,69201.0,
store_26,2015-06-08,2015-05-18,53708.0,66048.0,62256.416666666664,66041.63414634146,52056.66456435672,63890.06327010234,45449.0,
store_26,2015-06-15,2015-05-18,71370.0,66048.0,62256.416666666664,66039.51219512195,68284.65563931882,63966.080016206804,59449.0,
store_26,2015-06-22,2015-05-18,53913.0,66048.0,62256.416666666664,66037.39024390244,51093.74043583125,64042.09676231127,52553.0,
store_26,2015-06-29,2015-05-18,75505.0,66048.0,62256.416666666664,66035.26829268293,70102.36139019382,64118.11350841573,77460.0,
store_26,2015-07-06,2015-05-18,52677.0,66048.0,62256.416666666664,66033.14634146342,50920.67576251138,64194.13025452019,51413.0,
store_26,2015-07-13,2015-05-18,65226.0,66048.0,62256.416666666664,66031.0243902439,61473.60162288764,64270.14700062465,62809.0,
store_27,2015-02-02,2015-01-26,40729.0,43530.0,39448.916666666664,43465.588785046726,42168.85907929256,40083.21515216487,49969.0,
store_27,2015-02-09,2015-01-26,31070.0,43530.0,39448.916666666664,43401.17757009346,32574.548158150963,40083.21515216487,34954.0,
store_27,2015-02-16,2015-01-26,39470.0,43530.0,39448.916666666664,43336.766355140186,36812.92309288944,40083.21515216487,47324.0,
store_27,2015-02-23,2015-01-26,31156.0,43530.0,39448.916666666664,43272.35514018692,30053.2697815729,40083.21515216487,35405.0,
store_27,2015-03-02,2015-01-26,43384.0,43530.0,39448.916666666664,43207.943925233645,43963.66741516169,40083.21515216487,45162.0,
store_27,2015-03-09,2015-01-26,28820.0,43530.0,39448.916666666664,43143.53271028037,29041.909528821245,40083.21515216487,33664.0,
store_27,2015-03-16,2015-01-26,41597.0,43530.0,39448.916666666664,43079.121495327105,42767.128524582266,40083.21515216487,43852.0,
store_27,2015-03-23,2015-01-26,32344.0,43530.0,39448.916666666664,43014.71028037383,32403.614030925328,40083.21515216487,35429.0,
store_27,2015-03-02,2015-02-23,43384.0,31156.0,37555.25,30982.432432432433,44033.87062392297,39925.68197245896,45162.0,
store_27,2015-03-09,2015-02-23,28820.0,31156.0,37555.25,30808.864864864863,29107.496986788028,39925.68197245896,33664.0,
store_27,2015-03-16,2015-02-23,41597.0,31156.0,37555.25,30635.297297297297,42855.37724676403,39925.68197245896,43852.0,
store_27,2015-03-23,2015-02-23,32344.0,31156.0,37555.25,30461.72972972973,32418.502189282233,39925.68197245896,35429.0,
store_27,2015-03-30,2015-02-23,43181.0,31156.0,37555.25,30288.162162162163,41292.99893642713,39925.68197245896,49689.0,
store_27,2015-04-06,2015-02-23,26232.0,31156.0,37555.25,30114.594594594593,25412.60685111588,39925.68197245896,35269.0,
store_27,2015-04-13,2015-02-23,44083.0,31156.0,37555.25,29941.027027027027,45114.15621965202,39925.68197245896,44552.0,
store_27,2015-04-20,2015-02-23,29081.0,31156.0,37555.25,29767.45945945946,30257.93099782415,39925.68197245896,27365.0,
store_27,2015-03-30,2015-03-23,43181.0,32344.0,36973.5,32186.8,41266.203614527,39807.21087657402,49689.0,
store_27,2015-04-06,2015-03-23,26232.0,32344.0,36973.5,32029.6,25392.51699085956,39807.21087657402,35269.0,
store_27,2015-04-13,2015-03-23,44083.0,32344.0,36973.5,31872.4,45066.60589421375,39807.21087657402,44552.0,
store_27,2015-04-20,2015-03-23,29081.0,32344.0,36973.5,31715.2,30222.926801049754,39807.21087657402,27365.0,
store_27,2015-04-27,2015-03-23,41023.0,32344.0,36973.5,31558.0,40115.08449001524,39807.21087657402,45990.0,
store_27,2015-05-04,2015-03-23,45341.0,32344.0,36973.5,31400.8,46731.54957365768,39807.21087657402,47605.0,
store_27,2015-05-11,2015-03-23,29909.0,32344.0,36973.5,31243.6,28742.389677725856,39807.21087657402,31155.0,
store_27,2015-05-18,2015-03-23,42081.0,32344.0,36973.5,31086.4,43034.81021760422,39807.21087657402,45906.0,
store_27,2015-04-27,2015-04-20,41023.0,29081.0,35928.916666666664,28901.66386554622,40128.582862966454,39661.30289811522,45990.0,
store_27,2015-05-04,2015-04-20,45341.0,29081.0,35928.916666666664,28722.32773109244,46717.52502801823,39661.30289811522,47605.0,
store_27,2015-05-11,2015-04-20,29909.0,29081.0,35928.916666666664,28542.991596638654,28726.701125565563,39661.30289811522,31155.0,
store_27,2015-05-18,2015-04-20,42081.0,29081.0,35928.916666666664,28363.655462184874,43022.5615375508,39661.30289811522,45906.0,
store_27,2015-05-25,2015-04-20,31020.0,29081.0,35928.916666666664,28184.319327731093,28398.15250554828,39661.30289811522,31498.0,
store_27,2015-06-01,2015-04-20,41230.0,29081.0,35928.916666666664,28004.983193277312,40833.72856725414,39661.30289811522,50018.0,
store_27,2015-06-08,2015-04-20,31682.0,29081.0,35928.916666666664,27825.647058823528,31197.592377577283,39661.30289811522,28665.0,
store_27,2015-06-15,2015-04-20,47098.0,29081.0,35928.916666666664,27646.310924369747,45137.99865041383,39661.30289811522,43044.0,
store_27,2015-05-25,2015-05-18,31020.0,42081.0,37256.333333333336,42013.186991869916,28539.86803821817,39656.960542198765,31498.0,
store_27,2015-06-01,2015-05-18,41230.0,42081.0,37256.333333333336,41945.37398373984,40948.36234144309,39656.960542198765,50018.0,
store_27,2015-06-08,2015-05-18,31682.0,42081.0,37256.333333333336,41877.560975609755,31194.00242441399,39656.960542198765,28665.0,
store_27,2015-06-15,2015-05-18,47098.0,42081.0,37256.333333333336,41809.74796747968,45104.70720494788,39656.960542198765,43044.0,
store_27,2015-06-22,2015-05-18,34030.0,42081.0,37256.333333333336,41741.93495934959,32772.54129671705,39656.960542198765,37122.0,
store_27,2015-06-29,2015-05-18,47855.0,42081.0,37256.333333333336,41674.12195121951,44864.00620071884,39656.960542198765,51366.0,
store_27,2015-07-06,2015-05-18,31905.0,42081.0,37256.333333333336,41606.30894308943,30023.091013292073,39656.960542198765,33966.0,
store_27,2015-07-13,2015-05-18,41134.0,42081.0,37256.333333333336,41538.49593495935,40819.00034044225,39656.960542198765,42648.0,
store_28,2015-02-02,2015-01-26,32610.0,34791.0,33474.0,34792.345794392524,33647.18942132777,30965.88968652085,35890.0,
store_28,2015-02-09,2015-01-26,26478.0,34791.0,33474.0,34793.69158878505,28195.379123874125,30965.88968652085,25822.0,
store_28,2015-02-16,2015-01-26,33028.0,34791.0,33474.0,34795.03738317757,33095.43550416893,30965.88968652085,31700.0,
store_28,2015-02-23,2015-01-26,26604.0,34791.0,33474.0,34796.3831775701,26557.91411213136,30965.88968652085,24862.0,
store_28,2015-03-02,2015-01-26,35893.0,34791.0,33474.0,34797.72897196261,35846.83656545603,30965.88968652085,32435.0,
store_28,2015-03-09,2015-01-26,25739.0,34791.0,33474.0,34799.07476635514,25615.669104244058,30965.88968652085,23123.0,
store_28,2015-03-16,2015-01-26,33178.0,34791.0,33474.0,34800.42056074766,33608.575392946135,30965.88968652085,32783.0,
store_28,2015-03-23,2015-01-26,26234.0,34791.0,33474.0,34801.766355140186,25992.596059766583,30965.88968652085,22609.0,
store_28,2015-03-02,2015-02-23,35893.0,26604.0,31700.75,26531.54054054054,35580.33692444314,30929.74097209402,32435.0,
store_28,2015-03-09,2015-02-23,25739.0,26604.0,31700.75,26459.08108108108,25231.917937547783,30929.74097209402,23123.0,
store_28,2015-03-16,2015-02-23,33178.0,26604.0,31700.75,26386.62162162162,33245.75650138594,30929.74097209402,32783.0,
store_28,2015-03-23,2015-02-23,26234.0,26604.0,31700.75,26314.162162162163,25565.082316883665,30929.74097209402,22609.0,
store_28,2015-03-30,2015-02-23,39118.0,26604.0,31700.75,26241.702702702703,38979.81998554518,30929.74097209402,34900.0,
store_28,2015-04-06,2015-02-23,21210.0,26604.0,31700.75,26169.243243243243,19999.436912204896,30929.74097209402,24962.0,
store_28,2015-04-13,2015-02-23,36610.0,26604.0,31700.75,26096.783783783783,35562.175799552584,30929.74097209402,34457.0,
store_28,2015-04-20,2015-02-23,24325.0,26604.0,31700.75,26024.324324324323,24340.987438252952,30929.74097209402,20189.0,
store_28,2015-03-30,2015-03-23,39118.0,26234.0,30649.333333333332,26160.84347826087,39169.0207672636,30905.723366928785,34900.0,
store_28,2015-04-06,2015-03-23,21210.0,26234.0,30649.333333333332,26087.68695652174,20251.19273940497,30905.723366928785,24962.0,
store_28,2015-04-13,2015-03-23,36610.0,26234.0,30649.333333333332,26014.53043478261,35684.486771335825,30905.723366928785,34457.0,
store_28,2015-04-20,2015-03-23,24325.0,26234.0,30649.333333333332,25941.373913043477,24497.248473430984,30905.723366928785,20189.0,
store_28,2015-04-27,2015-03-23,33728.0,26234.0,30649.333333333332,25868.217391304348,32854.29216258763,30905.723366928785,34605.0,
store_28,2015-05-04,2015-03-23,36155.0,26234.0,30649.333333333332,25795.06086956522,36212.231414979324,30905.723366928785,34935.0,
store_28,2015-05-11,2015-03-23,23954.0,26234.0,30649.333333333332,25721.904347826086,24433.715178327868,30905.723366928785,23040.0,
store_28,2015-05-18,2015-03-23,34879.0,26234.0,30649.333333333332,25648.747826086958,35684.486771335825,30905.723366928785,32444.0,
store_28,2015-04-27,2015-04-20,33728.0,24325.0,30085.583333333332,24238.26050420168,32896.0,30898.614593675877,34605.0,
store_28,2015-05-04,2015-04-20,36155.0,24325.0,30085.583333333332,24151.52100840336,36096.0,30898.614593675877,34935.0,
store_28,2015-05-11,2015-04-20,23954.0,24325.0,30085.583333333332,24064.78151260504,24448.0,30898.614593675877,23040.0,
store_28,2015-05-18,2015-04-20,34879.0,24325.0,30085.583333333332,23978.04201680672,35584.0,30898.614593675877,32444.0,
store_28,2015-05-25,2015-04-20,25060.0,24325.0,30085.583333333332,23891.3025210084,23680.0,30898.614593675877,25559.0,
store_28,2015-06-01,2015-04-20,35204.0,24325.0,30085.583333333332,23804.563025210085,35456.0,30898.614593675877,35691.0,
store_28,2015-06-08,2015-04-20,27891.0,24325.0,30085.583333333332,23717.823529411766,26752.0,30898.614593675877,23876.0,
store_28,2015-06-15,2015-04-20,37197.0,24325.0,30085.583333333332,23631.084033613446,37376.0,30898.614593675877,33303.0,
store_28,2015-05-25,2015-05-18,25060.0,34879.0,30918.583333333332,34880.88617886179,23462.44427174414,30929.72760089233,25559.0,
store_28,2015-06-01,2015-05-18,35204.0,34879.0,30918.583333333332,34882.772357723574,35487.32385404711,30929.72760089233,35691.0,
store_28,2015-06-08,2015-05-18,27891.0,34879.0,30918.583333333332,34884.65853658537,26926.805113337497,30929.72760089233,23876.0,
store_28,2015-06-15,2015-05-18,37197.0,34879.0,30918.583333333332,34886.544715447155,37566.732957709755,30929.72760089233,33303.0,
store_28,2015-06-22,2015-05-18,25543.0,34879.0,30918.583333333332,34888.43089430894,24679.57537491125,30929.72760089233,25382.0,
store_28,2015-06-29,2015-05-18,38295.0,34879.0,30918.583333333332,34890.31707317073,36030.85651777816,30929.72760089233,37987.0,
store_28,2015-07-06,2015-05-18,27705.0,34879.0,30918.583333333332,34892.20325203252,27492.65432804913,30929.72760089233,25422.0,
store_28,2015-07-13,2015-05-18,36896.0,34879.0,30918.583333333332,34894.08943089431,36386.53316702548,30929.72760089233,33956.0,
store_29,2015-02-02,2015-01-26,48111.0,47936.0,46976.833333333336,47939.233644859814,48829.93440959294,44193.110791265295,47771.0,
store_29,2015-02-09,2015-01-26,37525.0,47936.0,46976.833333333336,47942.46728971963,38806.586453387135,44193.110791265295,34453.0,
store_29,2015-02-16,2015-01-26,45761.0,47936.0,46976.833333333336,47945.700934579436,46699.65779004032,44193.110791265295,42995.0,
store_29,2015-02-23,2015-01-26,39771.0,47936.0,46976.833333333336,47948.93457943925,39578.000116622396,44193.110791265295,35776.0,
store_29,2015-03-02,2015-01-26,47925.0,47936.0,46976.833333333336,47952.168224299065,48293.76005280462,44193.110791265295,45610.0,
store_29,2015-03-09,2015-01-26,37617.0,47936.0,46976.833333333336,47955.40186915888,37385.256197248775,44193.110791265295,30532.0,
store_29,2015-03-16,2015-01-26,49743.0,47936.0,46976.833333333336,47958.63551401869,48954.71231085193,44193.110791265295,41132.0,
store_29,2015-03-23,2015-01-26,41246.0,47936.0,46976.833333333336,47961.86915887851,40483.20723008509,44193.110791265295,35928.0,
store_29,2015-03-02,2015-02-23,47925.0,39771.0,43793.416666666664,39700.55855855856,48255.678939176294,43762.39917300949,45610.0,
store_29,2015-03-09,2015-02-23,37617.0,39771.0,43793.416666666664,39630.117117117115,37275.97724786224,43762.39917300949,30532.0,
store_29,2015-03-16,2015-02-23,49743.0,39771.0,43793.416666666664,39559.67567567567,48826.900223233984,43762.39917300949,41132.0,
store_29,2015-03-23,2015-02-23,41246.0,39771.0,43793.416666666664,39489.23423423423,40346.230857574075,43762.39917300949,35928.0,
store_29,2015-03-30,2015-02-23,55647.0,39771.0,43793.416666666664,39418.792792792796,52619.07587924673,43762.39917300949,49923.0,
store_29,2015-04-06,2015-02-23,35378.0,39771.0,43793.416666666664,39348.35135135135,36707.89913438474,43762.39917300949,35720.0,
store_29,2015-04-13,2015-02-23,50962.0,39771.0,43793.416666666664,39277.90990990991,49571.44942565975,43762.39917300949,47963.0,
store_29,2015-04-20,2015-02-23,37069.0,39771.0,43793.416666666664,39207.46846846847,36354.212223506285,43762.39917300949,28878.0,
store_29,2015-03-30,2015-03-23,55647.0,41246.0,43402.333333333336,41190.8347826087,53193.63144794494,44298.07282971967,49923.0,
store_29,2015-04-06,2015-03-23,35378.0,41246.0,43402.333333333336,41135.669565217395,37121.03518708165,44351.957563839904,35720.0,
store_29,2015-04-13,2015-03-23,50962.0,41246.0,43402.333333333336,41080.504347826085,49877.30019463396,44405.84229796014,47963.0,
store_29,2015-04-20,2015-03-23,37069.0,41246.0,43402.333333333336,41025.33913043478,36620.16354029844,44459.72703208037,28878.0,
store_29,2015-04-27,2015-03-23,49038.0,41246.0,43402.333333333336,40970.17391304348,47910.594346679776,44513.61176620061,42042.0,
store_29,2015-05-04,2015-03-23,51540.0,41246.0,43402.333333333336,40915.00869565218,49733.599125312714,44567.49650032084,46461.0,
store_29,2015-05-11,2015-03-23,34738.0,41246.0,43402.333333333336,40859.84347826087,34601.853268900515,44621.381234441076,33686.0,
store_29,2015-05-18,2015-03-23,48830.0,41246.0,43402.333333333336,40804.678260869565,47500.615071740285,44675.26596856131,43384.0,
store_29,2015-04-27,2015-04-20,49038.0,37069.0,43896.25,36980.58823529412,48397.93214745501,44578.03476471485,42042.0,
store_29,2015-05-04,2015-04-20,51540.0,37069.0,43896.25,36892.17647058824,50202.68261082523,44632.6484592823,46461.0,
store_29,2015-05-11,2015-04-20,34738.0,37069.0,43896.25,36803.76470588235,35044.088391900375,44687.26215384975,33686.0,
store_29,2015-05-18,2015-04-20,48830.0,37069.0,43896.25,36715.35294117647,47955.973234150515,44741.8758484172,43384.0,
store_29,2015-05-25,2015-04-20,35723.0,37069.0,43896.25,36626.94117647059,35727.31194168567,44796.48954298465,33376.0,
store_29,2015-06-01,2015-04-20,51617.0,37069.0,43896.25,36538.529411764706,50743.31802908397,44851.1032375521,49720.0,
store_29,2015-06-08,2015-04-20,36450.0,37069.0,43896.25,36450.117647058825,37506.10356523078,44905.71693211955,29835.0,
store_29,2015-06-15,2015-04-20,49323.0,37069.0,43896.25,36361.705882352944,48107.62583286017,44960.330626687,44186.0,
store_29,2015-05-25,2015-05-18,35723.0,48830.0,44977.75,48840.081300813006,36128.5256111904,44874.89315553003,33376.0,
store_29,2015-06-01,2015-05-18,51617.0,48830.0,44977.75,48850.16260162602,51086.5584239406,44930.65743575413,49720.0,
store_29,2015-06-08,2015-05-18,36450.0,48830.0,44977.75,48860.243902439026,37769.08442934282,44986.42171597823,29835.0,
store_29,2015-06-15,2015-05-18,49323.0,48830.0,44977.75,48870.32520325203,48362.1788037066,45042.18599620233,44186.0,
store_29,2015-06-22,2015-05-18,37337.0,48830.0,44977.75,48880.40650406504,37296.98249343276,45097.95027642643,33725.0,
store_29,2015-06-29,2015-05-18,52475.0,48830.0,44977.75,48890.48780487805,49693.94603414055,45153.714556650535,50860.0,
store_29,2015-07-06,2015-05-18,39002.0,48830.0,44977.75,48900.56910569106,38783.75711804941,45209.47883687463,38312.0,
store_29,2015-07-13,2015-05-18,50227.0,48830.0,44977.75,48910.650406504064,48725.03946282514,45265.24311709873,44336.0,
store_3,2015-02-02,2015-01-26,56451.0,54120.0,53531.583333333336,54163.878504672895,55296.0,51874.184928963914,56784.0,
store_3,2015-02-09,2015-01-26,45189.0,54120.0,53531.583333333336,54207.7570093458,42112.0,51874.184928963914,41609.0,
store_3,2015-02-16,2015-01-26,53665.0,54120.0,53531.583333333336,54251.63551401869,50944.0,51874.184928963914,52596.0,
store_3,2015-02-23,2015-01-26,43722.0,54120.0,53531.583333333336,54295.51401869159,41728.0,51874.184928963914,41960.0,
store_3,2015-03-02,2015-01-26,55831.0,54120.0,53531.583333333336,54339.392523364484,50944.0,51874.184928963914,55951.0,
store_3,2015-03-09,2015-01-26,43026.0,54120.0,53531.583333333336,54383.27102803739,39424.0,51874.184928963914,39090.0,
store_3,2015-03-16,2015-01-26,51179.0,54120.0,53531.583333333336,54427.14953271028,48768.0,51874.184928963914,48960.0,
store_3,2015-03-23,2015-01-26,40970.0,54120.0,53531.583333333336,54471.02803738318,40064.0,51874.184928963914,40794.0,
store_3,2015-03-02,2015-02-23,55831.0,43722.0,50456.583333333336,43670.62162162162,52476.737801484036,50587.65345216907,55951.0,
store_3,2015-03-09,2015-02-23,43026.0,43722.0,50456.583333333336,43619.24324324324,40598.73578284731,50587.65345216907,39090.0,
store_3,2015-03-16,2015-02-23,51179.0,43722.0,50456.583333333336,43567.86486486487,49963.081006141445,50587.65345216907,48960.0,
store_3,2015-03-23,2015-02-23,40970.0,43722.0,50456.583333333336,43516.48648648649,41236.26389015748,50587.65345216907,40794.0,
store_3,2015-03-30,2015-02-23,65356.0,43722.0,50456.583333333336,43465.10810810811,59883.98290110779,50587.65345216907,57075.0,
store_3,2015-04-06,2015-02-23,40149.0,43722.0,50456.583333333336,43413.72972972973,41228.28816401839,50587.65345216907,43059.0,
store_3,2015-04-13,2015-02-23,54900.0,43722.0,50456.583333333336,43362.35135135135,54966.44295960282,50587.65345216907,62243.0,
store_3,2015-04-20,2015-02-23,41735.0,43722.0,50456.583333333336,43310.97297297297,39721.632482323825,50587.65345216907,36703.0,
store_3,2015-03-30,2015-03-23,65356.0,40970.0,49029.75,40896.47826086957,58880.0,48816.90782362446,57075.0,
store_3,2015-04-06,2015-03-23,40149.0,40970.0,49029.75,40822.95652173913,40192.0,48816.90782362446,43059.0,
store_3,2015-04-13,2015-03-23,54900.0,40970.0,49029.75,40749.434782608696,53760.0,48816.90782362446,62243.0,
store_3,2015-04-20,2015-03-23,41735.0,40970.0,49029.75,40675.913043478264,38912.0,48816.90782362446,36703.0,
store_3,2015-04-27,2015-03-23,56267.0,40970.0,49029.75,40602.391304347824,50688.0,48816.90782362446,58212.0,
store_3,2015-05-04,2015-03-23,58306.0,40970.0,49029.75,40528.86956521739,57344.0,48816.90782362446,57288.0,
store_3,2015-05-11,2015-03-23,43276.0,40970.0,49029.75,40455.34782608696,41472.0,48816.90782362446,41222.0,
store_3,2015-05-18,2015-03-23,58526.0,40970.0,49029.75,40381.82608695652,54784.0,48816.90782362446,50543.0,
store_3,2015-04-27,2015-04-20,56267.0,41735.0,49347.75,41670.378151260506,52224.0,49390.05247626088,58212.0,
store_3,2015-05-04,2015-04-20,58306.0,41735.0,49347.75,41605.75630252101,58368.0,49390.05247626088,57288.0,
store_3,2015-05-11,2015-04-20,43276.0,41735.0,49347.75,41541.13445378151,41984.0,49390.05247626088,41222.0,
store_3,2015-05-18,2015-04-20,58526.0,41735.0,49347.75,41476.512605042015,55296.0,49390.05247626088,50543.0,
store_3,2015-05-25,2015-04-20,42268.0,41735.0,49347.75,41411.89075630252,39936.0,49390.05247626088,44844.0,
store_3,2015-06-01,2015-04-20,62080.0,41735.0,49347.75,41347.268907563026,60416.0,49390.05247626088,61720.0,
store_3,2015-06-08,2015-04-20,45780.0,41735.0,49347.75,41282.64705882353,45056.0,49390.05247626088,44139.0,
store_3,2015-06-15,2015-04-20,57571.0,41735.0,49347.75,41218.02521008404,55296.0,49390.05247626088,55198.0,
store_3,2015-05-25,2015-05-18,42268.0,58526.0,50793.416666666664,58599.9918699187,40960.0,51327.2815406138,44844.0,
store_3,2015-06-01,2015-05-18,62080.0,58526.0,50793.416666666664,58673.9837398374,62464.0,51327.2815406138,61720.0,
store_3,2015-06-08,2015-05-18,45780.0,58526.0,50793.416666666664,58747.9756097561,45056.0,51327.2815406138,44139.0,
store_3,2015-06-15,2015-05-18,57571.0,58526.0,50793.416666666664,58821.96747967479,55296.0,51327.2815406138,55198.0,
store_3,2015-06-22,2015-05-18,43437.0,58526.0,50793.416666666664,58895.9593495935,45056.0,51327.2815406138,45466.0,
store_3,2015-06-29,2015-05-18,69082.0,58526.0,50793.416666666664,58969.95121951219,65536.0,51327.2815406138,63612.0,
store_3,2015-07-06,2015-05-18,54733.0,58526.0,50793.416666666664,59043.9430894309,53248.0,51327.2815406138,50705.0,
store_3,2015-07-13,2015-05-18,63613.0,58526.0,50793.416666666664,59117.93495934959,58368.0,51327.2815406138,60628.0,
store_30,2015-02-02,2015-01-26,24086.0,23925.0,23527.0,23870.96261682243,23934.541172295136,22452.729227113206,27909.0,
store_30,2015-02-09,2015-01-26,18776.0,23925.0,23527.0,23816.92523364486,18268.96202028835,22452.729227113206,22141.0,
store_30,2015-02-16,2015-01-26,23433.0,23925.0,23527.0,23762.88785046729,21951.563604806717,22452.729227113206,24125.0,
store_30,2015-02-23,2015-01-26,19813.0,23925.0,23527.0,23708.850467289718,20779.28426760685,22452.729227113206,22453.0,
store_30,2015-03-02,2015-01-26,23548.0,23925.0,23527.0,23654.81308411215,22458.56867171418,22452.729227113206,26455.0,
store_30,2015-03-09,2015-01-26,18499.0,23925.0,23527.0,23600.77570093458,18064.69085310738,22452.729227113206,19676.0,
store_30,2015-03-16,2015-01-26,23410.0,23925.0,23527.0,23546.73831775701,22990.480565186317,22452.729227113206,24317.0,
store_30,2015-03-23,2015-01-26,20196.0,23925.0,23527.0,23492.70093457944,19303.125411835048,22452.729227113206,20816.0,
store_30,2015-03-02,2015-02-23,23548.0,19813.0,21909.75,19723.864864864863,21951.338138383475,21980.304751759202,26455.0,
store_30,2015-03-09,2015-02-23,18499.0,19813.0,21909.75,19634.72972972973,18077.29740539935,21980.304751759202,19676.0,
store_30,2015-03-16,2015-02-23,23410.0,19813.0,21909.75,19545.594594594593,23012.815844758363,21980.304751759202,24317.0,
store_30,2015-03-23,2015-02-23,20196.0,19813.0,21909.75,19456.45945945946,19318.85548793668,21980.304751759202,20816.0,
store_30,2015-03-30,2015-02-23,24046.0,19813.0,21909.75,19367.324324324323,24735.94192154052,21980.304751759202,26027.0,
store_30,2015-04-06,2015-02-23,16513.0,19813.0,21909.75,19278.18918918919,17084.632755916653,21980.304751759202,22763.0,
store_30,2015-04-13,2015-02-23,24300.0,19813.0,21909.75,19189.054054054053,23682.344037210794,21980.304751759202,26391.0,
store_30,2015-04-20,2015-02-23,19490.0,19813.0,21909.75,19099.91891891892,20390.69561047385,21980.304751759202,19687.0,
store_30,2015-03-30,2015-03-23,24046.0,20196.0,21740.333333333332,20113.295652173914,24778.849311018992,21696.74654121611,26027.0,
store_30,2015-04-06,2015-03-23,16513.0,20196.0,21740.333333333332,20030.591304347825,17452.865975045912,21696.74654121611,22763.0,
store_30,2015-04-13,2015-03-23,24300.0,20196.0,21740.333333333332,19947.88695652174,23660.44805073177,21696.74654121611,26391.0,
store_30,2015-04-20,2015-03-23,19490.0,20196.0,21740.333333333332,19865.182608695653,20115.768423155503,21696.74654121611,19687.0,
store_30,2015-04-27,2015-03-23,23032.0,20196.0,21740.333333333332,19782.478260869564,22751.21306150437,21696.74654121611,23357.0,
store_30,2015-05-04,2015-03-23,24688.0,20196.0,21740.333333333332,19699.77391304348,25602.013014026666,21696.74654121611,26684.0,
store_30,2015-05-11,2015-03-23,15575.0,20196.0,21740.333333333332,19617.069565217393,16263.213351224957,21696.74654121611,21945.0,
store_30,2015-05-18,2015-03-23,23211.0,20196.0,21740.333333333332,19534.365217391303,25240.1225821723,21696.74654121611,25946.0,
store_30,2015-04-27,2015-04-20,23032.0,19490.0,21342.5,19404.14285714286,22722.535308633178,21408.86901881922,23357.0,
store_30,2015-05-04,2015-04-20,24688.0,19490.0,21342.5,19318.285714285714,25569.555581850567,21408.86901881922,26684.0,
store_30,2015-05-11,2015-04-20,15575.0,19490.0,21342.5,19232.428571428572,16233.655059503646,21408.86901881922,21945.0,
store_30,2015-05-18,2015-04-20,23211.0,19490.0,21342.5,19146.571428571428,25205.299401669818,21408.86901881922,25946.0,
store_30,2015-05-25,2015-04-20,16977.0,19490.0,21342.5,19060.714285714286,17425.759213514342,21408.86901881922,19287.0,
store_30,2015-06-01,2015-04-20,24734.0,19490.0,21342.5,18974.85714285714,23783.516028694186,21408.86901881922,22506.0,
store_30,2015-06-08,2015-04-20,18837.0,19490.0,21342.5,18889.0,18707.260872009036,21408.86901881922,15901.0,
store_30,2015-06-15,2015-04-20,23179.0,19490.0,21342.5,18803.14285714286,23331.454455720683,21408.86901881922,22110.0,
store_30,2015-05-25,2015-05-18,16977.0,23211.0,21375.666666666668,23158.18699186992,17388.366852685976,20925.41558822633,19287.0,
store_30,2015-06-01,2015-05-18,24734.0,23211.0,21375.666666666668,23105.37398373984,23654.291608980373,20890.593436475763,22506.0,
store_30,2015-06-08,2015-05-18,18837.0,23211.0,21375.666666666668,23052.560975609755,18721.507375166544,20855.7712847252,15901.0,
store_30,2015-06-15,2015-05-18,23179.0,23211.0,21375.666666666668,22999.747967479674,23203.57064514815,20820.949132974634,22110.0,
store_30,2015-06-22,2015-05-18,16864.0,23211.0,21375.666666666668,22946.934959349594,17343.112653612734,20786.12698122407,17271.0,
store_30,2015-06-29,2015-05-18,24321.0,23211.0,21375.666666666668,22894.121951219513,23774.562613213104,20751.30482947351,23137.0,
store_30,2015-07-06,2015-05-18,18510.0,23211.0,21375.666666666668,22841.308943089432,19254.348921132932,20716.482677722943,18135.0,
store_30,2015-07-13,2015-05-18,23535.0,23211.0,21375.666666666668,22788.49593495935,23276.182717167052,20681.66052597238,20744.0,
store_31,2015-02-02,2015-01-26,47442.0,47896.0,48066.583333333336,47949.785046728975,47520.0433061625,46115.62343154164,48939.0,
store_31,2015-02-09,2015-01-26,39169.0,47896.0,48066.583333333336,48003.57009345794,39793.66240005131,46196.60748486808,34908.0,
store_31,2015-02-16,2015-01-26,43547.0,47896.0,48066.583333333336,48057.35514018692,42521.30815605183,46277.59153819452,43603.0,
store_31,2015-02-23,2015-01-26,36464.0,47896.0,48066.583333333336,48111.14018691589,36890.38228002277,46358.57559152097,36310.0,
store_31,2015-03-02,2015-01-26,47477.0,47896.0,48066.583333333336,48164.92523364486,48463.57403347927,46439.5596448474,45167.0,
store_31,2015-03-09,2015-01-26,39574.0,47896.0,48066.583333333336,48218.71028037383,38443.07397951708,46520.543698173846,35326.0,
store_31,2015-03-16,2015-01-26,47186.0,47896.0,48066.583333333336,48272.495327102806,47773.16876107931,46601.52775150029,44032.0,
store_31,2015-03-23,2015-01-26,37412.0,47896.0,48066.583333333336,48326.280373831774,38538.92040301873,46682.51180482673,37886.0,
store_31,2015-03-02,2015-02-23,47477.0,36464.0,44781.666666666664,36412.85585585586,48375.481805261436,45847.21099841083,45167.0,
store_31,2015-03-09,2015-02-23,39574.0,36464.0,44781.666666666664,36361.71171171171,38384.91203888467,45919.96458970591,35326.0,
store_31,2015-03-16,2015-02-23,47186.0,36464.0,44781.666666666664,36310.56756756757,47778.47299451914,45992.718181000986,44032.0,
store_31,2015-03-23,2015-02-23,37412.0,36464.0,44781.666666666664,36259.423423423425,38502.32871963872,46065.47177229606,37886.0,
store_31,2015-03-30,2015-02-23,62981.0,36464.0,44781.666666666664,36208.27927927928,58759.98559163867,46138.22536359114,47537.0,
store_31,2015-04-06,2015-02-23,31485.0,36464.0,44781.666666666664,36157.13513513513,30782.270720416233,46210.97895488622,36976.0,
store_31,2015-04-13,2015-02-23,49390.0,36464.0,44781.666666666664,36105.99099099099,49904.03943656566,46283.732546181294,50560.0,
store_31,2015-04-20,2015-02-23,36909.0,36464.0,44781.666666666664,36054.84684684685,36803.91244834487,46356.48613747637,29436.0,
store_31,2015-03-30,2015-03-23,62981.0,37412.0,42676.75,37370.87826086956,58508.450032005494,45745.031821822275,47537.0,
store_31,2015-04-06,2015-03-23,31485.0,37412.0,42676.75,37329.75652173913,30720.682914075987,45812.342982367765,36976.0,
store_31,2015-04-13,2015-03-23,49390.0,37412.0,42676.75,37288.63478260869,49864.37939934682,45879.654142913256,50560.0,
store_31,2015-04-20,2015-03-23,36909.0,37412.0,42676.75,37247.51304347826,36804.94516918173,45946.965303458746,29436.0,
store_31,2015-04-27,2015-03-23,45745.0,37412.0,42676.75,37206.391304347824,46924.42509536031,46014.27646400424,44328.0,
store_31,2015-05-04,2015-03-23,52509.0,37412.0,42676.75,37165.26956521739,52997.27352309529,46081.58762454973,49773.0,
store_31,2015-05-11,2015-03-23,36733.0,37412.0,42676.75,37124.147826086955,36937.47681966834,46148.89878509522,36087.0,
store_31,2015-05-18,2015-03-23,51731.0,37412.0,42676.75,37083.026086956525,50834.388414262634,46216.20994564071,46370.0,
store_31,2015-04-27,2015-04-20,45745.0,36909.0,43253.0,36865.033613445376,46998.260480748424,46062.71697180529,44328.0,
store_31,2015-05-04,2015-04-20,52509.0,36909.0,43253.0,36821.06722689076,53171.124801858925,46130.87671881762,49773.0,
store_31,2015-05-11,2015-04-20,36733.0,36909.0,43253.0,36777.100840336134,36997.08427413753,46199.03646582996,36087.0,
store_31,2015-05-18,2015-04-20,51731.0,36909.0,43253.0,36733.13445378151,50943.40509704684,46267.19621284229,46370.0,
store_31,2015-05-25,2015-04-20,37120.0,36909.0,43253.0,36689.16806722689,35839.92234938616,46335.35595985463,37785.0,
store_31,2015-06-01,2015-04-20,47199.0,36909.0,43253.0,36645.20168067227,47331.026688608246,46403.51570686696,54046.0,
store_31,2015-06-08,2015-04-20,40028.0,36909.0,43253.0,36601.23529411765,39759.36887018173,46471.675453879296,34728.0,
store_31,2015-06-15,2015-04-20,50223.0,36909.0,43253.0,36557.268907563026,50273.117752236125,46539.835200891626,43764.0,
store_31,2015-05-25,2015-05-18,37120.0,51731.0,44927.666666666664,51808.96747967479,35773.00935688548,46298.88222341559,37785.0,
store_31,2015-06-01,2015-05-18,47199.0,51731.0,44927.666666666664,51886.93495934959,47258.209675876606,46366.68883906429,54046.0,
store_31,2015-06-08,2015-05-18,40028.0,51731.0,44927.666666666664,51964.90243902439,39758.14821210313,46434.495454713004,34728.0,
store_31,2015-06-15,2015-05-18,50223.0,51731.0,44927.666666666664,52042.86991869919,50259.615053395755,46502.30207036171,43764.0,
store_31,2015-06-22,2015-05-18,38593.0,51731.0,44927.666666666664,52120.83739837398,39265.99935269056,46570.10868601042,36510.0,
store_31,2015-06-29,2015-05-18,53051.0,51731.0,44927.666666666664,52198.80487804878,51283.2846809739,46637.91530165912,48835.0,
store_31,2015-07-06,2015-05-18,40798.0,51731.0,44927.666666666664,52276.772357723574,40762.13188530477,46705.721917307834,38198.0,
store_31,2015-07-13,2015-05-18,51329.0,51731.0,44927.666666666664,52354.739837398374,50239.92909901925,46773.528532956545,48361.0,
store_32,2015-02-02,2015-01-26,28465.0,29173.0,26442.833333333332,29185.58878504673,29861.284515007745,24361.834285086643,30258.0,
store_32,2015-02-09,2015-01-26,20466.0,29173.0,26442.833333333332,29198.17757009346,22659.481461663396,24361.834285086643,20008.0,
store_32,2015-02-16,2015-01-26,28038.0,29173.0,26442.833333333332,29210.766355140186,28771.46379505211,24361.834285086643,26583.0,
store_32,2015-02-23,2015-01-26,20009.0,29173.0,26442.833333333332,29223.355140186915,20335.59904411093,24361.834285086643,19522.0,
store_32,2015-03-02,2015-01-26,29023.0,29173.0,26442.833333333332,29235.943925233645,30069.632593822793,24361.834285086643,28144.0,
store_32,2015-03-09,2015-01-26,19078.0,29173.0,26442.833333333332,29248.532710280375,19694.52803237232,24361.834285086643,18315.0,
store_32,2015-03-16,2015-01-26,28128.0,29173.0,26442.833333333332,29261.1214953271,29156.106402095273,24361.834285086643,26313.0,
store_32,2015-03-23,2015-01-26,19712.0,29173.0,26442.833333333332,29273.71028037383,21104.287678626693,24361.834285086643,17605.0,
store_32,2015-03-02,2015-02-23,29023.0,20009.0,25248.083333333332,19938.576576576575,29482.159102712387,24359.12425871517,28144.0,
store_32,2015-03-09,2015-02-23,19078.0,20009.0,25248.083333333332,19868.153153153155,19047.21326493469,24359.12425871517,18315.0,
store_32,2015-03-16,2015-02-23,28128.0,20009.0,25248.083333333332,19797.72972972973,28566.16842378021,24359.12425871517,26313.0,
store_32,2015-03-23,2015-02-23,19712.0,20009.0,25248.083333333332,19727.306306306305,20473.543516900652,24359.12425871517,17605.0,
store_32,2015-03-30,2015-02-23,33181.0,20009.0,25248.083333333332,19656.882882882885,32883.431304623,24359.12425871517,27782.0,
store_32,2015-04-06,2015-02-23,17497.0,20009.0,25248.083333333332,19586.45945945946,16663.28117885263,24359.12425871517,18322.0,
store_32,2015-04-13,2015-02-23,30334.0,20009.0,25248.083333333332,19516.036036036036,29932.11943622293,24359.12425871517,26480.0,
store_32,2015-04-20,2015-02-23,19542.0,20009.0,25248.083333333332,19445.61261261261,20139.974074888865,24359.12425871517,16471.0,
store_32,2015-03-30,2015-03-23,33181.0,19712.0,24578.416666666668,19641.44347826087,32669.353243086698,24350.202884369835,27782.0,
store_32,2015-04-06,2015-03-23,17497.0,19712.0,24578.416666666668,19570.88695652174,16559.925531998313,24350.202884369835,18322.0,
store_32,2015-04-13,2015-03-23,30334.0,19712.0,24578.416666666668,19500.33043478261,29644.932912852157,24350.202884369835,26480.0,
store_32,2015-04-20,2015-03-23,19542.0,19712.0,24578.416666666668,19429.77391304348,19837.98514669484,24350.202884369835,16471.0,
store_32,2015-04-27,2015-03-23,29658.0,19712.0,24578.416666666668,19359.217391304348,28706.93162435882,24350.202884369835,28237.0,
store_32,2015-05-04,2015-03-23,31578.0,19712.0,24578.416666666668,19288.660869565218,31456.895897019836,24350.202884369835,29572.0,
store_32,2015-05-11,2015-03-23,20040.0,19712.0,24578.416666666668,19218.104347826087,20144.72364732538,24350.202884369835,18495.0,
store_32,2015-05-18,2015-03-23,29229.0,19712.0,24578.416666666668,19147.547826086957,29707.957712301468,24350.202884369835,27295.0,
store_32,2015-04-27,2015-04-20,29658.0,19542.0,24456.083333333332,19472.386554621848,28977.76562596721,24378.721926437687,28237.0,
store_32,2015-05-04,2015-04-20,31578.0,19542.0,24456.083333333332,19402.7731092437,31748.810348595107,24378.721926437687,29572.0,
store_32,2015-05-11,2015-04-20,20040.0,19542.0,24456.083333333332,19333.159663865546,20542.710735879456,24378.721926437687,18495.0,
store_32,2015-05-18,2015-04-20,29229.0,19542.0,24456.083333333332,19263.546218487394,29991.145705873234,24378.721926437687,27295.0,
store_32,2015-05-25,2015-04-20,21266.0,19542.0,24456.083333333332,19193.932773109245,20146.840320852007,24378.721926437687,20115.0,
store_32,2015-06-01,2015-04-20,32318.0,19542.0,24456.083333333332,19124.319327731093,30399.53175050279,24378.721926437687,29908.0,
store_32,2015-06-08,2015-04-20,21930.0,19542.0,24456.083333333332,19054.70588235294,21290.266303130054,24378.721926437687,19407.0,
store_32,2015-06-15,2015-04-20,31512.0,19542.0,24456.083333333332,18985.092436974788,31970.497781010476,24378.721926437687,26801.0,
store_32,2015-05-25,2015-05-18,21266.0,29229.0,25583.333333333332,29240.406504065042,19993.90498879552,24476.67030181484,20115.0,
store_32,2015-06-01,2015-05-18,32318.0,29229.0,25583.333333333332,29251.81300813008,30289.31719947618,24476.67030181484,29908.0,
store_32,2015-06-08,2015-05-18,21930.0,29229.0,25583.333333333332,29263.219512195123,21105.912685431656,24476.67030181484,19407.0,
store_32,2015-06-15,2015-05-18,31512.0,29229.0,25583.333333333332,29274.62601626016,31833.2554459894,24476.67030181484,26801.0,
store_32,2015-06-22,2015-05-18,20913.0,29229.0,25583.333333333332,29286.032520325203,20753.969274420728,24476.67030181484,19797.0,
store_32,2015-06-29,2015-05-18,32278.0,29229.0,25583.333333333332,29297.439024390245,30009.54867984177,24476.67030181484,31350.0,
store_32,2015-07-06,2015-05-18,22600.0,29229.0,25583.333333333332,29308.845528455284,21665.822657494515,24476.67030181484,19522.0,
store_32,2015-07-13,2015-05-18,32021.0,29229.0,25583.333333333332,29320.252032520326,30537.463796358177,24476.67030181484,28250.0,
store_33,2015-02-02,2015-01-26,34837.0,34053.0,34567.666666666664,34057.42056074766,35904.0,30593.115196076793,34903.0,
store_33,2015-02-09,2015-01-26,25830.0,34053.0,34567.666666666664,34061.84112149533,25856.0,30593.115196076793,26036.0,
store_33,2015-02-16,2015-01-26,31584.0,34053.0,34567.666666666664,34066.26168224299,31616.0,30593.115196076793,30976.0,
store_33,2015-02-23,2015-01-26,28316.0,34053.0,34567.666666666664,34070.68224299065,25920.0,30593.115196076793,24303.0,
store_33,2015-03-02,2015-01-26,32715.0,34053.0,34567.666666666664,34075.102803738315,32512.0,30593.115196076793,32074.0,
store_33,2015-03-09,2015-01-26,27428.0,34053.0,34567.666666666664,34079.52336448598,25920.0,30593.115196076793,24870.0,
store_33,2015-03-16,2015-01-26,33096.0,34053.0,34567.666666666664,34083.943925233645,32576.0,30593.115196076793,30501.0,
store_33,2015-03-23,2015-01-26,27967.0,34053.0,34567.666666666664,34088.36448598131,27840.0,30593.115196076793,25550.0,
store_33,2015-03-02,2015-02-23,32715.0,28316.0,32085.916666666668,28268.576576576575,32256.0,30569.898640736785,32074.0,
store_33,2015-03-09,2015-02-23,27428.0,28316.0,32085.916666666668,28221.153153153155,26112.0,30569.898640736785,24870.0,
store_33,2015-03-16,2015-02-23,33096.0,28316.0,32085.916666666668,28173.72972972973,32768.0,30569.898640736785,30501.0,
store_33,2015-03-23,2015-02-23,27967.0,28316.0,32085.916666666668,28126.306306306305,27136.0,30569.898640736785,25550.0,
store_33,2015-03-30,2015-02-23,42637.0,28316.0,32085.916666666668,28078.882882882885,38912.0,30569.898640736785,35409.0,
store_33,2015-04-06,2015-02-23,23312.0,28316.0,32085.916666666668,28031.45945945946,24576.0,30569.898640736785,26774.0,
store_33,2015-04-13,2015-02-23,35187.0,28316.0,32085.916666666668,27984.036036036036,36352.0,30569.898640736785,36827.0,
store_33,2015-04-20,2015-02-23,25625.0,28316.0,32085.916666666668,27936.61261261261,24064.0,30569.898640736785,20208.0,
store_33,2015-03-30,2015-03-23,42637.0,27967.0,30483.083333333332,27918.191304347827,39952.0,30559.213189908918,35409.0,
store_33,2015-04-06,2015-03-23,23312.0,27967.0,30483.083333333332,27869.38260869565,24840.0,30559.213189908918,26774.0,
store_33,2015-04-13,2015-03-23,35187.0,27967.0,30483.083333333332,27820.573913043478,36072.0,30559.213189908918,36827.0,
store_33,2015-04-20,2015-03-23,25625.0,27967.0,30483.083333333332,27771.765217391305,25304.0,30559.213189908918,20208.0,
store_33,2015-04-27,2015-03-23,32245.0,27967.0,30483.083333333332,27722.956521739132,31184.0,30559.213189908918,30776.0,
store_33,2015-05-04,2015-03-23,35151.0,27967.0,30483.083333333332,27674.147826086955,35096.0,30559.213189908918,34351.0,
store_33,2015-05-11,2015-03-23,23512.0,27967.0,30483.083333333332,27625.339130434782,23856.0,30559.213189908918,22854.0,
store_33,2015-05-18,2015-03-23,34530.0,27967.0,30483.083333333332,27576.53043478261,34872.0,30559.213189908918,31078.0,
store_33,2015-04-27,2015-04-20,32245.0,25625.0,30711.166666666668,25558.1512605042,30208.0,30597.171175654086,30776.0,
store_33,2015-05-04,2015-04-20,35151.0,25625.0,30711.166666666668,25491.302521008405,33792.0,30597.171175654086,34351.0,
store_33,2015-05-11,2015-04-20,23512.0,25625.0,30711.166666666668,25424.453781512606,23040.0,30597.171175654086,22854.0,
store_33,2015-05-18,2015-04-20,34530.0,25625.0,30711.166666666668,25357.605042016807,34304.0,30597.171175654086,31078.0,
store_33,2015-05-25,2015-04-20,24149.0,25625.0,30711.166666666668,25290.756302521007,24576.0,30597.171175654086,25865.0,
store_33,2015-06-01,2015-04-20,37090.0,25625.0,30711.166666666668,25223.907563025212,35328.0,30597.171175654086,35014.0,
store_33,2015-06-08,2015-04-20,25848.0,25625.0,30711.166666666668,25157.058823529413,24576.0,30597.171175654086,22701.0,
store_33,2015-06-15,2015-04-20,33355.0,25625.0,30711.166666666668,25090.210084033613,32256.0,30597.171175654086,32688.0,
store_33,2015-05-25,2015-05-18,24149.0,34530.0,31117.083333333332,34537.723577235774,25344.0,30620.277544676097,25865.0,
store_33,2015-06-01,2015-05-18,37090.0,34530.0,31117.083333333332,34545.44715447154,36352.0,30620.277544676097,35014.0,
store_33,2015-06-08,2015-05-18,25848.0,34530.0,31117.083333333332,34553.170731707316,25856.0,30620.277544676097,22701.0,
store_33,2015-06-15,2015-05-18,33355.0,34530.0,31117.083333333332,34560.89430894309,32768.0,30620.277544676097,32688.0,
store_33,2015-06-22,2015-05-18,25812.0,34530.0,31117.083333333332,34568.617886178865,26624.0,30620.277544676097,24692.0,
store_33,2015-06-29,2015-05-18,39835.0,34530.0,31117.083333333332,34576.34146341463,38656.0,30620.277544676097,36253.0,
store_33,2015-07-06,2015-05-18,29262.0,34530.0,31117.083333333332,34584.06504065041,28416.0,30620.277544676097,26598.0,
store_33,2015-07-13,2015-05-18,36331.0,34530.0,31117.083333333332,34591.78861788618,35584.0,30620.277544676097,32010.0,
store_34,2015-02-02,2015-01-26,51336.0,51907.0,49652.666666666664,51965.504672897194,50417.214445541904,47643.20581828126,44335.0,
store_34,2015-02-09,2015-01-26,42124.0,51907.0,49652.666666666664,52024.009345794395,42033.38665364188,47643.20581828126,34553.0,
store_34,2015-02-16,2015-01-26,50433.0,51907.0,49652.666666666664,52082.51401869159,47507.489075188874,47643.20581828126,42136.0,
store_34,2015-02-23,2015-01-26,45840.0,51907.0,49652.666666666664,52141.01869158878,43567.06715700589,47643.20581828126,36858.0,
store_34,2015-03-02,2015-01-26,51677.0,51907.0,49652.666666666664,52199.52336448598,52053.82202778396,47643.20581828126,47999.0,
store_34,2015-03-09,2015-01-26,40783.0,51907.0,49652.666666666664,52258.02803738318,41272.10380411148,47643.20581828126,33562.0,
store_34,2015-03-16,2015-01-26,51105.0,51907.0,49652.666666666664,52316.53271028037,50870.58003379963,47643.20581828126,42627.0,
store_34,2015-03-23,2015-01-26,41799.0,51907.0,49652.666666666664,52375.03738317757,41863.675275384274,47643.20581828126,33401.0,
store_34,2015-03-02,2015-02-23,51677.0,45840.0,47830.083333333336,45841.738738738735,52753.472430535556,47517.33516632844,47999.0,
store_34,2015-03-09,2015-02-23,40783.0,45840.0,47830.083333333336,45843.47747747748,42928.25382979878,47517.33516632844,33562.0,
store_34,2015-03-16,2015-02-23,51105.0,45840.0,47830.083333333336,45845.21621621621,52150.772778673374,47517.33516632844,42627.0,
store_34,2015-03-23,2015-02-23,41799.0,45840.0,47830.083333333336,45846.954954954956,44327.905183381205,47517.33516632844,33401.0,
store_34,2015-03-30,2015-02-23,55633.0,45840.0,47830.083333333336,45848.69369369369,56024.37999628121,47517.33516632844,47786.0,
store_34,2015-04-06,2015-02-23,36431.0,45840.0,47830.083333333336,45850.43243243243,35629.2576389248,47517.33516632844,36265.0,
store_34,2015-04-13,2015-02-23,49406.0,45840.0,47830.083333333336,45852.17117117117,49818.53168407519,47517.33516632844,44695.0,
store_34,2015-04-20,2015-02-23,41418.0,45840.0,47830.083333333336,45853.90990990991,44129.1400055079,47517.33516632844,28755.0,
store_34,2015-03-30,2015-03-23,55633.0,41799.0,46966.583333333336,41765.53913043478,54779.36332523462,46975.67234923691,47786.0,
store_34,2015-04-06,2015-03-23,36431.0,41799.0,46966.583333333336,41732.078260869566,34427.14868787779,46975.67234923691,36265.0,
store_34,2015-04-13,2015-03-23,49406.0,41799.0,46966.583333333336,41698.617391304346,48909.32643905643,46975.67234923691,44695.0,
store_34,2015-04-20,2015-03-23,41418.0,41799.0,46966.583333333336,41665.15652173913,43235.889337435125,46975.67234923691,28755.0,
store_34,2015-04-27,2015-03-23,50128.0,41799.0,46966.583333333336,41631.69565217391,48669.87300915506,46975.67234923691,49194.0,
store_34,2015-05-04,2015-03-23,53535.0,41799.0,46966.583333333336,41598.2347826087,52353.57878150346,46975.67234923691,48178.0,
store_34,2015-05-11,2015-03-23,40609.0,41799.0,46966.583333333336,41564.77391304348,40155.24095921447,46975.67234923691,36732.0,
store_34,2015-05-18,2015-03-23,50657.0,41799.0,46966.583333333336,41531.31304347826,50955.744517906496,46975.67234923691,46271.0,
store_34,2015-04-27,2015-04-20,50128.0,41418.0,46498.75,41382.46218487395,48467.21503912169,46431.93349182513,49194.0,
store_34,2015-05-04,2015-04-20,53535.0,41418.0,46498.75,41346.924369747896,52098.84757908289,46431.93349182513,48178.0,
store_34,2015-05-11,2015-04-20,40609.0,41418.0,46498.75,41311.38655462185,39884.38269500077,46431.93349182513,36732.0,
store_34,2015-05-18,2015-04-20,50657.0,41418.0,46498.75,41275.8487394958,50770.18485302224,46431.93349182513,46271.0,
store_34,2015-05-25,2015-04-20,46105.0,41418.0,46498.75,41240.31092436975,43012.56747500519,46431.93349182513,40877.0,
store_34,2015-06-01,2015-04-20,49855.0,41418.0,46498.75,41204.773109243695,48845.265591064286,46431.93349182513,53814.0,
store_34,2015-06-08,2015-04-20,44912.0,41418.0,46498.75,41169.23529411765,45542.41066853144,46431.93349182513,35667.0,
store_34,2015-06-15,2015-04-20,55864.0,41418.0,46498.75,41133.6974789916,55141.12478383692,46431.93349182513,45173.0,
store_34,2015-05-25,2015-05-18,46105.0,50657.0,46931.75,50697.73170731707,43427.04771923238,47153.218112875096,40877.0,
store_34,2015-06-01,2015-05-18,49855.0,50657.0,46931.75,50738.46341463415,49247.901880836725,47153.218112875096,53814.0,
store_34,2015-06-08,2015-05-18,44912.0,50657.0,46931.75,50779.19512195122,45765.74431272152,47153.218112875096,35667.0,
store_34,2015-06-15,2015-05-18,55864.0,50657.0,46931.75,50819.92682926829,55365.58116571317,47153.218112875096,45173.0,
store_34,2015-06-22,2015-05-18,40563.0,50657.0,46931.75,50860.65853658537,40609.318448063015,47153.218112875096,38340.0,
store_34,2015-06-29,2015-05-18,56208.0,50657.0,46931.75,50901.39024390244,54875.43654637643,47153.218112875096,49378.0,
store_34,2015-07-06,2015-05-18,46275.0,50657.0,46931.75,50942.12195121951,45978.85337550245,47153.218112875096,38117.0,
store_34,2015-07-13,2015-05-18,55610.0,50657.0,46931.75,50982.85365853659,54788.99886202049,47153.218112875096,48440.0,
store_35,2015-02-02,2015-01-26,32360.0,34457.0,31143.0,34543.32710280374,33076.48309108836,31906.88648985966,32496.0,
store_35,2015-02-09,2015-01-26,24989.0,34457.0,31143.0,34629.654205607476,24926.100998161794,32000.007605740942,24559.0,
store_35,2015-02-16,2015-01-26,31539.0,34457.0,31143.0,34715.98130841122,30468.417501696356,32093.128721622226,31144.0,
store_35,2015-02-23,2015-01-26,25330.0,34457.0,31143.0,34802.30841121495,24285.523484977788,32186.24983750351,25113.0,
store_35,2015-03-02,2015-01-26,33841.0,34457.0,31143.0,34888.63551401869,32962.09424944836,32279.370953384798,29563.0,
store_35,2015-03-09,2015-01-26,25595.0,34457.0,31143.0,34974.96261682243,24056.745801697787,32372.49206926608,22505.0,
store_35,2015-03-16,2015-01-26,32883.0,34457.0,31143.0,35061.28971962617,32035.54463216436,32465.613185147366,31824.0,
store_35,2015-03-23,2015-01-26,26826.0,34457.0,31143.0,35147.6168224299,26115.744951217795,32558.73430102865,27301.0,
store_35,2015-03-02,2015-02-23,33841.0,25330.0,29815.416666666668,25330.99099099099,32971.13678809727,29997.551871625976,29563.0,
store_35,2015-03-09,2015-02-23,25595.0,25330.0,29815.416666666668,25331.981981981982,24085.81354726241,30020.684258335692,22505.0,
store_35,2015-03-16,2015-02-23,32883.0,25330.0,29815.416666666668,25332.972972972973,32045.21115854636,30043.353943770468,31824.0,
store_35,2015-03-23,2015-02-23,26826.0,25330.0,29815.416666666668,25333.963963963964,26143.426057375542,30065.57018302674,27301.0,
store_35,2015-03-30,2015-02-23,34657.0,25330.0,29815.416666666668,25334.954954954956,30962.53538154277,30087.3420460776,33356.0,
store_35,2015-04-06,2015-02-23,21420.0,25330.0,29815.416666666668,25335.945945945947,21471.35956828571,30108.67842147568,25676.0,
store_35,2015-04-13,2015-02-23,32011.0,25330.0,29815.416666666668,25336.936936936938,30547.726498408472,30129.588019981988,30934.0,
store_35,2015-04-20,2015-02-23,23544.0,25330.0,29815.416666666668,25337.92792792793,22382.56763611321,30150.079378122144,19382.0,
store_35,2015-03-30,2015-03-23,34657.0,26826.0,29269.916666666668,26839.965217391305,31947.42621899188,30060.774683088566,33356.0,
store_35,2015-04-06,2015-03-23,21420.0,26826.0,29269.916666666668,26853.930434782607,22539.89468560157,30081.967822060273,25676.0,
store_35,2015-04-13,2015-03-23,32011.0,26826.0,29269.916666666668,26867.895652173913,30997.598936963397,30102.737098252543,30934.0,
store_35,2015-04-20,2015-03-23,23544.0,26826.0,29269.916666666668,26881.86086956522,22926.94176068638,30123.09098892097,19382.0,
store_35,2015-04-27,2015-03-23,30107.0,26826.0,29269.916666666668,26895.82608695652,29296.444541215104,30143.037801776023,29985.0,
store_35,2015-05-04,2015-03-23,30713.0,26826.0,29269.916666666668,26909.791304347826,31772.963537029478,30162.58567837398,31932.0,
store_35,2015-05-11,2015-03-23,24046.0,26826.0,29269.916666666668,26923.75652173913,23618.340987999145,30181.742597439974,24396.0,
store_35,2015-05-18,2015-03-23,31544.0,26826.0,29269.916666666668,26937.721739130433,30764.98955694357,30200.516378124652,29310.0,
store_35,2015-04-27,2015-04-20,30107.0,23544.0,28749.583333333332,23529.915966386554,29834.619435342604,30037.3353034467,29985.0,
store_35,2015-05-04,2015-04-20,30713.0,23544.0,28749.583333333332,23515.831932773108,31860.114181507102,30056.01827824963,31932.0,
store_35,2015-05-11,2015-04-20,24046.0,23544.0,28749.583333333332,23501.747899159665,23740.99536559775,30074.327252257233,24396.0,
store_35,2015-05-18,2015-04-20,31544.0,23544.0,28749.583333333332,23487.66386554622,31024.684922038483,30092.269712317633,29310.0,
store_35,2015-05-25,2015-04-20,23230.0,23544.0,28749.583333333332,23473.579831932773,22524.717122442686,30109.85299540523,23868.0,
store_35,2015-06-01,2015-04-20,32685.0,23544.0,28749.583333333332,23459.495798319327,35257.08921786941,30127.084291620893,33368.0,
store_35,2015-06-08,2015-04-20,25025.0,23544.0,28749.583333333332,23445.41176470588,26700.120964991384,30143.97064713214,20261.0,
store_35,2015-06-15,2015-04-20,36513.0,23544.0,28749.583333333332,23431.32773109244,33482.821508764755,30160.518967054406,27295.0,
store_35,2015-05-25,2015-05-18,23230.0,31544.0,28932.25,31595.414634146342,22648.3447967126,30028.935272261682,23868.0,
store_35,2015-06-01,2015-05-18,32685.0,31544.0,28932.25,31646.829268292684,35276.71122104121,30045.779601404083,33368.0,
store_35,2015-06-08,2015-05-18,25025.0,31544.0,28932.25,31698.243902439026,26820.978866273108,30062.28704396363,20261.0,
store_35,2015-06-15,2015-05-18,36513.0,31544.0,28932.25,31749.658536585364,33483.962941883496,30078.46433767199,27295.0,
store_35,2015-06-22,2015-05-18,26322.0,31544.0,28932.25,31801.073170731706,25171.426547075644,30094.318085506184,31051.0,
store_35,2015-06-29,2015-05-18,38791.0,31544.0,28932.25,31852.48780487805,35251.91146315723,30109.85475838369,38182.0,
store_35,2015-07-06,2015-05-18,26301.0,31544.0,28932.25,31903.90243902439,27325.780497015217,30125.08069780365,24748.0,
store_35,2015-07-13,2015-05-18,35862.0,31544.0,28932.25,31955.317073170732,33894.19663604449,30140.002118435208,31039.0,
store_36,2015-02-02,2015-01-26,42499.0,42067.0,40106.083333333336,42069.831775700935,44584.763455044274,37412.787889073545,44728.0,
store_36,2015-02-09,2015-01-26,37348.0,42067.0,40106.083333333336,42072.66355140187,35485.386150792205,37412.787889073545,32822.0,
store_36,2015-02-16,2015-01-26,38850.0,42067.0,40106.083333333336,42075.495327102806,38666.55791957524,37412.787889073545,42529.0,
store_36,2015-02-23,2015-01-26,36070.0,42067.0,40106.083333333336,42078.32710280374,35921.33962442856,37412.787889073545,35901.0,
store_36,2015-03-02,2015-01-26,43220.0,42067.0,40106.083333333336,42081.15887850467,44015.0881435934,37412.787889073545,41257.0,
store_36,2015-03-09,2015-01-26,34510.0,42067.0,40106.083333333336,42083.990654205605,33942.75019736904,37412.787889073545,34284.0,
store_36,2015-03-16,2015-01-26,44871.0,42067.0,40106.083333333336,42086.82242990654,43500.86292911017,37412.787889073545,41509.0,
store_36,2015-03-23,2015-01-26,35999.0,42067.0,40106.083333333336,42089.654205607476,33733.28667672644,37412.787889073545,33205.0,
store_36,2015-03-02,2015-02-23,43220.0,36070.0,38370.75,36018.7027027027,43166.362665418426,37447.939692391,41257.0,
store_36,2015-03-09,2015-02-23,34510.0,36070.0,38370.75,35967.40540540541,34386.78145766127,37447.939692391,34284.0,
store_36,2015-03-16,2015-02-23,44871.0,36070.0,38370.75,35916.10810810811,44254.48626616546,37447.939692391,41509.0,
store_36,2015-03-23,2015-02-23,35999.0,36070.0,38370.75,35864.81081081081,34852.60073204222,37447.939692391,33205.0,
store_36,2015-03-30,2015-02-23,41838.0,36070.0,38370.75,35813.51351351351,39623.53371737611,37447.939692391,44642.0,
store_36,2015-04-06,2015-02-23,30106.0,36070.0,38370.75,35762.21621621621,28926.064298237034,37447.939692391,35161.0,
store_36,2015-04-13,2015-02-23,45548.0,36070.0,38370.75,35710.91891891892,44843.34358354582,37447.939692391,39355.0,
store_36,2015-04-20,2015-02-23,33950.0,36070.0,38370.75,35659.62162162162,33937.65361858568,37447.939692391,27260.0,
store_36,2015-03-30,2015-03-23,41838.0,35999.0,39394.583333333336,35948.86956521739,40243.30522524161,37520.7991291728,44642.0,
store_36,2015-04-06,2015-03-23,30106.0,35999.0,39394.583333333336,35898.739130434784,29366.665741480276,37520.7991291728,35161.0,
store_36,2015-04-13,2015-03-23,45548.0,35999.0,39394.583333333336,35848.608695652176,44959.16807830156,37520.7991291728,39355.0,
store_36,2015-04-20,2015-03-23,33950.0,35999.0,39394.583333333336,35798.47826086957,34182.95116852361,37520.7991291728,27260.0,
store_36,2015-04-27,2015-03-23,39856.0,35999.0,39394.583333333336,35748.34782608696,38779.14448474815,37520.7991291728,40055.0,
store_36,2015-05-04,2015-03-23,44911.0,35999.0,39394.583333333336,35698.217391304344,44343.92873398437,37520.7991291728,43441.0,
store_36,2015-05-11,2015-03-23,32464.0,35999.0,39394.583333333336,35648.086956521736,32044.980727034243,37520.7991291728,32598.0,
store_36,2015-05-18,2015-03-23,44945.0,35999.0,39394.583333333336,35597.95652173913,43435.458505915594,37520.7991291728,42031.0,
store_36,2015-04-27,2015-04-20,39856.0,33950.0,38734.083333333336,33884.336134453784,39258.58886892408,37534.19169957069,40055.0,
store_36,2015-05-04,2015-04-20,44911.0,33950.0,38734.083333333336,33818.67226890756,44808.76558881223,37534.19169957069,43441.0,
store_36,2015-05-11,2015-04-20,32464.0,33950.0,38734.083333333336,33753.008403361346,32398.944170285216,37534.19169957069,32598.0,
store_36,2015-05-18,2015-04-20,44945.0,33950.0,38734.083333333336,33687.34453781512,43960.14437125531,37534.19169957069,42031.0,
store_36,2015-05-25,2015-04-20,30927.0,33950.0,38734.083333333336,33621.68067226891,31550.772110507245,37534.19169957069,30438.0,
store_36,2015-06-01,2015-04-20,40333.0,33950.0,38734.083333333336,33556.01680672269,40892.56041077098,37534.19169957069,45667.0,
store_36,2015-06-08,2015-04-20,35399.0,33950.0,38734.083333333336,33490.35294117647,35244.75845520881,37534.19169957069,29729.0,
store_36,2015-06-15,2015-04-20,44136.0,33950.0,38734.083333333336,33424.68907563025,43604.5380047459,37534.19169957069,37589.0,
store_36,2015-05-25,2015-05-18,30927.0,44945.0,39351.5,44970.86178861788,32209.258246077985,37637.28210742845,30438.0,
store_36,2015-06-01,2015-05-18,40333.0,44945.0,39351.5,44996.723577235774,41518.93220530129,37637.28210742845,45667.0,
store_36,2015-06-08,2015-05-18,35399.0,44945.0,39351.5,45022.58536585366,35646.4110745524,37637.28210742845,29729.0,
store_36,2015-06-15,2015-05-18,44136.0,44945.0,39351.5,45048.44715447154,44237.56759558507,37637.28210742845,37589.0,
store_36,2015-06-22,2015-05-18,36111.0,44945.0,39351.5,45074.30894308943,35997.88751857423,37637.28210742845,31990.0,
store_36,2015-06-29,2015-05-18,46119.0,44945.0,39351.5,45100.170731707316,45519.907779945825,37637.28210742845,44987.0,
store_36,2015-07-06,2015-05-18,34649.0,44945.0,39351.5,45126.03252032521,34660.143137044346,37637.28210742845,32108.0,
store_36,2015-07-13,2015-05-18,42543.0,44945.0,39351.5,45151.89430894309,41620.91486465587,37637.28210742845,41755.0,
store_37,2015-02-02,2015-01-26,47579.0,50547.0,46558.416666666664,50629.2523364486,47081.91563542094,44583.32941854137,45366.0,
store_37,2015-02-09,2015-01-26,34482.0,50547.0,46558.416666666664,50711.504672897194,35913.877468739025,44667.58457542174,33549.0,
store_37,2015-02-16,2015-01-26,44885.0,50547.0,46558.416666666664,50793.7570093458,47023.135847261496,44751.8397323021,42162.0,
store_37,2015-02-23,2015-01-26,34034.0,50547.0,46558.416666666664,50876.009345794395,34885.23117594837,44836.09488918247,31337.0,
store_37,2015-03-02,2015-01-26,47939.0,50547.0,46558.416666666664,50958.26168224299,49682.921261477284,44920.350046062835,45705.0,
store_37,2015-03-09,2015-01-26,36081.0,50547.0,46558.416666666664,51040.51401869159,35546.503792742355,45004.6052029432,30641.0,
store_37,2015-03-16,2015-01-26,45765.0,50547.0,46558.416666666664,51122.766355140186,46788.01669462363,45088.860359823564,42928.0,
store_37,2015-03-23,2015-01-26,37030.0,50547.0,46558.416666666664,51205.01869158878,36442.895562174206,45173.11551670393,34259.0,
store_37,2015-03-02,2015-02-23,47939.0,34034.0,43367.416666666664,33964.52252252252,49092.12354314572,44360.70939696905,45705.0,
store_37,2015-03-09,2015-02-23,36081.0,34034.0,43367.416666666664,33895.045045045044,35049.741375378944,44437.268663359675,30641.0,
store_37,2015-03-16,2015-02-23,45765.0,34034.0,43367.416666666664,33825.56756756757,46118.105069355806,44513.8279297503,42928.0,
store_37,2015-03-23,2015-02-23,37030.0,34034.0,43367.416666666664,33756.09009009009,35970.6303444205,44590.38719614093,34259.0,
store_37,2015-03-30,2015-02-23,60613.0,34034.0,43367.416666666664,33686.61261261261,58076.633061845234,44666.94646253156,47020.0,
store_37,2015-04-06,2015-02-23,30905.0,34034.0,43367.416666666664,33617.13513513513,29327.206050122186,44743.50572892219,33255.0,
store_37,2015-04-13,2015-02-23,45834.0,34034.0,43367.416666666664,33547.657657657655,47273.002635405486,44820.064995312816,49165.0,
store_37,2015-04-20,2015-02-23,33065.0,34034.0,43367.416666666664,33478.18018018018,33147.57727539149,44896.624261703444,26612.0,
store_37,2015-03-30,2015-03-23,60613.0,37030.0,41935.583333333336,36988.99130434782,58302.0233595487,44274.25045796697,47020.0,
store_37,2015-04-06,2015-03-23,30905.0,37030.0,41935.583333333336,36947.98260869565,29529.94199807119,44345.27693671982,33255.0,
store_37,2015-04-13,2015-03-23,45834.0,37030.0,41935.583333333336,36906.973913043475,47154.70458296295,44416.30341547266,49165.0,
store_37,2015-04-20,2015-03-23,33065.0,37030.0,41935.583333333336,36865.965217391305,33067.244630767025,44487.32989422551,26612.0,
store_37,2015-04-27,2015-03-23,51854.0,37030.0,41935.583333333336,36824.95652173913,50031.762259188086,44558.356372978364,48588.0,
store_37,2015-05-04,2015-03-23,49082.0,37030.0,41935.583333333336,36783.94782608696,50525.70844009128,44629.382851731214,49687.0,
store_37,2015-05-11,2015-03-23,32890.0,37030.0,41935.583333333336,36742.93913043478,32830.49423765911,44700.409330484064,31078.0,
store_37,2015-05-18,2015-03-23,45739.0,37030.0,41935.583333333336,36701.93043478261,46685.28536658215,44771.435809236915,40864.0,
store_37,2015-04-27,2015-04-20,51854.0,33065.0,41517.666666666664,32992.05042016807,50143.73648575742,44466.28110318329,48588.0,
store_37,2015-05-04,2015-04-20,49082.0,33065.0,41517.666666666664,32919.100840336134,50572.80061896547,44536.552331359286,49687.0,
store_37,2015-05-11,2015-04-20,32890.0,33065.0,41517.666666666664,32846.1512605042,32995.4981343785,44606.82355953528,31078.0,
store_37,2015-05-18,2015-04-20,45739.0,33065.0,41517.666666666664,32773.20168067227,46697.44293124751,44677.09478771128,40864.0,
store_37,2015-05-25,2015-04-20,35951.0,33065.0,41517.666666666664,32700.252100840335,33646.02703469637,44747.36601588727,34744.0,
store_37,2015-06-01,2015-04-20,50692.0,33065.0,41517.666666666664,32627.302521008405,47894.464610851515,44817.63724406327,47768.0,
store_37,2015-06-08,2015-04-20,34871.0,33065.0,41517.666666666664,32554.352941176472,33641.17080904798,44887.908472239265,30687.0,
store_37,2015-06-15,2015-04-20,51283.0,33065.0,41517.666666666664,32481.40336134454,50408.210138019924,44958.17970041526,44813.0,
store_37,2015-05-25,2015-05-18,35951.0,45739.0,43066.416666666664,45771.46341463415,33800.64337909127,44728.943184349606,34744.0,
store_37,2015-06-01,2015-05-18,50692.0,45739.0,43066.416666666664,45803.92682926829,47791.42974179279,44798.930808674326,47768.0,
store_37,2015-06-08,2015-05-18,34871.0,45739.0,43066.416666666664,45836.39024390244,33592.0617091548,44868.918432999046,30687.0,
store_37,2015-06-15,2015-05-18,51283.0,45739.0,43066.416666666664,45868.85365853659,50329.123034214106,44938.906057323766,44813.0,
store_37,2015-06-22,2015-05-18,32685.0,45739.0,43066.416666666664,45901.31707317073,32036.21403582506,45008.893681648486,31330.0,
store_37,2015-06-29,2015-05-18,56521.0,45739.0,43066.416666666664,45933.78048780488,52428.762127348404,45078.881305973206,48962.0,
store_37,2015-07-06,2015-05-18,38624.0,45739.0,43066.416666666664,45966.243902439026,37866.866481507364,45148.868930297926,35152.0,
store_37,2015-07-13,2015-05-18,51519.0,45739.0,43066.416666666664,45998.70731707317,49256.645511821764,45218.856554622645,43753.0,
store_38,2015-02-02,2015-01-26,71325.0,73115.0,68276.5,73289.52336448598,73812.31496427863,68535.10968483395,70177.0,
store_38,2015-02-09,2015-01-26,54976.0,73115.0,68276.5,73464.04672897197,59808.76831874896,68709.28416909366,52415.0,
store_38,2015-02-16,2015-01-26,70695.0,73115.0,68276.5,73638.57009345795,73922.41732705956,68883.45865335337,68601.0,
store_38,2015-02-23,2015-01-26,55053.0,73115.0,68276.5,73813.09345794392,56432.295860133425,69057.63313761308,49728.0,
store_38,2015-03-02,2015-01-26,74992.0,73115.0,68276.5,73987.6168224299,76693.32679037993,69231.8076218728,69560.0,
store_38,2015-03-09,2015-01-26,54939.0,73115.0,68276.5,74162.14018691589,57368.165943771426,69405.9821061325,49993.0,
store_38,2015-03-16,2015-01-26,70946.0,73115.0,68276.5,74336.66355140187,72215.83070395497,69580.15659039222,66863.0,
store_38,2015-03-23,2015-01-26,52392.0,73115.0,68276.5,74511.18691588785,56652.50058569531,69754.33107465193,48354.0,
store_38,2015-03-02,2015-02-23,74992.0,55053.0,66312.08333333333,55058.51351351351,75329.01704800289,68497.36060624818,69560.0,
store_38,2015-03-09,2015-02-23,54939.0,55053.0,66312.08333333333,55064.02702702703,55985.1517060365,68660.77971556081,49993.0,
store_38,2015-03-16,2015-02-23,70946.0,55053.0,66312.08333333333,55069.54054054054,70869.31084657599,68824.19882487344,66863.0,
store_38,2015-03-23,2015-02-23,52392.0,55053.0,66312.08333333333,55075.05405405405,55272.32981318548,68987.61793418608,48354.0,
store_38,2015-03-30,2015-02-23,84422.0,55053.0,66312.08333333333,55080.56756756757,83450.58683747139,69151.03704349871,71822.0,
store_38,2015-04-06,2015-02-23,48732.0,55053.0,66312.08333333333,55086.08108108108,49722.34124746003,69314.45615281134,51741.0,
store_38,2015-04-13,2015-02-23,75143.0,55053.0,66312.08333333333,55091.59459459459,76681.55089597662,69477.87526212397,72922.0,
store_38,2015-04-20,2015-02-23,48201.0,55053.0,66312.08333333333,55097.10810810811,51817.88525552284,69641.2943714366,41803.0,
store_38,2015-03-30,2015-03-23,84422.0,52392.0,64536.0,52374.18260869565,80605.52203761098,65089.781415410915,71822.0,
store_38,2015-04-06,2015-03-23,48732.0,52392.0,64536.0,52356.36521739131,46870.6850989261,65125.61367845568,51741.0,
store_38,2015-04-13,2015-03-23,75143.0,52392.0,64536.0,52338.54782608696,73840.13488417047,65160.6730714997,72922.0,
store_38,2015-04-20,2015-03-23,48201.0,52392.0,64536.0,52320.73043478261,48946.61915682143,65194.97626466057,41803.0,
store_38,2015-04-27,2015-03-23,69714.0,52392.0,64536.0,52302.913043478264,68379.59593906094,65228.53956849625,66657.0,
store_38,2015-05-04,2015-03-23,76999.0,52392.0,64536.0,52285.09565217391,76027.67827666593,65261.37894176054,71839.0,
store_38,2015-05-11,2015-03-23,49380.0,52392.0,64536.0,52267.27826086956,49137.2339756585,65293.5099989911,51061.0,
store_38,2015-05-18,2015-03-23,71521.0,52392.0,64536.0,52249.46086956522,70777.57413467682,65324.94801793395,63722.0,
store_38,2015-04-27,2015-04-20,69714.0,48201.0,63484.666666666664,48148.56302521008,67584.0,65420.56943192806,66657.0,
store_38,2015-05-04,2015-04-20,76999.0,48201.0,63484.666666666664,48096.12605042017,75776.0,65457.26121586546,71839.0,
store_38,2015-05-11,2015-04-20,49380.0,48201.0,63484.666666666664,48043.68907563025,48640.0,65493.217023294135,51061.0,
store_38,2015-05-18,2015-04-20,71521.0,48201.0,63484.666666666664,47991.252100840335,70144.0,65528.451616685765,63722.0,
store_38,2015-05-25,2015-04-20,52421.0,48201.0,63484.666666666664,47938.815126050424,48640.0,65562.97946240127,51577.0,
store_38,2015-06-01,2015-04-20,75034.0,48201.0,63484.666666666664,47886.378151260506,68608.0,65596.81473663029,74245.0,
store_38,2015-06-08,2015-04-20,58703.0,48201.0,63484.666666666664,47833.94117647059,56320.0,65629.97133121152,48884.0,
store_38,2015-06-15,2015-04-20,77936.0,48201.0,63484.666666666664,47781.50420168067,73728.0,65662.46285933637,67811.0,
store_38,2015-05-25,2015-05-18,52421.0,71521.0,64781.75,71659.86178861788,50042.87546237977,65574.03558891885,51577.0,
store_38,2015-06-01,2015-05-18,75034.0,71521.0,64781.75,71798.72357723577,70110.65402255626,65607.81851086473,74245.0,
store_38,2015-06-08,2015-05-18,58703.0,71521.0,64781.75,71937.58536585367,57662.93722490501,65640.91735353625,48884.0,
store_38,2015-06-15,2015-05-18,77936.0,71521.0,64781.75,72076.44715447155,75388.78900013957,65673.3459690346,67811.0,
store_38,2015-06-22,2015-05-18,55638.0,71521.0,64781.75,72215.30894308943,55331.79938381398,65705.11792896614,52264.0,
store_38,2015-06-29,2015-05-18,82419.0,71521.0,64781.75,72354.17073170732,75917.6287411591,65736.2465301222,78434.0,
store_38,2015-07-06,2015-05-18,58917.0,71521.0,64781.75,72493.0325203252,57759.38849539962,65766.74480004387,53441.0,
store_38,2015-07-13,2015-05-18,76020.0,71521.0,64781.75,72631.89430894308,74564.06483342871,65796.62550247417,69362.0,
store_39,2015-02-02,2015-01-26,38739.0,37035.0,37390.166666666664,37010.88785046729,37057.77400672476,35100.58505055516,38732.0,
store_39,2015-02-09,2015-01-26,34573.0,37035.0,37390.166666666664,36986.77570093458,32729.618801215845,35100.58505055516,30533.0,
store_39,2015-02-16,2015-01-26,37005.0,37035.0,37390.166666666664,36962.66355140187,36236.23785058309,35100.58505055516,36558.0,
store_39,2015-02-23,2015-01-26,31463.0,37035.0,37390.166666666664,36938.55140186916,30464.537232902287,35100.58505055516,30215.0,
store_39,2015-03-02,2015-01-26,39888.0,37035.0,37390.166666666664,36914.43925233645,38429.04957733489,35100.58505055516,36384.0,
store_39,2015-03-09,2015-01-26,31975.0,37035.0,37390.166666666664,36890.32710280374,30875.51827308649,35100.58505055516,30078.0,
store_39,2015-03-16,2015-01-26,38174.0,37035.0,37390.166666666664,36866.214953271025,37942.84014220278,35100.58505055516,36609.0,
store_39,2015-03-23,2015-01-26,32243.0,37035.0,37390.166666666664,36842.102803738315,31960.042523373915,35100.58505055516,30941.0,
store_39,2015-03-02,2015-02-23,39888.0,31463.0,36130.583333333336,31389.558558558558,39717.1978843877,35097.345237150985,36384.0,
store_39,2015-03-09,2015-02-23,31975.0,31463.0,36130.583333333336,31316.117117117115,31966.430849832148,35097.345237150985,30078.0,
store_39,2015-03-16,2015-02-23,38174.0,31463.0,36130.583333333336,31242.675675675677,38906.35066604585,35097.345237150985,36609.0,
store_39,2015-03-23,2015-02-23,32243.0,31463.0,36130.583333333336,31169.234234234234,32423.45382744301,35097.345237150985,30941.0,
store_39,2015-03-30,2015-02-23,42994.0,31463.0,36130.583333333336,31095.792792792792,41245.35399091427,35097.345237150985,37984.0,
store_39,2015-04-06,2015-02-23,28553.0,31463.0,36130.583333333336,31022.35135135135,27685.97233769168,35097.345237150985,31907.0,
store_39,2015-04-13,2015-02-23,38674.0,31463.0,36130.583333333336,30948.90990990991,38375.61430494937,35097.345237150985,41222.0,
store_39,2015-04-20,2015-02-23,31198.0,31463.0,36130.583333333336,30875.46846846847,32909.96215844812,35097.345237150985,26186.0,
store_39,2015-03-30,2015-03-23,42994.0,32243.0,35555.583333333336,32178.895652173913,40992.41674801435,35118.318629704285,37984.0,
store_39,2015-04-06,2015-03-23,28553.0,32243.0,35555.583333333336,32114.791304347826,27438.321990122626,35118.318629704285,31907.0,
store_39,2015-04-13,2015-03-23,38674.0,32243.0,35555.583333333336,32050.68695652174,38119.428717719435,35118.318629704285,41222.0,
store_39,2015-04-20,2015-03-23,31198.0,32243.0,35555.583333333336,31986.58260869565,32666.428512089376,35118.318629704285,26186.0,
store_39,2015-04-27,2015-03-23,37317.0,32243.0,35555.583333333336,31922.478260869564,36318.04148946113,35118.318629704285,37674.0,
store_39,2015-05-04,2015-03-23,41595.0,32243.0,35555.583333333336,31858.373913043477,42620.03680230926,35118.318629704285,39248.0,
store_39,2015-05-11,2015-03-23,30161.0,32243.0,35555.583333333336,31794.26956521739,29551.749088655677,35118.318629704285,32062.0,
store_39,2015-05-18,2015-03-23,41653.0,32243.0,35555.583333333336,31730.165217391303,41336.25679129512,35118.318629704285,36483.0,
store_39,2015-04-27,2015-04-20,37317.0,31198.0,35456.583333333336,31127.268907563026,36085.434688324676,35126.88861223665,37674.0,
store_39,2015-05-04,2015-04-20,41595.0,31198.0,35456.583333333336,31056.537815126052,42352.445273267746,35126.88861223665,39248.0,
store_39,2015-05-11,2015-04-20,30161.0,31198.0,35456.583333333336,30985.806722689074,29263.683727157157,35126.88861223665,32062.0,
store_39,2015-05-18,2015-04-20,41653.0,31198.0,35456.583333333336,30915.0756302521,41063.96147163112,35126.88861223665,36483.0,
store_39,2015-05-25,2015-04-20,28861.0,31198.0,35456.583333333336,30844.344537815126,28276.136634422,35126.88861223665,30706.0,
store_39,2015-06-01,2015-04-20,36343.0,31198.0,35456.583333333336,30773.613445378152,35572.996056081436,35126.88861223665,42833.0,
store_39,2015-06-08,2015-04-20,33247.0,31198.0,35456.583333333336,30702.882352941175,32094.73750773589,35126.88861223665,29340.0,
store_39,2015-06-15,2015-04-20,41000.0,31198.0,35456.583333333336,30632.1512605042,39168.26116577494,35126.88861223665,34076.0,
store_39,2015-05-25,2015-05-18,28861.0,41653.0,36202.083333333336,41669.56910569106,28708.16753495713,35216.445121418525,30706.0,
store_39,2015-06-01,2015-05-18,36343.0,41653.0,36202.083333333336,41686.13821138212,35955.1558501456,35216.445121418525,42833.0,
store_39,2015-06-08,2015-05-18,33247.0,41653.0,36202.083333333336,41702.70731707317,32515.046156324926,35216.445121418525,29340.0,
store_39,2015-06-15,2015-05-18,41000.0,41653.0,36202.083333333336,41719.276422764226,39585.049086524334,35216.445121418525,34076.0,
store_39,2015-06-22,2015-05-18,31402.0,41653.0,36202.083333333336,41735.845528455284,31825.792217368595,35216.445121418525,32721.0,
store_39,2015-06-29,2015-05-18,42624.0,41653.0,36202.083333333336,41752.41463414634,41139.53669353222,35216.445121418525,39351.0,
store_39,2015-07-06,2015-05-18,34278.0,41653.0,36202.083333333336,41768.9837398374,34450.82317637248,35216.445121418525,32347.0,
store_39,2015-07-13,2015-05-18,42558.0,41653.0,36202.083333333336,41785.55284552846,42356.72981977425,35216.445121418525,39778.0,
store_4,2015-02-02,2015-01-26,40512.0,40244.0,37221.75,40316.11214953271,41931.386966494196,34531.50041183743,37550.0,
store_4,2015-02-09,2015-01-26,30663.0,40244.0,37221.75,40388.22429906542,29279.871222943264,34595.19911691275,26096.0,
store_4,2015-02-16,2015-01-26,41728.0,40244.0,37221.75,40460.33644859813,38808.408061766946,34658.897821988074,35539.0,
store_4,2015-02-23,2015-01-26,32416.0,40244.0,37221.75,40532.44859813084,29879.567067418713,34722.5965270634,25080.0,
store_4,2015-03-02,2015-01-26,42022.0,40244.0,37221.75,40604.56074766355,40804.03967351468,34786.29523213872,38390.0,
store_4,2015-03-09,2015-01-26,29513.0,40244.0,37221.75,40676.67289719626,29959.455921685774,34849.99393721404,24257.0,
store_4,2015-03-16,2015-01-26,40790.0,40244.0,37221.75,40748.785046728975,38931.775191508896,34913.69264228937,32488.0,
store_4,2015-03-23,2015-01-26,30512.0,40244.0,37221.75,40820.897196261685,29738.75189080189,34977.39134736469,25671.0,
store_4,2015-03-02,2015-02-23,42022.0,32416.0,35233.916666666664,32414.99099099099,40868.23490842481,34895.109850335175,38390.0,
store_4,2015-03-09,2015-02-23,29513.0,32416.0,35233.916666666664,32413.981981981982,30111.09820888158,34960.08020403203,24257.0,
store_4,2015-03-16,2015-02-23,40790.0,32416.0,35233.916666666664,32412.972972972973,39103.13097603509,35025.05055772888,32488.0,
store_4,2015-03-23,2015-02-23,30512.0,32416.0,35233.916666666664,32411.963963963964,29846.923389000825,35090.02091142573,25671.0,
store_4,2015-03-30,2015-02-23,42508.0,32416.0,35233.916666666664,32410.954954954956,39295.719279830264,35154.99126512258,38144.0,
store_4,2015-04-06,2015-02-23,28093.0,32416.0,35233.916666666664,32409.945945945947,26484.998104628423,35219.961618819434,26136.0,
store_4,2015-04-13,2015-02-23,43126.0,32416.0,35233.916666666664,32408.936936936938,40056.44614499852,35284.931972516286,34868.0,
store_4,2015-04-20,2015-02-23,29938.0,32416.0,35233.916666666664,32407.92792792793,29459.61911812744,35349.90232621314,19642.0,
store_4,2015-03-30,2015-03-23,42508.0,30512.0,36144.083333333336,30494.46956521739,39341.970149871035,35161.760943341396,38144.0,
store_4,2015-04-06,2015-03-23,28093.0,30512.0,36144.083333333336,30476.93913043478,26529.742753621045,35226.76871998663,26136.0,
store_4,2015-04-13,2015-03-23,43126.0,30512.0,36144.083333333336,30459.408695652175,40131.050958513486,35291.776496631865,34868.0,
store_4,2015-04-20,2015-03-23,29938.0,30512.0,36144.083333333336,30441.878260869566,29566.663280477806,35356.784273277095,19642.0,
store_4,2015-04-27,2015-03-23,41911.0,30512.0,36144.083333333336,30424.347826086956,39343.137764125844,35421.792049922326,32109.0,
store_4,2015-05-04,2015-03-23,43023.0,30512.0,36144.083333333336,30406.817391304347,41649.620563692115,35486.799826567556,36025.0,
store_4,2015-05-11,2015-03-23,26505.0,30512.0,36144.083333333336,30389.28695652174,26003.60663967108,35551.807603212794,25801.0,
store_4,2015-05-18,2015-03-23,40041.0,30512.0,36144.083333333336,30371.75652173913,38854.960539873886,35616.815379858024,33468.0,
store_4,2015-04-27,2015-04-20,41911.0,29938.0,35985.083333333336,29916.235294117647,41340.813324963085,35463.59064465869,32109.0,
store_4,2015-05-04,2015-04-20,43023.0,29938.0,35985.083333333336,29894.470588235294,42594.47566065623,35529.08988135576,36025.0,
store_4,2015-05-11,2015-04-20,26505.0,29938.0,35985.083333333336,29872.70588235294,26545.103470910883,35594.58911805283,25801.0,
store_4,2015-05-18,2015-04-20,40041.0,29938.0,35985.083333333336,29850.941176470587,40615.8315757124,35660.088354749896,33468.0,
store_4,2015-05-25,2015-04-20,29937.0,29938.0,35985.083333333336,29829.176470588234,28979.357912063075,35725.587591446965,23889.0,
store_4,2015-06-01,2015-04-20,43575.0,29938.0,35985.083333333336,29807.41176470588,43022.80816631708,35791.086828144034,38245.0,
store_4,2015-06-08,2015-04-20,31294.0,29938.0,35985.083333333336,29785.647058823528,31310.032221811864,35856.5860648411,23342.0,
store_4,2015-06-15,2015-04-20,43760.0,29938.0,35985.083333333336,29763.882352941175,41233.7313541309,35922.08530153817,35166.0,
store_4,2015-05-25,2015-05-18,29937.0,40041.0,36498.5,40102.081300813006,28815.911672537553,39116.077563845225,23889.0,
store_4,2015-06-01,2015-05-18,43575.0,40041.0,36498.5,40163.16260162602,42937.90482975983,39294.98257135963,38245.0,
store_4,2015-06-08,2015-05-18,31294.0,40041.0,36498.5,40224.243902439026,31281.706012360522,39473.88757887403,23342.0,
store_4,2015-06-15,2015-05-18,43760.0,40041.0,36498.5,40285.32520325203,41228.27026140928,39652.79258638844,35166.0,
store_4,2015-06-22,2015-05-18,29885.0,40041.0,36498.5,40346.40650406504,29643.616632800902,39831.69759390285,25604.0,
store_4,2015-06-29,2015-05-18,47414.0,40041.0,36498.5,40407.48780487805,46076.243348717806,40010.60260141725,38939.0,
store_4,2015-07-06,2015-05-18,32803.0,40041.0,36498.5,40468.56910569106,31748.888505657113,40189.50760893166,27054.0,
store_4,2015-07-13,2015-05-18,45243.0,40041.0,36498.5,40529.650406504064,42790.95019568799,40368.41261644606,35607.0,
store_40,2015-02-02,2015-01-26,53577.0,52798.0,48321.0,52806.878504672895,52112.16624413002,44700.46439193372,56669.0,
store_40,2015-02-09,2015-01-26,37501.0,52798.0,48321.0,52815.7570093458,42487.34687352064,44700.46439193372,38515.0,
store_40,2015-02-16,2015-01-26,51941.0,52798.0,48321.0,52824.63551401869,50675.97511158037,44700.46439193372,51628.0,
store_40,2015-02-23,2015-01-26,39375.0,52798.0,48321.0,52833.51401869159,40794.78289470957,44700.46439193372,38582.0,
store_40,2015-03-02,2015-01-26,56447.0,52798.0,48321.0,52842.392523364484,56890.603300338764,44700.46439193372,54036.0,
store_40,2015-03-09,2015-01-26,41399.0,52798.0,48321.0,52851.27102803739,41097.2705317772,44700.46439193372,36760.0,
store_40,2015-03-16,2015-01-26,52291.0,52798.0,48321.0,52860.14953271028,52212.210078467426,44700.46439193372,48827.0,
store_40,2015-03-23,2015-01-26,38748.0,52798.0,48321.0,52869.02803738318,38102.01919227707,44700.46439193372,37833.0,
store_40,2015-03-02,2015-02-23,56447.0,39375.0,45950.666666666664,39262.63063063063,56292.18554103842,44723.566394630354,54036.0,
store_40,2015-03-09,2015-02-23,41399.0,39375.0,45950.666666666664,39150.261261261265,40432.62983152742,44723.566394630354,36760.0,
store_40,2015-03-16,2015-02-23,52291.0,39375.0,45950.666666666664,39037.89189189189,51888.89217880683,44723.566394630354,48827.0,
store_40,2015-03-23,2015-02-23,38748.0,39375.0,45950.666666666664,38925.52252252252,37682.36737378301,44723.566394630354,37833.0,
store_40,2015-03-30,2015-02-23,59531.0,39375.0,45950.666666666664,38813.15315315315,54243.429674154024,44723.566394630354,56134.0,
store_40,2015-04-06,2015-02-23,34347.0,39375.0,45950.666666666664,38700.78378378379,34501.04464586239,44723.566394630354,38609.0,
store_40,2015-04-13,2015-02-23,54184.0,39375.0,45950.666666666664,38588.414414414416,52548.947043789376,44723.566394630354,50952.0,
store_40,2015-04-20,2015-02-23,38901.0,39375.0,45950.666666666664,38476.045045045044,38435.92773560896,44723.566394630354,30415.0,
store_40,2015-03-30,2015-03-23,59531.0,38748.0,46540.083333333336,38634.086956521736,54546.32541988687,44817.47383136813,56134.0,
store_40,2015-04-06,2015-03-23,34347.0,38748.0,46540.083333333336,38520.17391304348,35117.67962336163,44817.47383136813,38609.0,
store_40,2015-04-13,2015-03-23,54184.0,38748.0,46540.083333333336,38406.260869565216,53367.253921863674,44817.47383136813,50952.0,
store_40,2015-04-20,2015-03-23,38901.0,38748.0,46540.083333333336,38292.34782608696,39422.68968633899,44817.47383136813,30415.0,
store_40,2015-04-27,2015-03-23,51593.0,38748.0,46540.083333333336,38178.434782608696,51076.17041826621,44817.47383136813,48846.0,
store_40,2015-05-04,2015-03-23,55624.0,38748.0,46540.083333333336,38064.52173913043,55237.43485662482,44817.47383136813,54053.0,
store_40,2015-05-11,2015-03-23,36985.0,38748.0,46540.083333333336,37950.608695652176,36105.42901039021,44817.47383136813,38071.0,
store_40,2015-05-18,2015-03-23,53630.0,38748.0,46540.083333333336,37836.69565217391,51627.89115367971,44817.47383136813,50139.0,
store_40,2015-04-27,2015-04-20,51593.0,38901.0,46520.166666666664,38792.20168067227,50519.95295218538,44882.09174775695,48846.0,
store_40,2015-05-04,2015-04-20,55624.0,38901.0,46520.166666666664,38683.403361344535,54615.50956878395,44882.09174775695,54053.0,
store_40,2015-05-11,2015-04-20,36985.0,38901.0,46520.166666666664,38574.6050420168,35124.55403457348,44882.09174775695,38071.0,
store_40,2015-05-18,2015-04-20,53630.0,38901.0,46520.166666666664,38465.80672268908,51165.70838908049,44882.09174775695,50139.0,
store_40,2015-05-25,2015-04-20,37388.0,38901.0,46520.166666666664,38357.008403361346,34272.18477649886,44882.09174775695,37940.0,
store_40,2015-06-01,2015-04-20,50169.0,38901.0,46520.166666666664,38248.21008403361,47982.683138935805,44882.09174775695,55876.0,
store_40,2015-06-08,2015-04-20,40755.0,38901.0,46520.166666666664,38139.41176470588,38723.05298098192,44882.09174775695,33693.0,
store_40,2015-06-15,2015-04-20,54468.0,38901.0,46520.166666666664,38030.61344537815,52566.33469400973,44882.09174775695,46306.0,
store_40,2015-05-25,2015-05-18,37388.0,53630.0,47806.666666666664,53644.48780487805,35254.006246831006,45027.803850830205,37940.0,
store_40,2015-06-01,2015-05-18,50169.0,53630.0,47806.666666666664,53658.9756097561,48699.12880868906,45027.803850830205,55876.0,
store_40,2015-06-08,2015-05-18,40755.0,53630.0,47806.666666666664,53673.46341463415,38986.501697470165,45027.803850830205,33693.0,
store_40,2015-06-15,2015-05-18,54468.0,53630.0,47806.666666666664,53687.95121951219,52542.058645605575,45027.803850830205,46306.0,
store_40,2015-06-22,2015-05-18,37196.0,53630.0,47806.666666666664,53702.439024390245,35945.017006651644,45027.803850830205,37847.0,
store_40,2015-06-29,2015-05-18,56576.0,53630.0,47806.666666666664,53716.92682926829,49386.33703503674,45027.803850830205,54460.0,
store_40,2015-07-06,2015-05-18,40776.0,53630.0,47806.666666666664,53731.41463414634,37586.83034910491,45027.803850830205,38627.0,
store_40,2015-07-13,2015-05-18,55384.0,53630.0,47806.666666666664,53745.90243902439,51364.46091642725,45027.803850830205,50370.0,
store_41,2015-02-02,2015-01-26,43833.0,58463.0,52583.666666666664,58653.73831775701,41674.26861384712,49645.611092185376,43397.0,
store_41,2015-02-09,2015-01-26,45088.0,58463.0,52583.666666666664,58844.47663551402,43994.39364696962,49645.611092185376,41836.0,
store_41,2015-02-16,2015-01-26,39613.0,58463.0,52583.666666666664,59035.214953271025,39051.092002085315,49645.611092185376,40533.0,
store_41,2015-02-23,2015-01-26,39594.0,58463.0,52583.666666666664,59225.95327102804,38437.65464829761,49645.611092185376,38412.0,
store_41,2015-03-02,2015-01-26,46942.0,58463.0,52583.666666666664,59416.69158878505,47759.136889332774,49645.611092185376,46586.0,
store_41,2015-03-09,2015-01-26,40270.0,58463.0,52583.666666666664,59607.42990654206,37204.343626449205,49645.611092185376,35856.0,
store_41,2015-03-16,2015-01-26,43515.0,58463.0,52583.666666666664,59798.168224299065,42337.375012218356,49645.611092185376,39672.0,
store_41,2015-03-23,2015-01-26,39796.0,58463.0,52583.666666666664,59988.90654205607,40101.97387636056,49645.611092185376,39043.0,
store_41,2015-03-02,2015-02-23,46942.0,39594.0,47048.666666666664,39607.873873873876,48148.351181077,41499.0784939293,46586.0,
store_41,2015-03-09,2015-02-23,40270.0,39594.0,47048.666666666664,39621.747747747744,37384.73094979027,41499.0784939293,35856.0,
store_41,2015-03-16,2015-02-23,43515.0,39594.0,47048.666666666664,39635.62162162162,42450.748832004916,41499.0784939293,39672.0,
store_41,2015-03-23,2015-02-23,39796.0,39594.0,47048.666666666664,39649.495495495496,40212.31185899508,41499.0784939293,39043.0,
store_41,2015-03-30,2015-02-23,63351.0,39594.0,47048.666666666664,39663.36936936937,56282.19273710871,41499.0784939293,46561.0,
store_41,2015-04-06,2015-02-23,37711.0,39594.0,47048.666666666664,39677.24324324324,41944.98045976774,41499.0784939293,40102.0,
store_41,2015-04-13,2015-02-23,46299.0,39594.0,47048.666666666664,39691.117117117115,53855.429668450546,41499.0784939293,60313.0,
store_41,2015-04-20,2015-02-23,38070.0,39594.0,47048.666666666664,39704.99099099099,37369.85549207435,41499.0784939293,32621.0,
store_41,2015-03-30,2015-03-23,63351.0,39796.0,43299.083333333336,39811.147826086955,58012.74158439249,41470.546724265696,46561.0,
store_41,2015-04-06,2015-03-23,37711.0,39796.0,43299.083333333336,39826.29565217391,43100.881366628164,41470.546724265696,40102.0,
store_41,2015-04-13,2015-03-23,46299.0,39796.0,43299.083333333336,39841.443478260866,49228.229184029115,41470.546724265696,60313.0,
store_41,2015-04-20,2015-03-23,38070.0,39796.0,43299.083333333336,39856.59130434783,40576.88064361969,41470.546724265696,32621.0,
store_41,2015-04-27,2015-03-23,47439.0,39796.0,43299.083333333336,39871.739130434784,47118.728231404675,41470.546724265696,44544.0,
store_41,2015-05-04,2015-03-23,47305.0,39796.0,43299.083333333336,39886.88695652174,48925.30601239804,41470.546724265696,46052.0,
store_41,2015-05-11,2015-03-23,40251.0,39796.0,43299.083333333336,39902.034782608695,41087.019727864346,41470.546724265696,39642.0,
store_41,2015-05-18,2015-03-23,44193.0,39796.0,43299.083333333336,39917.18260869565,45415.3649314286,41470.546724265696,40343.0,
store_41,2015-04-27,2015-04-20,47439.0,38070.0,43673.5,38070.13445378151,45958.614180598335,42565.46997336123,44544.0,
store_41,2015-05-04,2015-04-20,47305.0,38070.0,43673.5,38070.268907563026,47902.117843484695,42565.46997336123,46052.0,
store_41,2015-05-11,2015-04-20,40251.0,38070.0,43673.5,38070.403361344535,39694.84617713306,42565.46997336123,39642.0,
store_41,2015-05-18,2015-04-20,44193.0,38070.0,43673.5,38070.53781512605,44367.20428647098,42565.46997336123,40343.0,
store_41,2015-05-25,2015-04-20,40394.0,38070.0,43673.5,38070.67226890756,38034.87302147386,42565.46997336123,42622.0,
store_41,2015-06-01,2015-04-20,51808.0,38070.0,43673.5,38070.80672268908,51300.37237123241,42565.46997336123,48479.0,
store_41,2015-06-08,2015-04-20,40375.0,38070.0,43673.5,38070.94117647059,39632.1738102197,42565.46997336123,35816.0,
store_41,2015-06-15,2015-04-20,44763.0,38070.0,43673.5,38071.075630252104,44157.660441596454,42565.46997336123,40876.0,
store_41,2015-05-25,2015-05-18,40394.0,44193.0,44595.166666666664,44242.91056910569,38312.53992308435,43768.041410883205,42622.0,
store_41,2015-06-01,2015-05-18,51808.0,44193.0,44595.166666666664,44292.82113821138,51412.184058790386,43768.041410883205,48479.0,
store_41,2015-06-08,2015-05-18,40375.0,44193.0,44595.166666666664,44342.73170731707,39704.24241151409,43768.041410883205,35816.0,
store_41,2015-06-15,2015-05-18,44763.0,44193.0,44595.166666666664,44392.64227642276,44267.78129089183,43768.041410883205,40876.0,
store_41,2015-06-22,2015-05-18,37903.0,44193.0,44595.166666666664,44442.55284552846,37936.36723680449,43768.041410883205,36829.0,
store_41,2015-06-29,2015-05-18,54753.0,44193.0,44595.166666666664,44492.46341463415,55239.54268445032,43768.041410883205,49873.0,
store_41,2015-07-06,2015-05-18,46948.0,44193.0,44595.166666666664,44542.37398373984,48570.95656095963,43768.041410883205,44404.0,
store_41,2015-07-13,2015-05-18,54955.0,44193.0,44595.166666666664,44592.28455284553,52660.631991446135,43768.041410883205,49307.0,
store_42,2015-02-02,2015-01-26,59154.0,57316.0,58512.166666666664,57270.457943925234,61885.44715276289,55278.78190532028,62160.0,
store_42,2015-02-09,2015-01-26,47416.0,57316.0,58512.166666666664,57224.91588785047,49709.719228324844,55278.78190532028,45074.0,
store_42,2015-02-16,2015-01-26,53342.0,57316.0,58512.166666666664,57179.3738317757,54132.304540400466,55278.78190532028,58145.0,
store_42,2015-02-23,2015-01-26,45237.0,57316.0,58512.166666666664,57133.831775700935,43068.314553813085,55278.78190532028,45930.0,
store_42,2015-03-02,2015-01-26,59045.0,57316.0,58512.166666666664,57088.28971962617,61347.225144257434,55278.78190532028,60777.0,
store_42,2015-03-09,2015-01-26,45272.0,57316.0,58512.166666666664,57042.7476635514,46442.19075596743,55278.78190532028,44552.0,
store_42,2015-03-16,2015-01-26,55203.0,57316.0,58512.166666666664,56997.20560747664,55572.37898233511,55278.78190532028,56301.0,
store_42,2015-03-23,2015-01-26,46299.0,57316.0,58512.166666666664,56951.66355140187,45813.86993065018,55278.78190532028,43892.0,
store_42,2015-03-02,2015-02-23,59045.0,45237.0,55483.166666666664,45084.27927927928,61339.74946131774,55138.722168322696,60777.0,
store_42,2015-03-09,2015-02-23,45272.0,45237.0,55483.166666666664,44931.55855855856,46417.41025141082,55138.722168322696,44552.0,
store_42,2015-03-16,2015-02-23,55203.0,45237.0,55483.166666666664,44778.83783783784,55581.931243868225,55138.722168322696,56301.0,
store_42,2015-03-23,2015-02-23,46299.0,45237.0,55483.166666666664,44626.117117117115,45788.67411037228,55138.722168322696,43892.0,
store_42,2015-03-30,2015-02-23,66213.0,45237.0,55483.166666666664,44473.3963963964,65777.2474478186,55138.722168322696,60711.0,
store_42,2015-04-06,2015-02-23,41834.0,45237.0,55483.166666666664,44320.67567567567,44775.40370851131,55138.722168322696,47618.0,
store_42,2015-04-13,2015-02-23,56439.0,45237.0,55483.166666666664,44167.954954954956,56957.35118095607,55138.722168322696,63493.0,
store_42,2015-04-20,2015-02-23,43013.0,45237.0,55483.166666666664,44015.23423423423,44727.29704242452,55138.722168322696,38800.0,
store_42,2015-03-30,2015-03-23,66213.0,46299.0,52151.583333333336,46160.82608695652,65190.44616165203,55011.7903354245,60711.0,
store_42,2015-04-06,2015-03-23,41834.0,46299.0,52151.583333333336,46022.65217391304,44697.828865953954,55011.7903354245,47618.0,
store_42,2015-04-13,2015-03-23,56439.0,46299.0,52151.583333333336,45884.47826086957,56760.36149349842,55011.7903354245,63493.0,
store_42,2015-04-20,2015-03-23,43013.0,46299.0,52151.583333333336,45746.30434782609,43732.80883507425,55011.7903354245,38800.0,
store_42,2015-04-27,2015-03-23,53698.0,46299.0,52151.583333333336,45608.13043478261,55869.872025305085,55011.7903354245,57548.0,
store_42,2015-05-04,2015-03-23,59019.0,46299.0,52151.583333333336,45469.95652173913,60823.640060067526,55011.7903354245,64376.0,
store_42,2015-05-11,2015-03-23,42313.0,46299.0,52151.583333333336,45331.782608695656,43416.651985910554,55011.7903354245,44309.0,
store_42,2015-05-18,2015-03-23,54532.0,46299.0,52151.583333333336,45193.608695652176,55622.08100647466,55011.7903354245,56285.0,
store_42,2015-04-27,2015-04-20,53698.0,43013.0,51538.916666666664,42851.857142857145,55832.897234111966,54899.82069377811,57548.0,
store_42,2015-05-04,2015-04-20,59019.0,43013.0,51538.916666666664,42690.71428571428,60769.933410918675,54899.82069377811,64376.0,
store_42,2015-05-11,2015-04-20,42313.0,43013.0,51538.916666666664,42529.57142857143,43417.19041956973,54899.82069377811,44309.0,
store_42,2015-05-18,2015-04-20,54532.0,43013.0,51538.916666666664,42368.42857142857,55594.16930500818,54899.82069377811,56285.0,
store_42,2015-05-25,2015-04-20,41831.0,43013.0,51538.916666666664,42207.28571428572,42720.73297733059,54899.82069377811,45923.0,
store_42,2015-06-01,2015-04-20,54508.0,43013.0,51538.916666666664,42046.142857142855,54954.172321653474,54899.82069377811,61706.0,
store_42,2015-06-08,2015-04-20,48515.0,43013.0,51538.916666666664,41885.0,48686.49335029032,54899.82069377811,43533.0,
store_42,2015-06-15,2015-04-20,57733.0,43013.0,51538.916666666664,41723.857142857145,57007.062810138654,54899.82069377811,55212.0,
store_42,2015-05-25,2015-05-18,41831.0,54532.0,51906.666666666664,54469.74796747968,42645.54390392501,54818.14431674463,45923.0,
store_42,2015-06-01,2015-05-18,54508.0,54532.0,51906.666666666664,54407.49593495935,54677.22738432784,54818.14431674463,61706.0,
store_42,2015-06-08,2015-05-18,48515.0,54532.0,51906.666666666664,54345.243902439026,48784.29211852476,54818.14431674463,43533.0,
store_42,2015-06-15,2015-05-18,57733.0,54532.0,51906.666666666664,54282.9918699187,57124.963823451704,54818.14431674463,55212.0,
store_42,2015-06-22,2015-05-18,45607.0,54532.0,51906.666666666664,54220.739837398374,42647.38641843189,54818.14431674463,50389.0,
store_42,2015-06-29,2015-05-18,65212.0,54532.0,51906.666666666664,54158.48780487805,65169.95253214441,54818.14431674463,61340.0,
store_42,2015-07-06,2015-05-18,49547.0,54532.0,51906.666666666664,54096.23577235772,48873.43533220576,54818.14431674463,46277.0,
store_42,2015-07-13,2015-05-18,60499.0,54532.0,51906.666666666664,54033.9837398374,59898.64392275848,54818.14431674463,58849.0,
store_43,2015-02-02,2015-01-26,43144.0,43905.0,42072.0,43912.68224299065,43758.85790465624,38337.8260807238,47633.0,
store_43,2015-02-09,2015-01-26,30259.0,43905.0,42072.0,43920.36448598131,32465.09744744652,38337.8260807238,32127.0,
store_43,2015-02-16,2015-01-26,43644.0,43905.0,42072.0,43928.04672897196,43842.127183323115,38337.8260807238,42640.0,
store_43,2015-02-23,2015-01-26,32040.0,43905.0,42072.0,43935.72897196261,32149.330750897352,38337.8260807238,31494.0,
store_43,2015-03-02,2015-01-26,44631.0,43905.0,42072.0,43943.411214953274,46103.312344097445,38337.8260807238,45204.0,
store_43,2015-03-09,2015-01-26,33712.0,43905.0,42072.0,43951.09345794393,33437.56878540621,38337.8260807238,28569.0,
store_43,2015-03-16,2015-01-26,43957.0,43905.0,42072.0,43958.77570093458,44788.94510006273,38337.8260807238,40718.0,
store_43,2015-03-23,2015-01-26,32632.0,43905.0,42072.0,43966.457943925234,32952.13768244925,38337.8260807238,32328.0,
store_43,2015-03-02,2015-02-23,44631.0,32040.0,39392.0,31940.513513513513,45960.90141997492,38305.90561414657,45204.0,
store_43,2015-03-09,2015-02-23,33712.0,32040.0,39392.0,31841.027027027027,33206.2119329081,38305.90561414657,28569.0,
store_43,2015-03-16,2015-02-23,43957.0,32040.0,39392.0,31741.54054054054,44593.8771771224,38305.90561414657,40718.0,
store_43,2015-03-23,2015-02-23,32632.0,32040.0,39392.0,31642.054054054053,32782.56664536602,38305.90561414657,32328.0,
store_43,2015-03-30,2015-02-23,47903.0,32040.0,39392.0,31542.567567567567,46741.03780899086,38305.90561414657,46250.0,
store_43,2015-04-06,2015-02-23,28679.0,32040.0,39392.0,31443.08108108108,29527.70611147274,38305.90561414657,30247.0,
store_43,2015-04-13,2015-02-23,45928.0,32040.0,39392.0,31343.594594594593,44026.946352031955,38305.90561414657,43626.0,
store_43,2015-04-20,2015-02-23,31300.0,32040.0,39392.0,31244.108108108107,31334.61816354643,38305.90561414657,26942.0,
store_43,2015-03-30,2015-03-23,47903.0,32632.0,38346.083333333336,32541.121739130434,46401.130561112775,38321.34985535901,46250.0,
store_43,2015-04-06,2015-03-23,28679.0,32632.0,38346.083333333336,32450.24347826087,29231.842653581523,38321.34985535901,30247.0,
store_43,2015-04-13,2015-03-23,45928.0,32632.0,38346.083333333336,32359.365217391303,43886.0950712685,38321.34985535901,43626.0,
store_43,2015-04-20,2015-03-23,31300.0,32632.0,38346.083333333336,32268.486956521738,31235.328416045988,38321.34985535901,26942.0,
store_43,2015-04-27,2015-03-23,44388.0,32632.0,38346.083333333336,32177.608695652172,42024.54395394656,38321.34985535901,44250.0,
store_43,2015-05-04,2015-03-23,43590.0,32632.0,38346.083333333336,32086.73043478261,43443.79763743619,38321.34985535901,47440.0,
store_43,2015-05-11,2015-03-23,30885.0,32632.0,38346.083333333336,31995.852173913045,30282.235269441037,38321.34985535901,31322.0,
store_43,2015-05-18,2015-03-23,44098.0,32632.0,38346.083333333336,31904.97391304348,43195.92872205144,38321.34985535901,41296.0,
store_43,2015-04-27,2015-04-20,44388.0,31300.0,38152.416666666664,31200.983193277312,42191.146447828214,38316.9584406613,44250.0,
store_43,2015-05-04,2015-04-20,43590.0,31300.0,38152.416666666664,31101.96638655462,43663.15723791707,38316.9584406613,47440.0,
store_43,2015-05-11,2015-04-20,30885.0,31300.0,38152.416666666664,31002.949579831933,30415.52506576752,38316.9584406613,31322.0,
store_43,2015-05-18,2015-04-20,44098.0,31300.0,38152.416666666664,30903.932773109245,43424.44355908717,38316.9584406613,41296.0,
store_43,2015-05-25,2015-04-20,31459.0,31300.0,38152.416666666664,30804.915966386554,29945.81040226703,38316.9584406613,32487.0,
store_43,2015-06-01,2015-04-20,35824.0,31300.0,38152.416666666664,30705.899159663866,30428.415042319917,38316.9584406613,45806.0,
store_43,2015-06-08,2015-04-20,33871.0,31300.0,38152.416666666664,30606.882352941175,32017.47391546244,38316.9584406613,30589.0,
store_43,2015-06-15,2015-04-20,46379.0,31300.0,38152.416666666664,30507.865546218487,44757.74183865107,38316.9584406613,44351.0,
store_43,2015-05-25,2015-05-18,31459.0,44098.0,39308.583333333336,44106.25203252032,30680.10677794971,38396.44198747639,32487.0,
store_43,2015-06-01,2015-05-18,35824.0,44098.0,39308.583333333336,44114.50406504065,31075.871060945006,38396.44198747639,45806.0,
store_43,2015-06-08,2015-05-18,33871.0,44098.0,39308.583333333336,44122.756097560974,32490.49157230439,38396.44198747639,30589.0,
store_43,2015-06-15,2015-05-18,46379.0,44098.0,39308.583333333336,44131.0081300813,45151.86648191889,38396.44198747639,44351.0,
store_43,2015-06-22,2015-05-18,30661.0,44098.0,39308.583333333336,44139.260162601626,29728.10064535516,38396.44198747639,30027.0,
store_43,2015-06-29,2015-05-18,48209.0,44098.0,39308.583333333336,44147.51219512195,43979.25916713911,38396.44198747639,43994.0,
store_43,2015-07-06,2015-05-18,34509.0,44098.0,39308.583333333336,44155.76422764228,33169.9206850292,38396.44198747639,29468.0,
store_43,2015-07-13,2015-05-18,43577.0,44098.0,39308.583333333336,44164.0162601626,41134.8673547599,38396.44198747639,40097.0,
store_44,2015-02-02,2015-01-26,63683.0,61176.0,57170.916666666664,61158.6168224299,64962.88697689725,52517.18158602131,65027.0,
store_44,2015-02-09,2015-01-26,46272.0,61176.0,57170.916666666664,61141.233644859814,49327.57069997769,52517.18158602131,44109.0,
store_44,2015-02-16,2015-01-26,56643.0,61176.0,57170.916666666664,61123.85046728972,56832.245801764075,52517.18158602131,53322.0,
store_44,2015-02-23,2015-01-26,48299.0,61176.0,57170.916666666664,61106.46728971963,46860.136632204056,52517.18158602131,44404.0,
store_44,2015-03-02,2015-01-26,62334.0,61176.0,57170.916666666664,61089.08411214953,62257.627938735764,52517.18158602131,65353.0,
store_44,2015-03-09,2015-01-26,42774.0,61176.0,57170.916666666664,61071.700934579436,43545.45110742422,52517.18158602131,42056.0,
store_44,2015-03-16,2015-01-26,58604.0,61176.0,57170.916666666664,61054.31775700935,60488.80472147651,52517.18158602131,56049.0,
store_44,2015-03-23,2015-01-26,42763.0,61176.0,57170.916666666664,61036.93457943925,43679.22765326733,52517.18158602131,38874.0,
store_44,2015-03-02,2015-02-23,62334.0,48299.0,54805.166666666664,48166.23423423423,62063.08945251652,52549.54918158823,65353.0,
store_44,2015-03-09,2015-02-23,42774.0,48299.0,54805.166666666664,48033.46846846847,43357.3968747686,52549.54918158823,42056.0,
store_44,2015-03-16,2015-02-23,58604.0,48299.0,54805.166666666664,47900.7027027027,60302.3309739118,52549.54918158823,56049.0,
store_44,2015-03-23,2015-02-23,42763.0,48299.0,54805.166666666664,47767.93693693694,43490.56348239421,52549.54918158823,38874.0,
store_44,2015-03-30,2015-02-23,65376.0,48299.0,54805.166666666664,47635.17117117117,63938.825994989835,52549.54918158823,63000.0,
store_44,2015-04-06,2015-02-23,37382.0,48299.0,54805.166666666664,47502.40540540541,38071.72918493359,52549.54918158823,42560.0,
store_44,2015-04-13,2015-02-23,62667.0,48299.0,54805.166666666664,47369.63963963964,64178.958884789434,52549.54918158823,59197.0,
store_44,2015-04-20,2015-02-23,39269.0,48299.0,54805.166666666664,47236.873873873876,41315.50889117661,52549.54918158823,34449.0,
store_44,2015-03-30,2015-03-23,65376.0,42763.0,53479.75,42586.71304347826,63375.81582974852,52533.37112463147,63000.0,
store_44,2015-04-06,2015-03-23,37382.0,42763.0,53479.75,42410.42608695652,37522.20247864677,52533.37112463147,42560.0,
store_44,2015-04-13,2015-03-23,62667.0,42763.0,53479.75,42234.139130434785,63545.05708288937,52533.37112463147,59197.0,
store_44,2015-04-20,2015-03-23,39269.0,42763.0,53479.75,42057.852173913045,40689.96732508531,52533.37112463147,34449.0,
store_44,2015-04-27,2015-03-23,55723.0,42763.0,53479.75,41881.565217391304,55706.722683749394,52533.37112463147,59659.0,
store_44,2015-05-04,2015-03-23,62077.0,42763.0,53479.75,41705.27826086956,65096.017562181456,52533.37112463147,63480.0,
store_44,2015-05-11,2015-03-23,39365.0,42763.0,53479.75,41528.99130434782,42024.456332043745,52533.37112463147,41025.0,
store_44,2015-05-18,2015-03-23,58948.0,42763.0,53479.75,41352.70434782609,61033.978211654816,52533.37112463147,61318.0,
store_44,2015-04-27,2015-04-20,55723.0,39269.0,52172.166666666664,39069.27731092437,55179.178483500844,52482.56022880979,59659.0,
store_44,2015-05-04,2015-04-20,62077.0,39269.0,52172.166666666664,38869.554621848736,64659.570875165286,52482.56022880979,63480.0,
store_44,2015-05-11,2015-04-20,39365.0,39269.0,52172.166666666664,38669.83193277311,41504.51828728011,52482.56022880979,41025.0,
store_44,2015-05-18,2015-04-20,58948.0,39269.0,52172.166666666664,38470.10924369748,60563.49543112726,52482.56022880979,61318.0,
store_44,2015-05-25,2015-04-20,43034.0,39269.0,52172.166666666664,38270.38655462185,42197.073658618145,52482.56022880979,43954.0,
store_44,2015-06-01,2015-04-20,55770.0,39269.0,52172.166666666664,38070.663865546216,56534.60708498256,52482.56022880979,68257.0,
store_44,2015-06-08,2015-04-20,45644.0,39269.0,52172.166666666664,37870.94117647059,45786.61856996524,52482.56022880979,39397.0,
store_44,2015-06-15,2015-04-20,63842.0,39269.0,52172.166666666664,37671.21848739496,61874.239573219325,52482.56022880979,57151.0,
store_44,2015-05-25,2015-05-18,43034.0,58948.0,52273.5,58914.76422764228,40736.62467235231,52521.2846839123,43954.0,
store_44,2015-06-01,2015-05-18,55770.0,58948.0,52273.5,58881.528455284555,55225.695938476856,52521.2846839123,68257.0,
store_44,2015-06-08,2015-05-18,45644.0,58948.0,52273.5,58848.29268292683,44310.76178537606,52521.2846839123,39397.0,
store_44,2015-06-15,2015-05-18,63842.0,58948.0,52273.5,58815.0569105691,60477.6299568527,52521.2846839123,57151.0,
store_44,2015-06-22,2015-05-18,43349.0,58948.0,52273.5,58781.82113821138,41271.469285268045,52521.2846839123,42738.0,
store_44,2015-06-29,2015-05-18,66110.0,58948.0,52273.5,58748.58536585366,59264.21209196755,52521.2846839123,70279.0,
store_44,2015-07-06,2015-05-18,43948.0,58948.0,52273.5,58715.349593495936,40704.08460881168,52521.2846839123,46716.0,
store_44,2015-07-13,2015-05-18,59134.0,58948.0,52273.5,58682.11382113821,55622.93412082366,52521.2846839123,60511.0,
store_45,2015-02-02,2015-01-26,32098.0,31724.0,30407.833333333332,31757.48598130841,32384.99341113586,28942.794851019313,31452.0,
store_45,2015-02-09,2015-01-26,23893.0,31724.0,30407.833333333332,31790.971962616823,24017.162327777827,28942.794851019313,23720.0,
store_45,2015-02-16,2015-01-26,30211.0,31724.0,30407.833333333332,31824.457943925234,30469.662281167897,28942.794851019313,29041.0,
store_45,2015-02-23,2015-01-26,23417.0,31724.0,30407.833333333332,31857.943925233645,22644.18535035345,28942.794851019313,22890.0,
store_45,2015-03-02,2015-01-26,31277.0,31724.0,30407.833333333332,31891.429906542056,30497.942890920327,28942.794851019313,28397.0,
store_45,2015-03-09,2015-01-26,27158.0,31724.0,30407.833333333332,31924.915887850468,25206.04560809041,28942.794851019313,21905.0,
store_45,2015-03-16,2015-01-26,31672.0,31724.0,30407.833333333332,31958.40186915888,30209.318171919993,28942.794851019313,25834.0,
store_45,2015-03-23,2015-01-26,25260.0,31724.0,30407.833333333332,31991.88785046729,23223.487587519427,28942.794851019313,24684.0,
store_45,2015-03-02,2015-02-23,31277.0,23417.0,28183.416666666668,23374.441441441442,31080.006719699617,28168.63136129895,28397.0,
store_45,2015-03-09,2015-02-23,27158.0,23417.0,28183.416666666668,23331.882882882885,25851.850754995623,28168.63136129895,21905.0,
store_45,2015-03-16,2015-02-23,31672.0,23417.0,28183.416666666668,23289.324324324323,30679.21959586067,28168.63136129895,25834.0,
store_45,2015-03-23,2015-02-23,25260.0,23417.0,28183.416666666668,23246.765765765766,23887.69493214172,28168.63136129895,24684.0,
store_45,2015-03-30,2015-02-23,33907.0,23417.0,28183.416666666668,23204.207207207208,31340.074067002733,28168.63136129895,28877.0,
store_45,2015-04-06,2015-02-23,19891.0,23417.0,28183.416666666668,23161.64864864865,20084.179655749143,28168.63136129895,24891.0,
store_45,2015-04-13,2015-02-23,30274.0,23417.0,28183.416666666668,23119.09009009009,29877.89430845092,28168.63136129895,31411.0,
store_45,2015-04-20,2015-02-23,23628.0,23417.0,28183.416666666668,23076.53153153153,23308.314398042858,28168.63136129895,18342.0,
store_45,2015-03-30,2015-03-23,33907.0,25260.0,28381.333333333332,25234.94782608696,31873.08469201186,28354.799745128414,28877.0,
store_45,2015-04-06,2015-03-23,19891.0,25260.0,28381.333333333332,25209.895652173913,20151.59466300853,28354.799745128414,24891.0,
store_45,2015-04-13,2015-03-23,30274.0,25260.0,28381.333333333332,25184.84347826087,29830.755844640826,28354.799745128414,31411.0,
store_45,2015-04-20,2015-03-23,23628.0,25260.0,28381.333333333332,25159.791304347826,23197.541943487435,28354.799745128414,18342.0,
store_45,2015-04-27,2015-03-23,28679.0,25260.0,28381.333333333332,25134.739130434784,28194.975804947208,28354.799745128414,25716.0,
store_45,2015-05-04,2015-03-23,31049.0,25260.0,28381.333333333332,25109.68695652174,32446.04251719416,28354.799745128414,31155.0,
store_45,2015-05-11,2015-03-23,20999.0,25260.0,28381.333333333332,25084.634782608697,20355.94284831405,28354.799745128414,22242.0,
store_45,2015-05-18,2015-03-23,31006.0,25260.0,28381.333333333332,25059.58260869565,28545.23997338538,28354.799745128414,25977.0,
store_45,2015-04-27,2015-04-20,28679.0,23628.0,27723.833333333332,23590.0756302521,28517.443728179056,27692.572924953456,25716.0,
store_45,2015-05-04,2015-04-20,31049.0,23628.0,27723.833333333332,23552.1512605042,32717.459340423164,27692.572924953456,31155.0,
store_45,2015-05-11,2015-04-20,20999.0,23628.0,27723.833333333332,23514.2268907563,20492.043415545864,27692.572924953456,22242.0,
store_45,2015-05-18,2015-04-20,31006.0,23628.0,27723.833333333332,23476.302521008405,28729.27022014933,27692.572924953456,25977.0,
store_45,2015-05-25,2015-04-20,22025.0,23628.0,27723.833333333332,23438.378151260506,20648.2506754112,27692.572924953456,20452.0,
store_45,2015-06-01,2015-04-20,31909.0,23628.0,27723.833333333332,23400.453781512606,30351.217664381307,27692.572924953456,31445.0,
store_45,2015-06-08,2015-04-20,23321.0,23628.0,27723.833333333332,23362.529411764706,22802.412568731663,27692.572924953456,20533.0,
store_45,2015-06-15,2015-04-20,29993.0,23628.0,27723.833333333332,23324.605042016807,29216.059867179516,27692.572924953456,29094.0,
store_45,2015-05-25,2015-05-18,22025.0,31006.0,27900.0,31029.29268292683,21766.25501729927,27792.06037316643,20452.0,
store_45,2015-06-01,2015-05-18,31909.0,31006.0,27900.0,31052.585365853658,30959.267476484572,27792.06037316643,31445.0,
store_45,2015-06-08,2015-05-18,23321.0,31006.0,27900.0,31075.878048780487,23168.125052084328,27792.06037316643,20533.0,
store_45,2015-06-15,2015-05-18,29993.0,31006.0,27900.0,31099.170731707316,29570.60742881932,27792.06037316643,29094.0,
store_45,2015-06-22,2015-05-18,22996.0,31006.0,27900.0,31122.463414634145,22175.706828442777,27792.06037316643,21400.0,
store_45,2015-06-29,2015-05-18,32246.0,31006.0,27900.0,31145.756097560974,29422.929936724413,27792.06037316643,30159.0,
store_45,2015-07-06,2015-05-18,25134.0,31006.0,27900.0,31169.048780487807,23485.9822017717,27792.06037316643,24553.0,
store_45,2015-07-13,2015-05-18,31742.0,31006.0,27900.0,31192.341463414636,30521.94502603801,27792.06037316643,27141.0,
store_46,2015-02-02,2015-01-26,40905.0,39523.0,40244.666666666664,39495.6168224299,39994.27330073493,36279.34390564856,41194.0,
store_46,2015-02-09,2015-01-26,30956.0,39523.0,40244.666666666664,39468.233644859814,31577.3210014934,36279.34390564856,30804.0,
store_46,2015-02-16,2015-01-26,30880.0,39523.0,40244.666666666664,39440.85046728972,28262.22466449421,36279.34390564856,39292.0,
store_46,2015-02-23,2015-01-26,31469.0,39523.0,40244.666666666664,39413.46728971963,31007.6895216592,36279.34390564856,32719.0,
store_46,2015-03-02,2015-01-26,42215.0,39523.0,40244.666666666664,39386.08411214953,41832.324472376364,36279.34390564856,38222.0,
store_46,2015-03-09,2015-01-26,31338.0,39523.0,40244.666666666664,39358.700934579436,30605.668786764538,36279.34390564856,30192.0,
store_46,2015-03-16,2015-01-26,41531.0,39523.0,40244.666666666664,39331.31775700935,40371.21442202895,36279.34390564856,37472.0,
store_46,2015-03-23,2015-01-26,29264.0,39523.0,40244.666666666664,39303.93457943925,28069.616280558384,36279.34390564856,29400.0,
store_46,2015-03-02,2015-02-23,42215.0,31469.0,36749.666666666664,31370.045045045044,42613.87588071449,36177.00441160963,38222.0,
store_46,2015-03-09,2015-02-23,31338.0,31469.0,36749.666666666664,31271.09009009009,30842.98640839672,36177.00441160963,30192.0,
store_46,2015-03-16,2015-02-23,41531.0,31469.0,36749.666666666664,31172.135135135137,40760.753275065406,36177.00441160963,37472.0,
store_46,2015-03-23,2015-02-23,29264.0,31469.0,36749.666666666664,31073.18018018018,28214.03360419003,36177.00441160963,29400.0,
store_46,2015-03-30,2015-02-23,42698.0,31469.0,36749.666666666664,30974.225225225226,38483.88119802749,36177.00441160963,44049.0,
store_46,2015-04-06,2015-02-23,27125.0,31469.0,36749.666666666664,30875.27027027027,26332.65869049918,36177.00441160963,30974.0,
store_46,2015-04-13,2015-02-23,40508.0,31469.0,36749.666666666664,30776.315315315314,40522.44886748455,36177.00441160963,40475.0,
store_46,2015-04-20,2015-02-23,28517.0,31469.0,36749.666666666664,30677.36036036036,28567.591884965306,36177.00441160963,25549.0,
store_46,2015-03-30,2015-03-23,42698.0,29264.0,35304.0,29149.31304347826,38895.66942383202,36188.76887051311,44049.0,
store_46,2015-04-06,2015-03-23,27125.0,29264.0,35304.0,29034.626086956523,26725.93748810245,36188.76887051311,30974.0,
store_46,2015-04-13,2015-03-23,40508.0,29264.0,35304.0,28919.93913043478,40743.0460870497,36188.76887051311,40475.0,
store_46,2015-04-20,2015-03-23,28517.0,29264.0,35304.0,28805.252173913042,28771.500172037824,36188.76887051311,25549.0,
store_46,2015-04-27,2015-03-23,37757.0,29264.0,35304.0,28690.565217391304,37302.31779788816,36188.76887051311,39961.0,
store_46,2015-05-04,2015-03-23,44274.0,29264.0,35304.0,28575.878260869566,43267.27124168303,36188.76887051311,41884.0,
store_46,2015-05-11,2015-03-23,28796.0,29264.0,35304.0,28461.191304347827,28811.13924009639,36188.76887051311,29429.0,
store_46,2015-05-18,2015-03-23,38152.0,29264.0,35304.0,28346.50434782609,37355.38827107706,36188.76887051311,37522.0,
store_46,2015-04-27,2015-04-20,37757.0,28517.0,34783.833333333336,28399.89075630252,37665.19307087203,36142.652091984724,39961.0,
store_46,2015-05-04,2015-04-20,44274.0,28517.0,34783.833333333336,28282.78151260504,43841.24894559756,36142.652091984724,41884.0,
store_46,2015-05-11,2015-04-20,28796.0,28517.0,34783.833333333336,28165.67226890756,29158.400359662734,36142.652091984724,29429.0,
store_46,2015-05-18,2015-04-20,38152.0,28517.0,34783.833333333336,28048.563025210085,37955.96765391058,36142.652091984724,37522.0,
store_46,2015-05-25,2015-04-20,29609.0,28517.0,34783.833333333336,27931.453781512606,28054.827482687087,36142.652091984724,29269.0,
store_46,2015-06-01,2015-04-20,39450.0,28517.0,34783.833333333336,27814.344537815126,39372.30190708252,36142.652091984724,42620.0,
store_46,2015-06-08,2015-04-20,31923.0,28517.0,34783.833333333336,27697.235294117647,30920.495265623027,36142.652091984724,27377.0,
store_46,2015-06-15,2015-04-20,42202.0,28517.0,34783.833333333336,27580.126050420167,40502.48359742898,36142.652091984724,37605.0,
store_46,2015-05-25,2015-05-18,29609.0,38152.0,36014.583333333336,38117.03252032521,28079.091074044132,36175.83408137307,29269.0,
store_46,2015-06-01,2015-05-18,39450.0,38152.0,36014.583333333336,38082.06504065041,39394.15479088612,36175.83408137307,42620.0,
store_46,2015-06-08,2015-05-18,31923.0,38152.0,36014.583333333336,38047.09756097561,30996.77612229315,36175.83408137307,27377.0,
store_46,2015-06-15,2015-05-18,42202.0,38152.0,36014.583333333336,38012.13008130081,40579.18084528723,36175.83408137307,37605.0,
store_46,2015-06-22,2015-05-18,30514.0,38152.0,36014.583333333336,37977.16260162602,29560.93490187319,36175.83408137307,29933.0,
store_46,2015-06-29,2015-05-18,43106.0,38152.0,36014.583333333336,37942.19512195122,39860.24420745028,36175.83408137307,43794.0,
store_46,2015-07-06,2015-05-18,30712.0,38152.0,36014.583333333336,37907.227642276426,29559.91887424622,36175.83408137307,29636.0,
store_46,2015-07-13,2015-05-18,37370.0,38152.0,36014.583333333336,37872.260162601626,37035.793385703124,36175.83408137307,38192.0,
store_47,2015-02-02,2015-01-26,36936.0,35862.0,39104.083333333336,35883.51401869159,37888.0,35596.287151104494,35884.0,
store_47,2015-02-09,2015-01-26,30660.0,35862.0,39104.083333333336,35905.02803738318,30720.0,35596.287151104494,29119.0,
store_47,2015-02-16,2015-01-26,34811.0,35862.0,39104.083333333336,35926.542056074766,35328.0,35596.287151104494,33973.0,
store_47,2015-02-23,2015-01-26,32177.0,35862.0,39104.083333333336,35948.056074766355,30720.0,35596.287151104494,30191.0,
store_47,2015-03-02,2015-01-26,36081.0,35862.0,39104.083333333336,35969.57009345794,36352.0,35596.287151104494,35601.0,
store_47,2015-03-09,2015-01-26,31317.0,35862.0,39104.083333333336,35991.08411214953,30208.0,35596.287151104494,29161.0,
store_47,2015-03-16,2015-01-26,36857.0,35862.0,39104.083333333336,36012.59813084112,34304.0,35596.287151104494,33411.0,
store_47,2015-03-23,2015-01-26,32239.0,35862.0,39104.083333333336,36034.11214953271,31744.0,35596.287151104494,29020.0,
store_47,2015-03-02,2015-02-23,36081.0,32177.0,36175.166666666664,32164.54054054054,35584.0,33785.064016189215,35601.0,
store_47,2015-03-09,2015-02-23,31317.0,32177.0,36175.166666666664,32152.08108108108,30208.0,33785.064016189215,29161.0,
store_47,2015-03-16,2015-02-23,36857.0,32177.0,36175.166666666664,32139.62162162162,34816.0,33785.064016189215,33411.0,
store_47,2015-03-23,2015-02-23,32239.0,32177.0,36175.166666666664,32127.162162162163,32256.0,33785.064016189215,29020.0,
store_47,2015-03-30,2015-02-23,48232.0,32177.0,36175.166666666664,32114.702702702703,45312.0,33785.064016189215,37629.0,
store_47,2015-04-06,2015-02-23,27919.0,32177.0,36175.166666666664,32102.243243243243,29952.0,33785.064016189215,31708.0,
store_47,2015-04-13,2015-02-23,36189.0,32177.0,36175.166666666664,32089.783783783783,37632.0,33785.064016189215,41231.0,
store_47,2015-04-20,2015-02-23,30529.0,32177.0,36175.166666666664,32077.324324324323,29440.0,33785.064016189215,25421.0,
store_47,2015-03-30,2015-03-23,48232.0,32239.0,34150.416666666664,32227.513043478262,44544.0,33847.165883634145,37629.0,
store_47,2015-04-06,2015-03-23,27919.0,32239.0,34150.416666666664,32216.02608695652,29696.0,33847.165883634145,31708.0,
store_47,2015-04-13,2015-03-23,36189.0,32239.0,34150.416666666664,32204.539130434783,37376.0,33847.165883634145,41231.0,
store_47,2015-04-20,2015-03-23,30529.0,32239.0,34150.416666666664,32193.05217391304,29184.0,33847.165883634145,25421.0,
store_47,2015-04-27,2015-03-23,36651.0,32239.0,34150.416666666664,32181.565217391304,34304.0,33847.165883634145,37032.0,
store_47,2015-05-04,2015-03-23,39431.0,32239.0,34150.416666666664,32170.078260869566,39424.0,33847.165883634145,38631.0,
store_47,2015-05-11,2015-03-23,30275.0,32239.0,34150.416666666664,32158.591304347825,32768.0,33847.165883634145,30985.0,
store_47,2015-05-18,2015-03-23,37925.0,32239.0,34150.416666666664,32147.104347826087,37888.0,33847.165883634145,34842.0,
store_47,2015-04-27,2015-04-20,36651.0,30529.0,34495.583333333336,30503.529411764706,34688.0,34123.19507229499,37032.0,
store_47,2015-05-04,2015-04-20,39431.0,30529.0,34495.583333333336,30478.058823529413,39552.0,34123.19507229499,38631.0,
store_47,2015-05-11,2015-04-20,30275.0,30529.0,34495.583333333336,30452.58823529412,32512.0,34123.19507229499,30985.0,
store_47,2015-05-18,2015-04-20,37925.0,30529.0,34495.583333333336,30427.117647058825,38272.0,34123.19507229499,34842.0,
store_47,2015-05-25,2015-04-20,32612.0,30529.0,34495.583333333336,30401.647058823528,31104.0,34123.19507229499,30060.0,
store_47,2015-06-01,2015-04-20,39677.0,30529.0,34495.583333333336,30376.176470588234,37248.0,34123.19507229499,38680.0,
store_47,2015-06-08,2015-04-20,33629.0,30529.0,34495.583333333336,30350.70588235294,33664.0,34123.19507229499,30639.0,
store_47,2015-06-15,2015-04-20,39282.0,30529.0,34495.583333333336,30325.235294117647,38016.0,34123.19507229499,36466.0,
store_47,2015-05-25,2015-05-18,32612.0,37925.0,35303.75,37960.48780487805,30304.0,35386.55080498044,30060.0,
store_47,2015-06-01,2015-05-18,39677.0,37925.0,35303.75,37995.9756097561,36896.0,35386.55080498044,38680.0,
store_47,2015-06-08,2015-05-18,33629.0,37925.0,35303.75,38031.46341463415,33312.0,35386.55080498044,30639.0,
store_47,2015-06-15,2015-05-18,39282.0,37925.0,35303.75,38066.95121951219,37344.0,35386.55080498044,36466.0,
store_47,2015-06-22,2015-05-18,32250.0,37925.0,35303.75,38102.439024390245,32288.0,35386.55080498044,30102.0,
store_47,2015-06-29,2015-05-18,43934.0,37925.0,35303.75,38137.92682926829,41152.0,35386.55080498044,39842.0,
store_47,2015-07-06,2015-05-18,35213.0,37925.0,35303.75,38173.41463414634,34400.0,35386.55080498044,34811.0,
store_47,2015-07-13,2015-05-18,42547.0,37925.0,35303.75,38208.90243902439,40896.0,35386.55080498044,39728.0,
store_48,2015-02-02,2015-01-26,52464.0,53014.0,50146.833333333336,53073.52336448598,54541.68748119891,47709.093950603754,49549.0,
store_48,2015-02-09,2015-01-26,37897.0,53014.0,50146.833333333336,53133.04672897196,40052.09478172507,47782.428149029685,35312.0,
store_48,2015-02-16,2015-01-26,51537.0,53014.0,50146.833333333336,53192.57009345794,51893.287534852905,47855.76234745561,46395.0,
store_48,2015-02-23,2015-01-26,36750.0,53014.0,50146.833333333336,53252.09345794393,37631.35169763318,47929.09654588154,35725.0,
store_48,2015-03-02,2015-01-26,52659.0,53014.0,50146.833333333336,53311.6168224299,53589.53888426801,48002.43074430747,54209.0,
store_48,2015-03-09,2015-01-26,38836.0,53014.0,50146.833333333336,53371.14018691589,39743.85460400091,48075.7649427334,36432.0,
store_48,2015-03-16,2015-01-26,52981.0,53014.0,50146.833333333336,53430.66355140187,52690.59600270231,48149.099141159335,48995.0,
store_48,2015-03-23,2015-01-26,39313.0,53014.0,50146.833333333336,53490.18691588785,39601.436371040414,48222.43333958527,38459.0,
store_48,2015-03-02,2015-02-23,52659.0,36750.0,47109.666666666664,36660.85585585586,52938.4248149319,47595.253233895986,54209.0,
store_48,2015-03-09,2015-02-23,38836.0,36750.0,47109.666666666664,36571.71171171171,39151.44211573361,47662.97511320705,36432.0,
store_48,2015-03-16,2015-02-23,52981.0,36750.0,47109.666666666664,36482.56756756757,52181.21122875306,47730.696992518126,48995.0,
store_48,2015-03-23,2015-02-23,39313.0,36750.0,47109.666666666664,36393.423423423425,39073.89381187792,47798.41887182919,38459.0,
store_48,2015-03-30,2015-02-23,60548.0,36750.0,47109.666666666664,36304.27927927928,56153.70973415249,47866.140751140265,54665.0,
store_48,2015-04-06,2015-02-23,33989.0,36750.0,47109.666666666664,36215.13513513513,33781.49835465651,47933.86263045133,38086.0,
store_48,2015-04-13,2015-02-23,55203.0,36750.0,47109.666666666664,36125.99099099099,51160.18696876523,48001.584509762404,54556.0,
store_48,2015-04-20,2015-02-23,36896.0,36750.0,47109.666666666664,36036.84684684685,36095.079037415555,48069.30638907348,30487.0,
store_48,2015-03-30,2015-03-23,60548.0,39313.0,46075.916666666664,39249.24347826087,56490.073252982125,47639.74406633324,54665.0,
store_48,2015-04-06,2015-03-23,33989.0,39313.0,46075.916666666664,39185.48695652174,33708.66320907487,47703.98112260161,38086.0,
store_48,2015-04-13,2015-03-23,55203.0,39313.0,46075.916666666664,39121.73043478261,51096.137150309565,47768.218178869975,54556.0,
store_48,2015-04-20,2015-03-23,36896.0,39313.0,46075.916666666664,39057.973913043475,36042.795722457595,47832.455235138346,30487.0,
store_48,2015-04-27,2015-03-23,52557.0,39313.0,46075.916666666664,38994.217391304344,52044.4704110131,47896.69229140672,48918.0,
store_48,2015-05-04,2015-03-23,53088.0,39313.0,46075.916666666664,38930.46086956522,53316.1421148741,47960.92934767509,52825.0,
store_48,2015-05-11,2015-03-23,36074.0,39313.0,46075.916666666664,38866.70434782609,35939.37024148587,48025.16640394346,35851.0,
store_48,2015-05-18,2015-03-23,51046.0,39313.0,46075.916666666664,38802.94782608696,52257.673965184345,48089.40346021183,49909.0,
store_48,2015-04-27,2015-04-20,52557.0,36896.0,45756.083333333336,36814.075630252104,52853.83239528078,47810.138443709584,48918.0,
store_48,2015-05-04,2015-04-20,53088.0,36896.0,45756.083333333336,36732.1512605042,54181.40864408483,47873.55474041148,52825.0,
store_48,2015-05-11,2015-04-20,36074.0,36896.0,45756.083333333336,36650.226890756305,36495.186032125,47936.97103711336,35851.0,
store_48,2015-05-18,2015-04-20,51046.0,36896.0,45756.083333333336,36568.3025210084,53106.6394729413,48000.38733381525,49909.0,
store_48,2015-05-25,2015-04-20,35570.0,36896.0,45756.083333333336,36486.378151260506,36019.483004281254,48063.80363051714,34407.0,
store_48,2015-06-01,2015-04-20,51067.0,36896.0,45756.083333333336,36404.4537815126,49756.80875362545,48127.21992721903,51519.0,
store_48,2015-06-08,2015-04-20,40118.0,36896.0,45756.083333333336,36322.529411764706,39672.13679326569,48190.63622392091,32345.0,
store_48,2015-06-15,2015-04-20,54779.0,36896.0,45756.083333333336,36240.6050420168,53249.42862388456,48254.052520622805,48435.0,
store_48,2015-05-25,2015-05-18,35570.0,51046.0,46932.5,51081.78048780488,35071.29029394422,48073.283701348075,34407.0,
store_48,2015-06-01,2015-05-18,51067.0,51046.0,46932.5,51117.560975609755,49159.89539293352,48136.483050998264,51519.0,
store_48,2015-06-08,2015-05-18,40118.0,51046.0,46932.5,51153.34146341463,39127.62084210541,48199.68240064845,32345.0,
store_48,2015-06-15,2015-05-18,54779.0,51046.0,46932.5,51189.12195121951,52738.64560495337,48262.88175029865,48435.0,
store_48,2015-06-22,2015-05-18,38214.0,51046.0,46932.5,51224.90243902439,37852.69606804559,48326.08109994884,38349.0,
store_48,2015-06-29,2015-05-18,55533.0,51046.0,46932.5,51260.68292682927,51099.32148549733,48389.28044959903,55217.0,
store_48,2015-07-06,2015-05-18,40160.0,51046.0,46932.5,51296.46341463415,39628.79456935233,48452.47979924922,36699.0,
store_48,2015-07-13,2015-05-18,54536.0,51046.0,46932.5,51332.243902439026,52212.47378950163,48515.679148899406,52118.0,
store_49,2015-02-02,2015-01-26,35701.0,37493.0,34305.666666666664,37527.42056074766,35463.2741761304,31360.685522411037,38603.0,
store_49,2015-02-09,2015-01-26,27551.0,37493.0,34305.666666666664,37561.84112149533,28278.72715127347,31360.685522411037,24804.0,
store_49,2015-02-16,2015-01-26,35816.0,37493.0,34305.666666666664,37596.26168224299,33276.64878834103,31360.685522411037,36105.0,
store_49,2015-02-23,2015-01-26,26951.0,37493.0,34305.666666666664,37630.68224299065,27216.80860383195,31360.685522411037,25464.0,
store_49,2015-03-02,2015-01-26,38260.0,37493.0,34305.666666666664,37665.102803738315,39008.52243101547,31360.685522411037,37659.0,
store_49,2015-03-09,2015-01-26,26719.0,37493.0,34305.666666666664,37699.52336448598,27447.084353996986,31360.685522411037,25206.0,
store_49,2015-03-16,2015-01-26,36401.0,37493.0,34305.666666666664,37733.943925233645,37491.73254791988,31360.685522411037,33849.0,
store_49,2015-03-23,2015-01-26,27289.0,37493.0,34305.666666666664,37768.36448598131,26767.672154708496,31360.685522411037,24662.0,
store_49,2015-03-02,2015-02-23,38260.0,26951.0,32906.916666666664,26889.207207207208,39335.88672773235,31359.23831259151,37659.0,
store_49,2015-03-09,2015-02-23,26719.0,26951.0,32906.916666666664,26827.414414414416,27647.033410444736,31359.23831259151,25206.0,
store_49,2015-03-16,2015-02-23,36401.0,26951.0,32906.916666666664,26765.62162162162,37722.86309578167,31359.23831259151,33849.0,
store_49,2015-03-23,2015-02-23,27289.0,26951.0,32906.916666666664,26703.828828828828,26880.394040567604,31359.23831259151,24662.0,
store_49,2015-03-30,2015-02-23,40082.0,26951.0,32906.916666666664,26642.036036036036,36662.32665102543,31359.23831259151,37603.0,
store_49,2015-04-06,2015-02-23,23795.0,26951.0,32906.916666666664,26580.243243243243,24076.726538979576,31359.23831259151,25842.0,
store_49,2015-04-13,2015-02-23,37731.0,26951.0,32906.916666666664,26518.45045045045,37183.962799756,31359.23831259151,35588.0,
store_49,2015-04-20,2015-02-23,26550.0,26951.0,32906.916666666664,26456.65765765766,27308.44832757006,31359.23831259151,21795.0,
store_49,2015-03-30,2015-03-23,40082.0,27289.0,32442.916666666668,27232.295652173914,36444.03542864039,31389.574617014787,37603.0,
store_49,2015-04-06,2015-03-23,23795.0,27289.0,32442.916666666668,27175.591304347825,23810.81029151393,31389.574617014787,25842.0,
store_49,2015-04-13,2015-03-23,37731.0,27289.0,32442.916666666668,27118.88695652174,37109.66336558636,31389.574617014787,35588.0,
store_49,2015-04-20,2015-03-23,26550.0,27289.0,32442.916666666668,27062.182608695653,27284.734567270003,31389.574617014787,21795.0,
store_49,2015-04-27,2015-03-23,37042.0,27289.0,32442.916666666668,27005.478260869564,36516.29585229726,31389.574617014787,34980.0,
store_49,2015-05-04,2015-03-23,38833.0,27289.0,32442.916666666668,26948.77391304348,39820.40670581212,31389.574617014787,38138.0,
store_49,2015-05-11,2015-03-23,25895.0,27289.0,32442.916666666668,26892.069565217393,25337.689359669228,31389.574617014787,26343.0,
store_49,2015-05-18,2015-03-23,37285.0,27289.0,32442.916666666668,26835.365217391303,37834.22268332727,31389.574617014787,34724.0,
store_49,2015-04-27,2015-04-20,37042.0,26550.0,31903.833333333332,26488.991596638654,36424.649621046025,31416.76288590204,34980.0,
store_49,2015-05-04,2015-04-20,38833.0,26550.0,31903.833333333332,26427.983193277312,39815.13998201063,31416.76288590204,38138.0,
store_49,2015-05-11,2015-04-20,25895.0,26550.0,31903.833333333332,26366.974789915967,25329.035299560837,31416.76288590204,26343.0,
store_49,2015-05-18,2015-04-20,37285.0,26550.0,31903.833333333332,26305.96638655462,37864.771760904725,31416.76288590204,34724.0,
store_49,2015-05-25,2015-04-20,25336.0,26550.0,31903.833333333332,26244.95798319328,24397.697647577952,31416.76288590204,25984.0,
store_49,2015-06-01,2015-04-20,33137.0,26550.0,31903.833333333332,26183.949579831933,34303.678625564076,31416.76288590204,39720.0,
store_49,2015-06-08,2015-04-20,27346.0,26550.0,31903.833333333332,26122.941176470587,27774.02095923986,31416.76288590204,23356.0,
store_49,2015-06-15,2015-04-20,39695.0,26550.0,31903.833333333332,26061.932773109245,39460.39605542991,31416.76288590204,31697.0,
store_49,2015-05-25,2015-05-18,25336.0,37285.0,32990.166666666664,37313.25203252032,24319.822112329653,31516.80908377653,25984.0,
store_49,2015-06-01,2015-05-18,33137.0,37285.0,32990.166666666664,37341.50406504065,34335.21297491616,31516.80908377653,39720.0,
store_49,2015-06-08,2015-05-18,27346.0,37285.0,32990.166666666664,37369.756097560974,27734.009888567503,31516.80908377653,23356.0,
store_49,2015-06-15,2015-05-18,39695.0,37285.0,32990.166666666664,37398.0081300813,39425.73963534229,31516.80908377653,31697.0,
store_49,2015-06-22,2015-05-18,24561.0,37285.0,32990.166666666664,37426.260162601626,25226.22080016669,31516.80908377653,25395.0,
store_49,2015-06-29,2015-05-18,42863.0,37285.0,32990.166666666664,37454.51219512195,39290.23984183958,31516.80908377653,37792.0,
store_49,2015-07-06,2015-05-18,28910.0,37285.0,32990.166666666664,37482.76422764228,27497.27330805495,31516.80908377653,25207.0,
store_49,2015-07-13,2015-05-18,39963.0,37285.0,32990.166666666664,37511.0162601626,38148.624933779596,31516.80908377653,35898.0,
store_5,2015-02-02,2015-01-26,48608.0,46754.0,43578.0,46870.102803738315,49046.44424588514,41586.58221815972,45478.0,
store_5,2015-02-09,2015-01-26,37838.0,46754.0,43578.0,46986.20560747664,38756.90672994882,41725.16559022788,32909.0,
store_5,2015-02-16,2015-01-26,48703.0,46754.0,43578.0,47102.30841121495,48049.8333029781,41860.977294854674,43708.0,
store_5,2015-02-23,2015-01-26,39336.0,46754.0,43578.0,47218.411214953274,39071.96768196247,41994.07276538893,35300.0,
store_5,2015-03-02,2015-01-26,49655.0,46754.0,43578.0,47334.51401869159,48684.94736462426,42124.506326512506,44221.0,
store_5,2015-03-09,2015-01-26,37224.0,46754.0,43578.0,47450.6168224299,37417.69060735587,42252.33121641361,34894.0,
store_5,2015-03-16,2015-01-26,50775.0,46754.0,43578.0,47566.719626168226,49419.120773383744,42377.59960851669,40844.0,
store_5,2015-03-23,2015-01-26,38703.0,46754.0,43578.0,47682.82242990654,37886.70931979032,42500.36263277771,29990.0,
store_5,2015-03-02,2015-02-23,49655.0,39336.0,42820.75,39381.09009009009,48678.73023346737,42235.951924545625,44221.0,
store_5,2015-03-09,2015-02-23,37224.0,39336.0,42820.75,39426.18018018018,37414.17575509059,42386.317571393825,34894.0,
store_5,2015-03-16,2015-02-23,50775.0,39336.0,42820.75,39471.27027027027,49407.17783450172,42533.665414465315,40844.0,
store_5,2015-03-23,2015-02-23,38703.0,39336.0,42820.75,39516.36036036036,37875.711233670496,42678.05602038437,29990.0,
store_5,2015-03-30,2015-02-23,48939.0,39336.0,42820.75,39561.45045045045,46525.59804839813,42819.54874021709,42655.0,
store_5,2015-04-06,2015-02-23,32360.0,39336.0,42820.75,39606.54054054054,31783.806656721128,42958.20173386742,34173.0,
store_5,2015-04-13,2015-02-23,50503.0,39336.0,42820.75,39651.63063063063,49146.70467570775,43094.07199398346,39888.0,
store_5,2015-04-20,2015-02-23,36914.0,39336.0,42820.75,39696.72072072072,36692.04846634672,43227.215369384045,25279.0,
store_5,2015-03-30,2015-03-23,48939.0,38703.0,43624.25,38741.01739130435,46584.703206762395,44243.26385808528,42655.0,
store_5,2015-04-06,2015-03-23,32360.0,38703.0,43624.25,38779.034782608695,31784.905352233596,44363.68665442611,34173.0,
store_5,2015-04-13,2015-03-23,50503.0,38703.0,43624.25,38817.05217391304,49209.2624231874,44484.10945076694,39888.0,
store_5,2015-04-20,2015-03-23,36914.0,38703.0,43624.25,38855.06956521739,36774.569477017336,44604.53224710777,25279.0,
store_5,2015-04-27,2015-03-23,45241.0,38703.0,43624.25,38893.086956521736,44030.65891568749,44724.955043448594,39053.0,
store_5,2015-05-04,2015-03-23,51351.0,38703.0,43624.25,38931.10434782608,49832.84266255407,44845.37783978942,42886.0,
store_5,2015-05-11,2015-03-23,35308.0,38703.0,43624.25,38969.12173913044,36717.8557973151,44965.800636130254,32804.0,
store_5,2015-05-18,2015-03-23,49888.0,38703.0,43624.25,39007.139130434785,49663.10039359866,45086.22343247108,40624.0,
store_5,2015-04-27,2015-04-20,45241.0,36914.0,43296.5,36935.705882352944,44082.62444533844,44500.02107781392,39053.0,
store_5,2015-05-04,2015-04-20,51351.0,36914.0,43296.5,36957.41176470588,49905.3659841539,44617.07223183676,42886.0,
store_5,2015-05-11,2015-04-20,35308.0,36914.0,43296.5,36979.117647058825,36766.55465717571,44734.1233858596,32804.0,
store_5,2015-05-18,2015-04-20,49888.0,36914.0,43296.5,37000.82352941176,49757.46636914383,44851.174539882435,40624.0,
store_5,2015-05-25,2015-04-20,35047.0,36914.0,43296.5,37022.529411764706,35049.830839755195,44968.225693905275,31887.0,
store_5,2015-06-01,2015-04-20,49402.0,36914.0,43296.5,37044.23529411765,48400.17153676803,45085.276847928115,48652.0,
store_5,2015-06-08,2015-04-20,39719.0,36914.0,43296.5,37065.94117647059,37166.199248992234,45202.328001950955,31151.0,
store_5,2015-06-15,2015-04-20,50779.0,36914.0,43296.5,37087.64705882353,48218.20615673283,45319.379155973795,41251.0,
store_5,2015-05-25,2015-05-18,35047.0,49888.0,43905.083333333336,50014.47967479675,35067.05807093985,44139.033630382495,31887.0,
store_5,2015-06-01,2015-05-18,49402.0,49888.0,43905.083333333336,50140.9593495935,48095.218683834624,44284.65676652958,48652.0,
store_5,2015-06-08,2015-05-18,39719.0,49888.0,43905.083333333336,50267.439024390245,37491.04209906983,44427.367439953734,31151.0,
store_5,2015-06-15,2015-05-18,50779.0,49888.0,43905.083333333336,50393.918699186994,48551.083116424605,44567.2238999094,41251.0,
store_5,2015-06-22,2015-05-18,39015.0,49888.0,43905.083333333336,50520.39837398374,38310.04519199731,44704.28323066595,32427.0,
store_5,2015-06-29,2015-05-18,55375.0,49888.0,43905.083333333336,50646.87804878049,51888.318895366734,44838.60137480737,48545.0,
store_5,2015-07-06,2015-05-18,37687.0,49888.0,43905.083333333336,50773.35772357724,37377.64407869632,44970.233156065966,34894.0,
store_5,2015-07-13,2015-05-18,46198.0,49888.0,43905.083333333336,50899.83739837398,45035.26428237604,45099.23230169938,43176.0,
store_50,2015-02-02,2015-01-26,48591.0,53471.0,47968.5,53514.719626168226,48741.73586485382,43654.34593740476,51558.0,
store_50,2015-02-09,2015-01-26,39151.0,53471.0,47968.5,53558.43925233645,40459.071183435815,43654.34593740476,36921.0,
store_50,2015-02-16,2015-01-26,46594.0,53471.0,47968.5,53602.15887850467,47334.219532893825,43654.34593740476,49316.0,
store_50,2015-02-23,2015-01-26,40693.0,53471.0,47968.5,53645.878504672895,39905.55352479986,43654.34593740476,39226.0,
store_50,2015-03-02,2015-01-26,51755.0,53471.0,47968.5,53689.59813084112,52790.322168019644,43654.34593740476,49860.0,
store_50,2015-03-09,2015-01-26,39532.0,53471.0,47968.5,53733.31775700935,40538.145134669525,43654.34593740476,37495.0,
store_50,2015-03-16,2015-01-26,50381.0,53471.0,47968.5,53777.03738317757,50860.91775791718,43654.34593740476,47902.0,
store_50,2015-03-23,2015-01-26,39419.0,53471.0,47968.5,53820.7570093458,39658.47575023631,43654.34593740476,37518.0,
store_50,2015-03-02,2015-02-23,51755.0,40693.0,45773.833333333336,40620.02702702703,52636.82529360248,43653.210004572065,49860.0,
store_50,2015-03-09,2015-02-23,39532.0,40693.0,45773.833333333336,40547.05405405405,40413.7883514947,43653.210004572065,37495.0,
store_50,2015-03-16,2015-02-23,50381.0,40693.0,45773.833333333336,40474.08108108108,50694.60265726544,43653.210004572065,47902.0,
store_50,2015-03-23,2015-02-23,39419.0,40693.0,45773.833333333336,40401.10810810811,39549.6237785648,43653.210004572065,37518.0,
store_50,2015-03-30,2015-02-23,52269.0,40693.0,45773.833333333336,40328.13513513513,51090.99389912048,43653.210004572065,49440.0,
store_50,2015-04-06,2015-02-23,33830.0,40693.0,45773.833333333336,40255.16216216216,34203.43865826883,43653.210004572065,37332.0,
store_50,2015-04-13,2015-02-23,53275.0,40693.0,45773.833333333336,40182.18918918919,53321.37917362293,43653.210004572065,48480.0,
store_50,2015-04-20,2015-02-23,36940.0,40693.0,45773.833333333336,40109.21621621621,38869.56215703004,43653.210004572065,32150.0,
store_50,2015-03-30,2015-03-23,52269.0,39419.0,45335.75,39337.48695652174,50849.0756460307,43714.72700027889,49440.0,
store_50,2015-04-06,2015-03-23,33830.0,39419.0,45335.75,39255.973913043475,33968.887807437466,43714.72700027889,37332.0,
store_50,2015-04-13,2015-03-23,53275.0,39419.0,45335.75,39174.46086956522,53023.63283583366,43714.72700027889,48480.0,
store_50,2015-04-20,2015-03-23,36940.0,39419.0,45335.75,39092.94782608696,38560.20330862921,43714.72700027889,32150.0,
store_50,2015-04-27,2015-03-23,51503.0,39419.0,45335.75,39011.434782608696,49786.05277576424,43714.72700027889,48326.0,
store_50,2015-05-04,2015-03-23,51325.0,39419.0,45335.75,38929.921739130434,51949.51803077197,43714.72700027889,49668.0,
store_50,2015-05-11,2015-03-23,37116.0,39419.0,45335.75,38848.40869565217,36428.329665535086,43714.72700027889,35077.0,
store_50,2015-05-18,2015-03-23,51508.0,39419.0,45335.75,38766.89565217392,51444.05224015469,43714.72700027889,48289.0,
store_50,2015-04-27,2015-04-20,51503.0,36940.0,44369.166666666664,36840.39495798319,49603.74705942377,43711.14307181897,48326.0,
store_50,2015-05-04,2015-04-20,51325.0,36940.0,44369.166666666664,36740.78991596639,51842.56337826312,43711.14307181897,49668.0,
store_50,2015-05-11,2015-04-20,37116.0,36940.0,44369.166666666664,36641.184873949576,36500.31119586254,43711.14307181897,35077.0,
store_50,2015-05-18,2015-04-20,51508.0,36940.0,44369.166666666664,36541.57983193277,51353.93929669392,43711.14307181897,48289.0,
store_50,2015-05-25,2015-04-20,38202.0,36940.0,44369.166666666664,36441.97478991596,37407.184395337885,43711.14307181897,36757.0,
store_50,2015-06-01,2015-04-20,54834.0,36940.0,44369.166666666664,36342.36974789916,52540.36415426561,43711.14307181897,51446.0,
store_50,2015-06-08,2015-04-20,41297.0,36940.0,44369.166666666664,36242.76470588235,41124.509862238076,43711.14307181897,35936.0,
store_50,2015-06-15,2015-04-20,55085.0,36940.0,44369.166666666664,36143.15966386555,53870.54908282036,43711.14307181897,45786.0,
store_50,2015-05-25,2015-05-18,38202.0,51508.0,45737.75,51530.07317073171,37675.63983728767,43847.92881987437,36757.0,
store_50,2015-06-01,2015-05-18,54834.0,51508.0,45737.75,51552.14634146341,52882.36372169359,43847.92881987437,51446.0,
store_50,2015-06-08,2015-05-18,41297.0,51508.0,45737.75,51574.21951219512,41289.062976007684,43847.92881987437,35936.0,
store_50,2015-06-15,2015-05-18,55085.0,51508.0,45737.75,51596.29268292683,54079.52610153463,43847.92881987437,45786.0,
store_50,2015-06-22,2015-05-18,38962.0,51508.0,45737.75,51618.365853658535,38627.91092399908,43847.92881987437,36808.0,
store_50,2015-06-29,2015-05-18,55347.0,51508.0,45737.75,51640.439024390245,53312.20004972846,43847.92881987437,50852.0,
store_50,2015-07-06,2015-05-18,41137.0,51508.0,45737.75,51662.51219512195,41191.106458755836,43847.92881987437,37901.0,
store_50,2015-07-13,2015-05-18,53417.0,51508.0,45737.75,51684.58536585366,51451.026221943306,43847.92881987437,47236.0,
store_51,2015-02-02,2015-01-26,59599.0,58573.0,57062.0,58521.57009345794,60609.66706423264,52078.833709513194,64263.0,
store_51,2015-02-09,2015-01-26,43258.0,58573.0,57062.0,58470.14018691589,44740.57203369016,52078.833709513194,43449.0,
store_51,2015-02-16,2015-01-26,57841.0,58573.0,57062.0,58418.71028037383,54472.9407017972,52078.833709513194,57805.0,
store_51,2015-02-23,2015-01-26,43303.0,58573.0,57062.0,58367.280373831774,42541.56087490882,52078.833709513194,42548.0,
store_51,2015-03-02,2015-01-26,62668.0,58573.0,57062.0,58315.85046728972,62349.69497472687,52078.833709513194,60870.0,
store_51,2015-03-09,2015-01-26,43627.0,58573.0,57062.0,58264.42056074766,43230.93476577055,52078.833709513194,42235.0,
store_51,2015-03-16,2015-01-26,59617.0,58573.0,57062.0,58212.990654205605,59602.69328972332,52078.833709513194,57736.0,
store_51,2015-03-23,2015-01-26,43750.0,58573.0,57062.0,58161.56074766355,43993.34485616796,52078.833709513194,39660.0,
store_51,2015-03-02,2015-02-23,62668.0,43303.0,54794.5,43115.85585585586,62630.74912291455,52043.23262150259,60870.0,
store_51,2015-03-09,2015-02-23,43627.0,43303.0,54794.5,42928.71171171171,43255.25035512835,52043.23262150259,42235.0,
store_51,2015-03-16,2015-02-23,59617.0,43303.0,54794.5,42741.56756756757,59726.61375978248,52043.23262150259,57736.0,
store_51,2015-03-23,2015-02-23,43750.0,43303.0,54794.5,42554.423423423425,43949.86698416424,52043.23262150259,39660.0,
store_51,2015-03-30,2015-02-23,64768.0,43303.0,54794.5,42367.27927927928,60919.815382529174,52043.23262150259,64104.0,
store_51,2015-04-06,2015-02-23,39772.0,43303.0,54794.5,42180.13513513513,38876.82330618879,52043.23262150259,42787.0,
store_51,2015-04-13,2015-02-23,62383.0,43303.0,54794.5,41992.99099099099,62029.86479501685,52043.23262150259,60087.0,
store_51,2015-04-20,2015-02-23,39670.0,43303.0,54794.5,41805.84684684685,40015.02426074997,52043.23262150259,36965.0,
store_51,2015-03-30,2015-03-23,64768.0,43750.0,53252.833333333336,43573.252173913046,60778.06321349023,52044.79890096558,64104.0,
store_51,2015-04-06,2015-03-23,39772.0,43750.0,53252.833333333336,43396.504347826085,38781.31900687904,52044.79890096558,42787.0,
store_51,2015-04-13,2015-03-23,62383.0,43750.0,53252.833333333336,43219.75652173913,62048.20164232207,52044.79890096558,60087.0,
store_51,2015-04-20,2015-03-23,39670.0,43750.0,53252.833333333336,43043.00869565218,40041.03342744518,52044.79890096558,36965.0,
store_51,2015-04-27,2015-03-23,57287.0,43750.0,53252.833333333336,42866.260869565216,56706.04567142237,52044.79890096558,58514.0,
store_51,2015-05-04,2015-03-23,62260.0,43750.0,53252.833333333336,42689.51304347826,63858.27007803578,52044.79890096558,64795.0,
store_51,2015-05-11,2015-03-23,41002.0,43750.0,53252.833333333336,42512.7652173913,39909.61114085883,52044.79890096558,41430.0,
store_51,2015-05-18,2015-03-23,60477.0,43750.0,53252.833333333336,42336.01739130435,59717.350883057006,52044.79890096558,58733.0,
store_51,2015-04-27,2015-04-20,57287.0,39670.0,51688.0,39464.90756302521,56597.762773739814,52043.22301011925,58514.0,
store_51,2015-05-04,2015-04-20,62260.0,39670.0,51688.0,39259.815126050424,63848.9119885083,52043.22301011925,64795.0,
store_51,2015-05-11,2015-04-20,41002.0,39670.0,51688.0,39054.72268907563,39896.792060716856,52043.22301011925,41430.0,
store_51,2015-05-18,2015-04-20,60477.0,39670.0,51688.0,38849.63025210084,59670.06359540685,52043.22301011925,58733.0,
store_51,2015-05-25,2015-04-20,39897.0,39670.0,51688.0,38644.53781512605,38989.06221357874,52043.22301011925,43454.0,
store_51,2015-06-01,2015-04-20,61182.0,39670.0,51688.0,38439.445378151264,60137.08584654897,52043.22301011925,65880.0,
store_51,2015-06-08,2015-04-20,48630.0,39670.0,51688.0,38234.35294117647,46143.517533629296,52043.22301011925,39934.0,
store_51,2015-06-15,2015-04-20,64268.0,39670.0,51688.0,38029.26050420168,62177.89644056191,52043.22301011925,59165.0,
store_51,2015-05-25,2015-05-18,39897.0,60477.0,53106.75,60447.739837398374,39231.143095763226,52136.56142956028,43454.0,
store_51,2015-06-01,2015-05-18,61182.0,60477.0,53106.75,60418.47967479675,60191.81364655787,52136.56142956028,65880.0,
store_51,2015-06-08,2015-05-18,48630.0,60477.0,53106.75,60389.21951219512,46203.424195995576,52136.56142956028,39934.0,
store_51,2015-06-15,2015-05-18,64268.0,60477.0,53106.75,60359.9593495935,62181.2061639975,52136.56142956028,59165.0,
store_51,2015-06-22,2015-05-18,44612.0,60477.0,53106.75,60330.69918699187,44550.05911294691,52136.56142956028,45874.0,
store_51,2015-06-29,2015-05-18,68148.0,60477.0,53106.75,60301.439024390245,64073.55853859582,52136.56142956028,70217.0,
store_51,2015-07-06,2015-05-18,49381.0,60477.0,53106.75,60272.17886178862,45741.42234280877,52136.56142956028,45391.0,
store_51,2015-07-13,2015-05-18,59509.0,60477.0,53106.75,60242.918699186994,58060.70717681784,52136.56142956028,60609.0,
store_52,2015-02-02,2015-01-26,25351.0,26441.0,24290.833333333332,26434.11214953271,24899.985578389555,22463.442246805327,25320.0,
store_52,2015-02-09,2015-01-26,21957.0,26441.0,24290.833333333332,26427.22429906542,21416.94011202404,22463.442246805327,18454.0,
store_52,2015-02-16,2015-01-26,23103.0,26441.0,24290.833333333332,26420.33644859813,23661.480324796776,22463.442246805327,24956.0,
store_52,2015-02-23,2015-01-26,20023.0,26441.0,24290.833333333332,26413.448598130843,19611.145132155496,22463.442246805327,19755.0,
store_52,2015-03-02,2015-01-26,26346.0,26441.0,24290.833333333332,26406.560747663552,26350.368377695522,22463.442246805327,24377.0,
store_52,2015-03-09,2015-01-26,20588.0,26441.0,24290.833333333332,26399.672897196262,20263.329883734925,22463.442246805327,19222.0,
store_52,2015-03-16,2015-01-26,25905.0,26441.0,24290.833333333332,26392.78504672897,24976.263402999124,22463.442246805327,24050.0,
store_52,2015-03-23,2015-01-26,21789.0,26441.0,24290.833333333332,26385.89719626168,20680.88971639711,22463.442246805327,19536.0,
store_52,2015-03-02,2015-02-23,26346.0,20023.0,23191.166666666668,19958.54054054054,26413.989109753664,22467.3355591749,24377.0,
store_52,2015-03-09,2015-02-23,20588.0,20023.0,23191.166666666668,19894.08108108108,20302.889042317012,22467.3355591749,19222.0,
store_52,2015-03-16,2015-02-23,25905.0,20023.0,23191.166666666668,19829.62162162162,25012.85199695454,22467.3355591749,24050.0,
store_52,2015-03-23,2015-02-23,21789.0,20023.0,23191.166666666668,19765.162162162163,20723.12238314353,22467.3355591749,19536.0,
store_52,2015-03-30,2015-02-23,25216.0,20023.0,23191.166666666668,19700.702702702703,25608.76784877924,22467.3355591749,28350.0,
store_52,2015-04-06,2015-02-23,16780.0,20023.0,23191.166666666668,19636.243243243243,16945.26412176449,22467.3355591749,20017.0,
store_52,2015-04-13,2015-02-23,25834.0,20023.0,23191.166666666668,19571.783783783783,26148.59528283655,22467.3355591749,23205.0,
store_52,2015-04-20,2015-02-23,20359.0,20023.0,23191.166666666668,19507.324324324323,19698.339804708066,22467.3355591749,15657.0,
store_52,2015-03-30,2015-03-23,25216.0,21789.0,23204.166666666668,21742.13913043478,24223.782398726937,22507.832692339183,28350.0,
store_52,2015-04-06,2015-03-23,16780.0,21789.0,23204.166666666668,21695.278260869567,16619.214452536326,22507.832692339183,20017.0,
store_52,2015-04-13,2015-03-23,25834.0,21789.0,23204.166666666668,21648.41739130435,26293.9049068827,22507.832692339183,23205.0,
store_52,2015-04-20,2015-03-23,20359.0,21789.0,23204.166666666668,21601.55652173913,19244.64440022743,22507.832692339183,15657.0,
store_52,2015-04-27,2015-03-23,23720.0,21789.0,23204.166666666668,21554.695652173912,23301.492414971155,22507.832692339183,23351.0,
store_52,2015-05-04,2015-03-23,26136.0,21789.0,23204.166666666668,21507.834782608697,26886.44042762567,22507.832692339183,25088.0,
store_52,2015-05-11,2015-03-23,19546.0,21789.0,23204.166666666668,21460.97391304348,19022.718316155937,22507.832692339183,18830.0,
store_52,2015-05-18,2015-03-23,25446.0,21789.0,23204.166666666668,21414.11304347826,26053.157208501878,22507.832692339183,24520.0,
store_52,2015-04-27,2015-04-20,23720.0,20359.0,22770.916666666668,20301.697478991595,23091.23369456952,22489.41259346444,23351.0,
store_52,2015-05-04,2015-04-20,26136.0,20359.0,22770.916666666668,20244.394957983193,25859.75709965366,22489.41259346444,25088.0,
store_52,2015-05-11,2015-04-20,19546.0,20359.0,22770.916666666668,20187.092436974788,18708.53830209867,22489.41259346444,18830.0,
store_52,2015-05-18,2015-04-20,25446.0,20359.0,22770.916666666668,20129.789915966387,25959.213420590408,22489.41259346444,24520.0,
store_52,2015-05-25,2015-04-20,20054.0,20359.0,22770.916666666668,20072.48739495798,18306.661195243887,22489.41259346444,17139.0,
store_52,2015-06-01,2015-04-20,23662.0,20359.0,22770.916666666668,20015.18487394958,24035.780102498895,22489.41259346444,26463.0,
store_52,2015-06-08,2015-04-20,21527.0,20359.0,22770.916666666668,19957.882352941175,20141.39115190677,22489.41259346444,17501.0,
store_52,2015-06-15,2015-04-20,27339.0,20359.0,22770.916666666668,19900.579831932773,25588.31412029906,22489.41259346444,23535.0,
store_52,2015-05-25,2015-05-18,20054.0,25446.0,23138.75,25431.91869918699,18040.655033393392,22528.247874634824,17139.0,
store_52,2015-06-01,2015-05-18,23662.0,25446.0,23138.75,25417.837398373984,23253.994343895458,22528.247874634824,26463.0,
store_52,2015-06-08,2015-05-18,21527.0,25446.0,23138.75,25403.756097560974,20656.06061296761,22528.247874634824,17501.0,
store_52,2015-06-15,2015-05-18,27339.0,25446.0,23138.75,25389.674796747968,26081.31182034463,22528.247874634824,23535.0,
store_52,2015-06-22,2015-05-18,21858.0,25446.0,23138.75,25375.593495934958,21018.636636928244,22528.247874634824,20145.0,
store_52,2015-06-29,2015-05-18,27316.0,25446.0,23138.75,25361.51219512195,25775.798097578307,22528.247874634824,25892.0,
store_52,2015-07-06,2015-05-18,18880.0,25446.0,23138.75,25347.43089430894,18431.19695355418,22528.247874634824,19304.0,
store_52,2015-07-13,2015-05-18,23593.0,25446.0,23138.75,25333.349593495936,22034.320613843644,22528.247874634824,22314.0,
store_53,2015-02-02,2015-01-26,89049.0,83802.0,81548.83333333333,83796.40186915887,90525.74144590356,74520.82512185672,88719.0,
store_53,2015-02-09,2015-01-26,69757.0,83802.0,81548.83333333333,83790.80373831776,67292.40347472184,74520.82512185672,65817.0,
store_53,2015-02-16,2015-01-26,79818.0,83802.0,81548.83333333333,83785.20560747663,76516.86245930073,74520.82512185672,81410.0,
store_53,2015-02-23,2015-01-26,68179.0,83802.0,81548.83333333333,83779.60747663552,66348.0332702636,74520.82512185672,66800.0,
store_53,2015-03-02,2015-01-26,86853.0,83802.0,81548.83333333333,83774.00934579439,84275.20520983948,74520.82512185672,79826.0,
store_53,2015-03-09,2015-01-26,70474.0,83802.0,81548.83333333333,83768.41121495327,67090.80060964455,74520.82512185672,63006.0,
store_53,2015-03-16,2015-01-26,86176.0,83802.0,81548.83333333333,83762.81308411215,81627.46409270538,74520.82512185672,80427.0,
store_53,2015-03-23,2015-01-26,67245.0,83802.0,81548.83333333333,83757.21495327103,64348.936750025314,74520.82512185672,64462.0,
store_53,2015-03-02,2015-02-23,86853.0,68179.0,78265.66666666667,68032.85585585586,84816.71441843436,74604.39188875695,79826.0,
store_53,2015-03-09,2015-02-23,70474.0,68179.0,78265.66666666667,67886.71171171172,67293.10164151795,74604.39188875695,63006.0,
store_53,2015-03-16,2015-02-23,86176.0,68179.0,78265.66666666667,67740.56756756757,81792.90973108186,74604.39188875695,80427.0,
store_53,2015-03-23,2015-02-23,67245.0,68179.0,78265.66666666667,67594.42342342342,64514.040397831224,74604.39188875695,64462.0,
store_53,2015-03-30,2015-02-23,86664.0,68179.0,78265.66666666667,67448.27927927928,79669.73980054632,74604.39188875695,82195.0,
store_53,2015-04-06,2015-02-23,57716.0,68179.0,78265.66666666667,67302.13513513513,60002.332346559895,74604.39188875695,66213.0,
store_53,2015-04-13,2015-02-23,89093.0,68179.0,78265.66666666667,67155.99099099099,87991.10470978825,74604.39188875695,84509.0,
store_53,2015-04-20,2015-02-23,65143.0,68179.0,78265.66666666667,67009.84684684685,60747.90403581758,74604.39188875695,51714.0,
store_53,2015-03-30,2015-03-23,86664.0,67245.0,77763.25,67095.81739130434,80800.58278344164,74720.6167119173,82195.0,
store_53,2015-04-06,2015-03-23,57716.0,67245.0,77763.25,66946.6347826087,60494.992988624734,74720.6167119173,66213.0,
store_53,2015-04-13,2015-03-23,89093.0,67245.0,77763.25,66797.45217391304,88349.68965525963,74720.6167119173,84509.0,
store_53,2015-04-20,2015-03-23,65143.0,67245.0,77763.25,66648.26956521739,61087.918259906786,74720.6167119173,51714.0,
store_53,2015-04-27,2015-03-23,80860.0,67245.0,77763.25,66499.08695652174,80008.56476573707,74720.6167119173,78964.0,
store_53,2015-05-04,2015-03-23,85829.0,67245.0,77763.25,66349.90434782609,87694.4536271031,74720.6167119173,88092.0,
store_53,2015-05-11,2015-03-23,61978.0,67245.0,77763.25,66200.72173913043,61587.66295255142,74720.6167119173,64645.0,
store_53,2015-05-18,2015-03-23,83755.0,67245.0,77763.25,66051.53913043479,83288.15506744277,74720.6167119173,79881.0,
store_53,2015-04-27,2015-04-20,80860.0,65143.0,76347.25,64981.16806722689,81388.70529420329,74677.58167220339,78964.0,
store_53,2015-05-04,2015-04-20,85829.0,65143.0,76347.25,64819.336134453784,88224.90127234094,74677.58167220339,88092.0,
store_53,2015-05-11,2015-04-20,61978.0,65143.0,76347.25,64657.50420168067,61853.75126706816,74677.58167220339,64645.0,
store_53,2015-05-18,2015-04-20,83755.0,65143.0,76347.25,64495.67226890756,83527.45909182733,74677.58167220339,79881.0,
store_53,2015-05-25,2015-04-20,62308.0,65143.0,76347.25,64333.84033613445,59937.85119657957,74677.58167220339,58887.0,
store_53,2015-06-01,2015-04-20,88601.0,65143.0,76347.25,64172.008403361346,84791.368739123,74677.58167220339,91602.0,
store_53,2015-06-08,2015-04-20,71125.0,65143.0,76347.25,64010.17647058824,68872.79405266348,74677.58167220339,60497.0,
store_53,2015-06-15,2015-04-20,91930.0,65143.0,76347.25,63848.34453781512,87104.64132510206,74677.58167220339,79378.0,
store_53,2015-05-25,2015-05-18,62308.0,83755.0,76815.5,83749.74796747968,59988.338253054804,74800.35863002873,58887.0,
store_53,2015-06-01,2015-05-18,88601.0,83755.0,76815.5,83744.49593495936,84808.0162760854,74800.35863002873,91602.0,
store_53,2015-06-08,2015-05-18,71125.0,83755.0,76815.5,83739.24390243902,68811.51419849675,74800.35863002873,60497.0,
store_53,2015-06-15,2015-05-18,91930.0,83755.0,76815.5,83733.9918699187,87038.7674018284,74800.35863002873,79378.0,
store_53,2015-06-22,2015-05-18,70659.0,83755.0,76815.5,83728.73983739837,66895.39789476259,74800.35863002873,66996.0,
store_53,2015-06-29,2015-05-18,93848.0,83755.0,76815.5,83723.48780487805,87420.54828639748,74800.35863002873,95028.0,
store_53,2015-07-06,2015-05-18,72148.0,83755.0,76815.5,83718.23577235773,67513.24364121967,74800.35863002873,65212.0,
store_53,2015-07-13,2015-05-18,83122.0,83755.0,76815.5,83712.9837398374,81772.4239240965,74800.35863002873,82212.0,
store_54,2015-02-02,2015-01-26,31699.0,31547.0,28686.333333333332,31567.420560747665,31646.799936047522,27165.759147152974,34454.0,
store_54,2015-02-09,2015-01-26,22049.0,31547.0,28686.333333333332,31587.841121495327,21075.946400357065,27165.759147152974,21895.0,
store_54,2015-02-16,2015-01-26,28196.0,31547.0,28686.333333333332,31608.26168224299,26533.192159265178,27165.759147152974,30978.0,
store_54,2015-02-23,2015-01-26,21830.0,31547.0,28686.333333333332,31628.682242990653,21831.363199329066,27165.759147152974,21130.0,
store_54,2015-03-02,2015-01-26,33217.0,31547.0,28686.333333333332,31649.10280373832,33785.427784724976,27165.759147152974,33331.0,
store_54,2015-03-09,2015-01-26,22426.0,31547.0,28686.333333333332,31669.52336448598,23266.58036352693,27165.759147152974,22237.0,
store_54,2015-03-16,2015-01-26,30918.0,31547.0,28686.333333333332,31689.943925233645,31935.269825093455,27165.759147152974,31458.0,
store_54,2015-03-23,2015-01-26,23560.0,31547.0,28686.333333333332,31710.364485981307,23660.9057290099,27165.759147152974,23297.0,
store_54,2015-03-02,2015-02-23,33217.0,21830.0,26918.416666666668,21762.144144144146,34007.481532485064,27123.891150606927,33331.0,
store_54,2015-03-09,2015-02-23,22426.0,21830.0,26918.416666666668,21694.288288288288,23503.79181973545,27123.891150606927,22237.0,
store_54,2015-03-16,2015-02-23,30918.0,21830.0,26918.416666666668,21626.432432432433,32155.75158479295,27123.891150606927,31458.0,
store_54,2015-03-23,2015-02-23,23560.0,21830.0,26918.416666666668,21558.576576576575,23850.37229122863,27123.891150606927,23297.0,
store_54,2015-03-30,2015-02-23,35058.0,21830.0,26918.416666666668,21490.72072072072,33019.09553669511,27123.891150606927,36876.0,
store_54,2015-04-06,2015-02-23,21840.0,21830.0,26918.416666666668,21422.864864864863,21782.635684217064,27123.891150606927,22987.0,
store_54,2015-04-13,2015-02-23,33121.0,21830.0,26918.416666666668,21355.00900900901,33542.07347076565,27123.891150606927,32759.0,
store_54,2015-04-20,2015-02-23,21908.0,21830.0,26918.416666666668,21287.153153153155,22473.95270444144,27123.891150606927,19464.0,
store_54,2015-03-30,2015-03-23,35058.0,23560.0,27082.416666666668,23509.547826086957,32730.77215515695,27137.533174440567,36876.0,
store_54,2015-04-06,2015-03-23,21840.0,23560.0,27082.416666666668,23459.095652173914,21489.36429267817,27137.533174440567,22987.0,
store_54,2015-04-13,2015-03-23,33121.0,23560.0,27082.416666666668,23408.64347826087,33074.43603512097,27137.533174440567,32759.0,
store_54,2015-04-20,2015-03-23,21908.0,23560.0,27082.416666666668,23358.191304347827,22000.83899930022,27137.533174440567,19464.0,
store_54,2015-04-27,2015-03-23,31168.0,23560.0,27082.416666666668,23307.739130434784,30134.744235746977,27137.533174440567,33051.0,
store_54,2015-05-04,2015-03-23,32564.0,23560.0,27082.416666666668,23257.28695652174,33242.24686177901,27137.533174440567,32297.0,
store_54,2015-05-11,2015-03-23,22104.0,23560.0,27082.416666666668,23206.834782608697,22180.4543307462,27137.533174440567,20472.0,
store_54,2015-05-18,2015-03-23,31556.0,23560.0,27082.416666666668,23156.38260869565,30715.213236810923,27137.533174440567,29024.0,
store_54,2015-04-27,2015-04-20,31168.0,21908.0,27151.833333333332,21845.361344537814,30285.576617052313,27165.7424109444,33051.0,
store_54,2015-05-04,2015-04-20,32564.0,21908.0,27151.833333333332,21782.722689075632,33365.97888752281,27165.7424109444,32297.0,
store_54,2015-05-11,2015-04-20,22104.0,21908.0,27151.833333333332,21720.084033613446,22181.477860483436,27165.7424109444,20472.0,
store_54,2015-05-18,2015-04-20,31556.0,21908.0,27151.833333333332,21657.44537815126,30906.17892742122,27165.7424109444,29024.0,
store_54,2015-05-25,2015-04-20,21141.0,21908.0,27151.833333333332,21594.806722689074,21846.474542869175,27165.7424109444,21014.0,
store_54,2015-06-01,2015-04-20,29818.0,21908.0,27151.833333333332,21532.168067226892,29910.841466880585,27165.7424109444,32989.0,
store_54,2015-06-08,2015-04-20,22626.0,21908.0,27151.833333333332,21469.529411764706,23071.12079148845,27165.7424109444,19479.0,
store_54,2015-06-15,2015-04-20,33720.0,21908.0,27151.833333333332,21406.89075630252,31271.305483998796,27165.7424109444,30438.0,
store_54,2015-05-25,2015-05-18,21141.0,31556.0,28286.666666666668,31573.837398373984,22025.3923211609,27236.17101809861,21014.0,
store_54,2015-06-01,2015-05-18,29818.0,31556.0,28286.666666666668,31591.674796747968,30165.398764824153,27236.17101809861,32989.0,
store_54,2015-06-08,2015-05-18,22626.0,31556.0,28286.666666666668,31609.51219512195,23086.868260467712,27236.17101809861,19479.0,
store_54,2015-06-15,2015-05-18,33720.0,31556.0,28286.666666666668,31627.349593495936,31358.542552246356,27236.17101809861,30438.0,
store_54,2015-06-22,2015-05-18,21895.0,31556.0,28286.666666666668,31645.18699186992,20721.814071863646,27236.17101809861,23460.0,
store_54,2015-06-29,2015-05-18,34063.0,31556.0,28286.666666666668,31663.024390243903,31202.99674816202,27236.17101809861,38585.0,
store_54,2015-07-06,2015-05-18,22576.0,31556.0,28286.666666666668,31680.861788617887,22720.669856588676,27236.17101809861,21739.0,
store_54,2015-07-13,2015-05-18,29180.0,31556.0,28286.666666666668,31698.69918699187,29699.703195081696,27236.17101809861,31041.0,
store_55,2015-02-02,2015-01-26,57917.0,54672.0,51636.416666666664,54717.57009345794,58126.67456771432,51386.706432235675,57326.0,
store_55,2015-02-09,2015-01-26,45181.0,54672.0,51636.416666666664,54763.14018691589,48207.73394694767,51440.59896828728,43890.0,
store_55,2015-02-16,2015-01-26,46701.0,54672.0,51636.416666666664,54808.71028037383,44310.04416445432,51494.49150433889,52951.0,
store_55,2015-02-23,2015-01-26,45877.0,54672.0,51636.416666666664,54854.280373831774,46106.30669237395,51548.38404039049,45235.0,
store_55,2015-03-02,2015-01-26,58575.0,54672.0,51636.416666666664,54899.85046728972,59263.67868613101,51602.2765764421,54443.0,
store_55,2015-03-09,2015-01-26,44664.0,54672.0,51636.416666666664,54945.42056074766,45426.13458582111,51656.169112493706,41534.0,
store_55,2015-03-16,2015-01-26,56460.0,54672.0,51636.416666666664,54990.990654205605,56715.571242179314,51710.061648545314,52236.0,
store_55,2015-03-23,2015-01-26,41307.0,54672.0,51636.416666666664,55036.56074766355,41517.68292876372,51763.95418459692,41933.0,
store_55,2015-03-02,2015-02-23,58575.0,45877.0,49394.416666666664,45841.69369369369,59154.90521060518,48409.42854508784,54443.0,
store_55,2015-03-09,2015-02-23,44664.0,45877.0,49394.416666666664,45806.38738738739,45230.112089073635,48409.42854508784,41534.0,
store_55,2015-03-16,2015-02-23,56460.0,45877.0,49394.416666666664,45771.08108108108,56674.142465025245,48409.42854508784,52236.0,
store_55,2015-03-23,2015-02-23,41307.0,45877.0,49394.416666666664,45735.77477477478,41424.958076929106,48409.42854508784,41933.0,
store_55,2015-03-30,2015-02-23,62146.0,45877.0,49394.416666666664,45700.46846846847,58964.90894406311,48409.42854508784,60045.0,
store_55,2015-04-06,2015-02-23,38078.0,45877.0,49394.416666666664,45665.16216216216,38408.27597279394,48409.42854508784,41609.0,
store_55,2015-04-13,2015-02-23,54220.0,45877.0,49394.416666666664,45629.85585585586,54895.109420386245,48409.42854508784,54553.0,
store_55,2015-04-20,2015-02-23,39566.0,45877.0,49394.416666666664,45594.54954954955,41484.259178417065,48409.42854508784,34611.0,
store_55,2015-03-30,2015-03-23,62146.0,41307.0,49572.5,41233.18260869565,58910.59463630295,48453.22228794411,60045.0,
store_55,2015-04-06,2015-03-23,38078.0,41307.0,49572.5,41159.36521739131,38342.84497985241,48453.22228794411,41609.0,
store_55,2015-04-13,2015-03-23,54220.0,41307.0,49572.5,41085.54782608696,54690.269989448876,48453.22228794411,54553.0,
store_55,2015-04-20,2015-03-23,39566.0,41307.0,49572.5,41011.73043478261,41259.59717770807,48453.22228794411,34611.0,
store_55,2015-04-27,2015-03-23,56592.0,41307.0,49572.5,40937.913043478264,55863.974440669306,48453.22228794411,56010.0,
store_55,2015-05-04,2015-03-23,58695.0,41307.0,49572.5,40864.09565217391,57434.54020083105,48453.22228794411,58408.0,
store_55,2015-05-11,2015-03-23,40240.0,41307.0,49572.5,40790.27826086956,40459.00651282622,48453.22228794411,43120.0,
store_55,2015-05-18,2015-03-23,57161.0,41307.0,49572.5,40716.46086956522,56052.53361955946,48453.22228794411,51386.0,
store_55,2015-04-27,2015-04-20,56592.0,39566.0,49224.333333333336,39480.033613445376,55542.858995418545,48464.502708387765,56010.0,
store_55,2015-05-04,2015-04-20,58695.0,39566.0,49224.333333333336,39394.06722689076,57097.14033276324,48464.502708387765,58408.0,
store_55,2015-05-11,2015-04-20,40240.0,39566.0,49224.333333333336,39308.100840336134,40053.34162155268,48464.502708387765,43120.0,
store_55,2015-05-18,2015-04-20,57161.0,39566.0,49224.333333333336,39222.13445378151,55709.034722212426,48464.502708387765,51386.0,
store_55,2015-05-25,2015-04-20,42640.0,39566.0,49224.333333333336,39136.16806722689,40510.46940430839,48464.502708387765,39938.0,
store_55,2015-06-01,2015-04-20,53062.0,39566.0,49224.333333333336,39050.20168067227,52836.05305484442,48464.502708387765,62067.0,
store_55,2015-06-08,2015-04-20,44768.0,39566.0,49224.333333333336,38964.23529411765,44651.54026203384,48464.502708387765,38934.0,
store_55,2015-06-15,2015-04-20,58602.0,39566.0,49224.333333333336,38878.268907563026,57126.88545298934,48464.502708387765,50529.0,
store_55,2015-05-25,2015-05-18,42640.0,57161.0,50642.0,57220.87804878049,41296.55860163922,51503.2279142722,39938.0,
store_55,2015-06-01,2015-05-18,53062.0,57161.0,50642.0,57280.756097560974,53600.47894833519,51547.66594117264,62067.0,
store_55,2015-06-08,2015-05-18,44768.0,57161.0,50642.0,57340.634146341465,45437.550930819554,51592.103968073076,38934.0,
store_55,2015-06-15,2015-05-18,58602.0,57161.0,50642.0,57400.51219512195,57896.25177673189,51636.541994973515,50529.0,
store_55,2015-06-22,2015-05-18,43438.0,57161.0,50642.0,57460.39024390244,42948.02998874546,51680.98002187395,42144.0,
store_55,2015-06-29,2015-05-18,59051.0,57161.0,50642.0,57520.26829268293,54860.88728915826,51725.41804877439,63422.0,
store_55,2015-07-06,2015-05-18,45816.0,57161.0,50642.0,57580.14634146341,44831.71892888448,51769.85607567482,41009.0,
store_55,2015-07-13,2015-05-18,54372.0,57161.0,50642.0,57640.0243902439,54231.008496585295,51814.29410257526,53424.0,
store_56,2015-02-02,2015-01-26,31744.0,30740.0,29024.166666666668,30693.271028037383,31954.70004415656,27984.091114639476,43488.0,
store_56,2015-02-09,2015-01-26,21263.0,30740.0,29024.166666666668,30646.542056074766,20776.671125205397,27984.091114639476,33076.0,
store_56,2015-02-16,2015-01-26,28379.0,30740.0,29024.166666666668,30599.81308411215,29249.503165670067,27984.091114639476,43349.0,
store_56,2015-02-23,2015-01-26,22003.0,30740.0,29024.166666666668,30553.084112149532,21752.39582112265,27984.091114639476,34722.0,
store_56,2015-03-02,2015-01-26,30865.0,30740.0,29024.166666666668,30506.355140186915,32692.556837943775,27984.091114639476,47357.0,
store_56,2015-03-09,2015-01-26,21931.0,30740.0,29024.166666666668,30459.6261682243,22044.60577054228,27984.091114639476,32764.0,
store_56,2015-03-16,2015-01-26,31629.0,30740.0,29024.166666666668,30412.89719626168,31486.372456343648,27984.091114639476,42426.0,
store_56,2015-03-23,2015-01-26,23842.0,30740.0,29024.166666666668,30366.168224299065,23110.085469871658,27984.091114639476,33705.0,
store_56,2015-03-02,2015-02-23,30865.0,22003.0,27534.666666666668,21879.243243243243,32670.269080742393,26101.35729298354,47357.0,
store_56,2015-03-09,2015-02-23,21931.0,22003.0,27534.666666666668,21755.486486486487,22026.148576723794,26101.35729298354,32764.0,
store_56,2015-03-16,2015-02-23,31629.0,22003.0,27534.666666666668,21631.72972972973,31467.701420395133,26101.35729298354,42426.0,
store_56,2015-03-23,2015-02-23,23842.0,22003.0,27534.666666666668,21507.972972972973,23091.74914334477,26101.35729298354,33705.0,
store_56,2015-03-30,2015-02-23,33525.0,22003.0,27534.666666666668,21384.216216216217,32537.883819711453,26101.35729298354,44443.0,
store_56,2015-04-06,2015-02-23,21456.0,22003.0,27534.666666666668,21260.45945945946,21410.057712888,26101.35729298354,35673.0,
store_56,2015-04-13,2015-02-23,29529.0,22003.0,27534.666666666668,21136.702702702703,30950.322463071345,26101.35729298354,43588.0,
store_56,2015-04-20,2015-02-23,20692.0,22003.0,27534.666666666668,21012.945945945947,21251.022399668258,26101.35729298354,28828.0,
store_56,2015-03-30,2015-03-23,33525.0,23842.0,26798.5,23738.539130434783,32488.03575258742,26515.393298293733,44443.0,
store_56,2015-04-06,2015-03-23,21456.0,23842.0,26798.5,23635.078260869566,21353.938075622686,26515.393298293733,35673.0,
store_56,2015-04-13,2015-03-23,29529.0,23842.0,26798.5,23531.61739130435,30896.08940933014,26515.393298293733,43588.0,
store_56,2015-04-20,2015-03-23,20692.0,23842.0,26798.5,23428.15652173913,21210.250276961287,26515.393298293733,28828.0,
store_56,2015-04-27,2015-03-23,30921.0,23842.0,26798.5,23324.695652173912,31642.731157828654,26515.393298293733,43428.0,
store_56,2015-05-04,2015-03-23,31976.0,23842.0,26798.5,23221.234782608695,32300.64783304843,26515.393298293733,44922.0,
store_56,2015-05-11,2015-03-23,20350.0,23842.0,26798.5,23117.77391304348,20037.229757651083,26515.393298293733,33520.0,
store_56,2015-05-18,2015-03-23,29784.0,23842.0,26798.5,23014.31304347826,30739.05299572972,26515.393298293733,42409.0,
store_56,2015-04-27,2015-04-20,30921.0,20692.0,26404.833333333332,20565.546218487394,31614.623152626322,25788.884800148233,43428.0,
store_56,2015-05-04,2015-04-20,31976.0,20692.0,26404.833333333332,20439.092436974788,32271.39317138501,25788.884800148233,44922.0,
store_56,2015-05-11,2015-04-20,20350.0,20692.0,26404.833333333332,20312.638655462186,20008.44352443322,25788.884800148233,33520.0,
store_56,2015-05-18,2015-04-20,29784.0,20692.0,26404.833333333332,20186.18487394958,30711.103150038543,25788.884800148233,42409.0,
store_56,2015-05-25,2015-04-20,21127.0,20692.0,26404.833333333332,20059.731092436974,23445.51732461394,25788.884800148233,33830.0,
store_56,2015-06-01,2015-04-20,28060.0,20692.0,26404.833333333332,19933.277310924368,30320.482212095558,25788.884800148233,48265.0,
store_56,2015-06-08,2015-04-20,21927.0,20692.0,26404.833333333332,19806.823529411766,22893.968519564714,25788.884800148233,30454.0,
store_56,2015-06-15,2015-04-20,31497.0,20692.0,26404.833333333332,19680.36974789916,30654.69084736507,25788.884800148233,40244.0,
store_56,2015-05-25,2015-05-18,21127.0,29784.0,27208.333333333332,29735.577235772358,23367.77401341046,27108.6866318091,33830.0,
store_56,2015-06-01,2015-05-18,28060.0,29784.0,27208.333333333332,29687.154471544716,30309.200169398893,27108.6866318091,48265.0,
store_56,2015-06-08,2015-05-18,21927.0,29784.0,27208.333333333332,29638.731707317074,22793.09529300813,27108.6866318091,30454.0,
store_56,2015-06-15,2015-05-18,31497.0,29784.0,27208.333333333332,29590.308943089432,30557.033731832722,27108.6866318091,40244.0,
store_56,2015-06-22,2015-05-18,20607.0,29784.0,27208.333333333332,29541.886178861787,22657.201089406746,27108.6866318091,35138.0,
store_56,2015-06-29,2015-05-18,33982.0,29784.0,27208.333333333332,29493.463414634145,33380.02024552871,27108.6866318091,46507.0,
store_56,2015-07-06,2015-05-18,22319.0,29784.0,27208.333333333332,29445.040650406503,22616.878739117394,27108.6866318091,32783.0,
store_56,2015-07-13,2015-05-18,32096.0,29784.0,27208.333333333332,29396.61788617886,32443.650110119335,27108.6866318091,43960.0,
store_57,2015-02-02,2015-01-26,44156.0,47376.0,39702.0,47448.42056074766,43830.97319427847,37372.68919040804,44683.0,
store_57,2015-02-09,2015-01-26,30177.0,47376.0,39702.0,47520.84112149533,32258.276743015012,37480.87502572692,27999.0,
store_57,2015-02-16,2015-01-26,41964.0,47376.0,39702.0,47593.26168224299,39973.01794632345,37589.0608610458,38938.0,
store_57,2015-02-23,2015-01-26,30310.0,47376.0,39702.0,47665.68224299065,29729.53296704449,37697.24669636468,26999.0,
store_57,2015-03-02,2015-01-26,45545.0,47376.0,39702.0,47738.102803738315,45759.95081825598,37805.43253168356,40002.0,
store_57,2015-03-09,2015-01-26,28892.0,47376.0,39702.0,47810.52336448598,30653.49703903372,37913.61836700243,24292.0,
store_57,2015-03-16,2015-01-26,42710.0,47376.0,39702.0,47882.943925233645,43004.26849828811,38021.80420232131,36127.0,
store_57,2015-03-23,2015-01-26,29859.0,47376.0,39702.0,47955.36448598131,30993.904855029752,38129.99003764019,25065.0,
store_57,2015-03-02,2015-02-23,45545.0,30310.0,38315.583333333336,30226.063063063062,45933.67911944573,37866.2871349078,40002.0,
store_57,2015-03-09,2015-02-23,28892.0,30310.0,38315.583333333336,30142.126126126128,30765.797762642476,37932.99582256555,24292.0,
store_57,2015-03-16,2015-02-23,42710.0,30310.0,38315.583333333336,30058.18918918919,43210.66223468965,37999.704510223295,36127.0,
store_57,2015-03-23,2015-02-23,29859.0,30310.0,38315.583333333336,29974.252252252252,31102.17043664176,38066.41319788104,25065.0,
store_57,2015-03-30,2015-02-23,46616.0,30310.0,38315.583333333336,29890.315315315314,46120.82788042308,38133.121885538785,40048.0,
store_57,2015-04-06,2015-02-23,25426.0,30310.0,38315.583333333336,29806.37837837838,25442.841768583996,38199.83057319654,26147.0,
store_57,2015-04-13,2015-02-23,41383.0,30310.0,38315.583333333336,29722.441441441442,41881.189285073444,38266.53926085428,39245.0,
store_57,2015-04-20,2015-02-23,29010.0,30310.0,38315.583333333336,29638.504504504504,30717.74452349973,38333.24794851203,21253.0,
store_57,2015-03-30,2015-03-23,46616.0,29859.0,37920.416666666664,29774.06086956522,46373.69671076414,37984.47541805292,40048.0,
store_57,2015-04-06,2015-03-23,25426.0,29859.0,37920.416666666664,29689.121739130434,25684.93777035791,38049.14026571041,26147.0,
store_57,2015-04-13,2015-03-23,41383.0,29859.0,37920.416666666664,29604.182608695653,41430.78352287146,38113.805113367904,39245.0,
store_57,2015-04-20,2015-03-23,29010.0,29859.0,37920.416666666664,29519.24347826087,30096.47950927147,38178.469961025396,21253.0,
store_57,2015-04-27,2015-03-23,47411.0,29859.0,37920.416666666664,29434.304347826088,46611.03390863495,38243.13480868288,40480.0,
store_57,2015-05-04,2015-03-23,46374.0,29859.0,37920.416666666664,29349.365217391303,46753.68885159286,38307.79965634037,45263.0,
store_57,2015-05-11,2015-03-23,28118.0,29859.0,37920.416666666664,29264.426086956522,28174.27337653393,38372.464503997864,25768.0,
store_57,2015-05-18,2015-03-23,42237.0,29859.0,37920.416666666664,29179.486956521738,42690.64277227298,38437.129351655356,39079.0,
store_57,2015-04-27,2015-04-20,47411.0,29010.0,36337.333333333336,28920.78151260504,46522.592435390594,38018.35922219478,40480.0,
store_57,2015-05-04,2015-04-20,46374.0,29010.0,36337.333333333336,28831.563025210085,46718.11027399834,38079.9703110218,45263.0,
store_57,2015-05-11,2015-04-20,28118.0,29010.0,36337.333333333336,28742.344537815126,28058.46229502932,38141.58139984883,25768.0,
store_57,2015-05-18,2015-04-20,42237.0,29010.0,36337.333333333336,28653.126050420167,42604.80136179119,38203.19248867586,39079.0,
store_57,2015-05-25,2015-04-20,31179.0,29010.0,36337.333333333336,28563.907563025212,30013.758272686573,38264.803577502884,27628.0,
store_57,2015-06-01,2015-04-20,42316.0,29010.0,36337.333333333336,28474.689075630253,41165.725014841744,38326.41466632991,45044.0,
store_57,2015-06-08,2015-04-20,31363.0,29010.0,36337.333333333336,28385.470588235294,29896.115086960082,38388.02575515694,26668.0,
store_57,2015-06-15,2015-04-20,47038.0,29010.0,36337.333333333336,28296.252100840335,44741.17110689103,38449.636843983964,39501.0,
store_57,2015-05-25,2015-05-18,31179.0,42237.0,37798.416666666664,42258.21951219512,29992.083559017563,38487.57230897617,27628.0,
store_57,2015-06-01,2015-05-18,42316.0,42237.0,37798.416666666664,42279.439024390245,41231.59055328594,38551.78625037712,45044.0,
store_57,2015-06-08,2015-05-18,31363.0,42237.0,37798.416666666664,42300.65853658537,29723.366501301076,38616.00019177806,26668.0,
store_57,2015-06-15,2015-05-18,47038.0,42237.0,37798.416666666664,42321.87804878049,44640.35443040682,38680.21413317901,39501.0,
store_57,2015-06-22,2015-05-18,30328.0,42237.0,37798.416666666664,42343.09756097561,29373.876892064836,38744.428074579955,28093.0,
store_57,2015-06-29,2015-05-18,47742.0,42237.0,37798.416666666664,42364.31707317073,44870.185315638286,38808.642015980906,46214.0,
store_57,2015-07-06,2015-05-18,32029.0,42237.0,37798.416666666664,42385.53658536585,32399.624651186197,38872.85595738185,30033.0,
store_57,2015-07-13,2015-05-18,43894.0,42237.0,37798.416666666664,42406.756097560974,41629.46348453864,38937.0698987828,38458.0,
store_58,2015-02-02,2015-01-26,40996.0,36804.0,36432.416666666664,36756.84112149533,41728.0,34599.73015154089,42121.0,
store_58,2015-02-09,2015-01-26,28749.0,36804.0,36432.416666666664,36709.68224299065,29952.0,34599.73015154089,29572.0,
store_58,2015-02-16,2015-01-26,35797.0,36804.0,36432.416666666664,36662.52336448598,35200.0,34599.73015154089,39009.0,
store_58,2015-02-23,2015-01-26,27607.0,36804.0,36432.416666666664,36615.36448598131,24704.0,34599.73015154089,28112.0,
store_58,2015-03-02,2015-01-26,40626.0,36804.0,36432.416666666664,36568.20560747664,40960.0,34599.73015154089,39274.0,
store_58,2015-03-09,2015-01-26,28863.0,36804.0,36432.416666666664,36521.04672897196,28160.0,34599.73015154089,28215.0,
store_58,2015-03-16,2015-01-26,37486.0,36804.0,36432.416666666664,36473.88785046729,37888.0,34599.73015154089,37999.0,
store_58,2015-03-23,2015-01-26,29369.0,36804.0,36432.416666666664,36426.72897196261,29184.0,34599.73015154089,28751.0,
store_58,2015-03-02,2015-02-23,40626.0,27607.0,35026.75,27478.684684684686,40832.0,34557.58478751388,39274.0,
store_58,2015-03-09,2015-02-23,28863.0,27607.0,35026.75,27350.369369369368,28160.0,34557.58478751388,28215.0,
store_58,2015-03-16,2015-02-23,37486.0,27607.0,35026.75,27222.054054054053,37888.0,34557.58478751388,37999.0,
store_58,2015-03-23,2015-02-23,29369.0,27607.0,35026.75,27093.73873873874,29056.0,34557.58478751388,28751.0,
store_58,2015-03-30,2015-02-23,41251.0,27607.0,35026.75,26965.423423423425,37632.0,34557.58478751388,42014.0,
store_58,2015-04-06,2015-02-23,26830.0,27607.0,35026.75,26837.108108108107,28288.0,34557.58478751388,30423.0,
store_58,2015-04-13,2015-02-23,38127.0,27607.0,35026.75,26708.792792792792,39424.0,34557.58478751388,39712.0,
store_58,2015-04-20,2015-02-23,28161.0,27607.0,35026.75,26580.477477477478,28416.0,34557.58478751388,24415.0,
store_58,2015-03-30,2015-03-23,41251.0,29369.0,34214.083333333336,29260.46956521739,37632.0,34537.62900546652,42014.0,
store_58,2015-04-06,2015-03-23,26830.0,29369.0,34214.083333333336,29151.93913043478,27392.0,34537.62900546652,30423.0,
store_58,2015-04-13,2015-03-23,38127.0,29369.0,34214.083333333336,29043.408695652175,39424.0,34537.62900546652,39712.0,
store_58,2015-04-20,2015-03-23,28161.0,29369.0,34214.083333333336,28934.878260869566,27264.0,34537.62900546652,24415.0,
store_58,2015-04-27,2015-03-23,36646.0,29369.0,34214.083333333336,28826.347826086956,35712.0,34537.62900546652,37649.0,
store_58,2015-05-04,2015-03-23,40902.0,29369.0,34214.083333333336,28717.817391304347,39936.0,34537.62900546652,40864.0,
store_58,2015-05-11,2015-03-23,26173.0,29369.0,34214.083333333336,28609.28695652174,26624.0,34537.62900546652,27333.0,
store_58,2015-05-18,2015-03-23,38754.0,29369.0,34214.083333333336,28500.75652173913,36608.0,34537.62900546652,36088.0,
store_58,2015-04-27,2015-04-20,36646.0,28161.0,33655.166666666664,28045.96638655462,35328.0,34507.19556273998,37649.0,
store_58,2015-05-04,2015-04-20,40902.0,28161.0,33655.166666666664,27930.932773109245,40704.0,34507.19556273998,40864.0,
store_58,2015-05-11,2015-04-20,26173.0,28161.0,33655.166666666664,27815.899159663866,27392.0,34507.19556273998,27333.0,
store_58,2015-05-18,2015-04-20,38754.0,28161.0,33655.166666666664,27700.865546218487,37632.0,34507.19556273998,36088.0,
store_58,2015-05-25,2015-04-20,26591.0,28161.0,33655.166666666664,27585.831932773108,26624.0,34507.19556273998,26343.0,
store_58,2015-06-01,2015-04-20,38358.0,28161.0,33655.166666666664,27470.798319327732,38144.0,34507.19556273998,41056.0,
store_58,2015-06-08,2015-04-20,31707.0,28161.0,33655.166666666664,27355.764705882353,29696.0,34507.19556273998,26453.0,
store_58,2015-06-15,2015-04-20,42204.0,28161.0,33655.166666666664,27240.731092436974,40960.0,34507.19556273998,36589.0,
store_58,2015-05-25,2015-05-18,26591.0,38754.0,34432.333333333336,38728.829268292684,26880.0,34537.68326352396,26343.0,
store_58,2015-06-01,2015-05-18,38358.0,38754.0,34432.333333333336,38703.65853658537,38144.0,34537.68326352396,41056.0,
store_58,2015-06-08,2015-05-18,31707.0,38754.0,34432.333333333336,38678.48780487805,30464.0,34537.68326352396,26453.0,
store_58,2015-06-15,2015-05-18,42204.0,38754.0,34432.333333333336,38653.31707317073,41472.0,34537.68326352396,36589.0,
store_58,2015-06-22,2015-05-18,29349.0,38754.0,34432.333333333336,38628.14634146341,28672.0,34537.68326352396,29340.0,
store_58,2015-06-29,2015-05-18,44015.0,38754.0,34432.333333333336,38602.9756097561,42496.0,34537.68326352396,44122.0,
store_58,2015-07-06,2015-05-18,30772.0,38754.0,34432.333333333336,38577.80487804878,31232.0,34537.68326352396,30250.0,
store_58,2015-07-13,2015-05-18,39478.0,38754.0,34432.333333333336,38552.634146341465,38144.0,34537.68326352396,37828.0,
store_59,2015-02-02,2015-01-26,49255.0,46674.0,44445.416666666664,46655.63551401869,49774.8572113191,40871.74995510593,48929.0,
store_59,2015-02-09,2015-01-26,33764.0,46674.0,44445.416666666664,46637.27102803739,34086.38786041703,40871.74995510593,34216.0,
store_59,2015-02-16,2015-01-26,47939.0,46674.0,44445.416666666664,46618.90654205607,47427.07606682905,40871.74995510593,46098.0,
store_59,2015-02-23,2015-01-26,34558.0,46674.0,44445.416666666664,46600.542056074766,33489.57387098419,40871.74995510593,33080.0,
store_59,2015-03-02,2015-01-26,49612.0,46674.0,44445.416666666664,46582.17757009346,48292.47710285476,40871.74995510593,50006.0,
store_59,2015-03-09,2015-01-26,34315.0,46674.0,44445.416666666664,46563.81308411215,31956.077653635304,40871.74995510593,32623.0,
store_59,2015-03-16,2015-01-26,47576.0,46674.0,44445.416666666664,46545.44859813084,46868.44298786532,40871.74995510593,43751.0,
store_59,2015-03-23,2015-01-26,32079.0,46674.0,44445.416666666664,46527.08411214953,30995.7577760917,40871.74995510593,30897.0,
store_59,2015-03-02,2015-02-23,49612.0,34558.0,42899.25,34431.14414414414,48751.79790540098,40893.16903067847,50006.0,
store_59,2015-03-09,2015-02-23,34315.0,34558.0,42899.25,34304.28828828829,32156.877217815043,40893.16903067847,32623.0,
store_59,2015-03-16,2015-02-23,47576.0,34558.0,42899.25,34177.43243243243,46958.28543864726,40893.16903067847,43751.0,
store_59,2015-03-23,2015-02-23,32079.0,34558.0,42899.25,34050.576576576575,31039.26339678068,40893.16903067847,30897.0,
store_59,2015-03-30,2015-02-23,51673.0,34558.0,42899.25,33923.72072072072,48076.36862017911,40893.16903067847,48178.0,
store_59,2015-04-06,2015-02-23,31833.0,34558.0,42899.25,33796.86486486487,31201.227846892067,40893.16903067847,34559.0,
store_59,2015-04-13,2015-02-23,49853.0,34558.0,42899.25,33670.00900900901,49269.923208331784,40893.16903067847,44897.0,
store_59,2015-04-20,2015-02-23,32768.0,34558.0,42899.25,33543.15315315315,31437.135640590594,40893.16903067847,27404.0,
store_59,2015-03-30,2015-03-23,51673.0,32079.0,42032.916666666664,31935.0,48392.838361504604,40893.169766255916,48178.0,
store_59,2015-04-06,2015-03-23,31833.0,32079.0,42032.916666666664,31791.0,31331.883478016993,40893.169766255916,34559.0,
store_59,2015-04-13,2015-03-23,49853.0,32079.0,42032.916666666664,31647.0,49401.499044214,40893.169766255916,44897.0,
store_59,2015-04-20,2015-03-23,32768.0,32079.0,42032.916666666664,31503.0,31573.959594065003,40893.169766255916,27404.0,
store_59,2015-04-27,2015-03-23,47232.0,32079.0,42032.916666666664,31359.0,44761.71095235967,40893.169766255916,44060.0,
store_59,2015-05-04,2015-03-23,52658.0,32079.0,42032.916666666664,31215.0,52527.65223502311,40893.169766255916,48349.0,
store_59,2015-05-11,2015-03-23,33662.0,32079.0,42032.916666666664,31071.0,34184.62989984593,40893.169766255916,34019.0,
store_59,2015-05-18,2015-03-23,50476.0,32079.0,42032.916666666664,30927.0,49177.567679789776,40893.169766255916,45882.0,
store_59,2015-04-27,2015-04-20,47232.0,32768.0,41268.75,32634.63025210084,45436.40277525894,40909.87171093318,44060.0,
store_59,2015-05-04,2015-04-20,52658.0,32768.0,41268.75,32501.26050420168,52828.88570043505,40909.87171093318,48349.0,
store_59,2015-05-11,2015-04-20,33662.0,32768.0,41268.75,32367.89075630252,34391.40288562317,40909.87171093318,34019.0,
store_59,2015-05-18,2015-04-20,50476.0,32768.0,41268.75,32234.52100840336,49274.4390957801,40909.87171093318,45882.0,
store_59,2015-05-25,2015-04-20,34262.0,32768.0,41268.75,32101.1512605042,32431.497964184688,40909.87171093318,32218.0,
store_59,2015-06-01,2015-04-20,48733.0,32768.0,41268.75,31967.78151260504,46859.45492447148,40909.87171093318,52575.0,
store_59,2015-06-08,2015-04-20,38367.0,32768.0,41268.75,31834.41176470588,38259.77674989864,40909.87171093318,31485.0,
store_59,2015-06-15,2015-04-20,52487.0,32768.0,41268.75,31701.04201680672,51561.589167701124,40909.87171093318,44725.0,
store_59,2015-05-25,2015-05-18,34262.0,50476.0,42811.416666666664,50490.93495934959,32996.328058146406,41075.43539390144,32218.0,
store_59,2015-06-01,2015-05-18,48733.0,50476.0,42811.416666666664,50505.86991869919,47186.85024626046,41075.43539390144,52575.0,
store_59,2015-06-08,2015-05-18,38367.0,50476.0,42811.416666666664,50520.80487804878,38341.321668119235,41075.43539390144,31485.0,
store_59,2015-06-15,2015-05-18,52487.0,50476.0,42811.416666666664,50535.739837398374,51636.44517631928,41075.43539390144,44725.0,
store_59,2015-06-22,2015-05-18,35571.0,50476.0,42811.416666666664,50550.67479674797,35171.55604088241,41075.43539390144,33363.0,
store_59,2015-06-29,2015-05-18,55597.0,50476.0,42811.416666666664,50565.60975609756,48422.46236236407,41075.43539390144,55457.0,
store_59,2015-07-06,2015-05-18,39045.0,50476.0,42811.416666666664,50580.544715447155,36642.46245293089,41075.43539390144,36671.0,
store_59,2015-07-13,2015-05-18,49993.0,50476.0,42811.416666666664,50595.47967479675,48431.84451638799,41075.43539390144,46004.0,
store_6,2015-02-02,2015-01-26,35267.0,34757.0,34304.833333333336,34761.542056074766,36767.59681622312,34020.23161477489,35813.0,
store_6,2015-02-09,2015-01-26,29916.0,34757.0,34304.833333333336,34766.08411214953,31806.61639970533,34055.64078999078,28699.0,
store_6,2015-02-16,2015-01-26,37758.0,34757.0,34304.833333333336,34770.6261682243,37508.748568473275,34091.049965206665,34928.0,
store_6,2015-02-23,2015-01-26,30018.0,34757.0,34304.833333333336,34775.168224299065,31435.480573881527,34126.45914042255,30336.0,
store_6,2015-03-02,2015-01-26,36779.0,34757.0,34304.833333333336,34779.71028037383,37855.94014746973,34161.86831563843,36196.0,
store_6,2015-03-09,2015-01-26,31912.0,34757.0,34304.833333333336,34784.2523364486,31794.64427629165,34197.277490854314,29856.0,
store_6,2015-03-16,2015-01-26,37950.0,34757.0,34304.833333333336,34788.79439252336,39352.455574178566,34232.6866660702,32478.0,
store_6,2015-03-23,2015-01-26,29579.0,34757.0,34304.833333333336,34793.33644859813,29169.562935484522,34268.095841286085,28069.0,
store_6,2015-03-02,2015-02-23,36779.0,30018.0,32754.833333333332,29979.684684684686,36954.08939318486,34021.04163996619,36196.0,
store_6,2015-03-09,2015-02-23,31912.0,30018.0,32754.833333333332,29941.369369369368,30799.950180309002,34054.634544934,29856.0,
store_6,2015-03-16,2015-02-23,37950.0,30018.0,32754.833333333332,29903.054054054053,38416.25306814038,34088.22744990182,32478.0,
store_6,2015-03-23,2015-02-23,29579.0,30018.0,32754.833333333332,29864.73873873874,28196.850977982052,34121.82035486963,28069.0,
store_6,2015-03-30,2015-02-23,32132.0,30018.0,32754.833333333332,29826.423423423425,31747.353062547794,34155.41325983744,38543.0,
store_6,2015-04-06,2015-02-23,24839.0,30018.0,32754.833333333332,29788.108108108107,23735.860261370886,34189.00616480526,27085.0,
store_6,2015-04-13,2015-02-23,39635.0,30018.0,32754.833333333332,29749.792792792792,36954.08939318486,34222.599069773074,30572.0,
store_6,2015-04-20,2015-02-23,30788.0,30018.0,32754.833333333332,29711.477477477478,30425.636279520382,34256.19197474089,24954.0,
store_6,2015-03-30,2015-03-23,32132.0,29579.0,33304.083333333336,29538.2,32322.826363863584,34145.80637768482,38543.0,
store_6,2015-04-06,2015-03-23,24839.0,29579.0,33304.083333333336,29497.4,24324.823300895558,34179.210062941886,27085.0,
store_6,2015-04-13,2015-03-23,39635.0,29579.0,33304.083333333336,29456.6,37523.24976062261,34212.61374819894,30572.0,
store_6,2015-04-20,2015-03-23,30788.0,29579.0,33304.083333333336,29415.8,31035.275270265323,34246.01743345601,24954.0,
store_6,2015-04-27,2015-03-23,35022.0,29579.0,33304.083333333336,29375.0,34214.28101537243,34279.42111871307,34862.0,
store_6,2015-05-04,2015-03-23,38848.0,29579.0,33304.083333333336,29334.2,38038.26941425186,34312.824803970136,38381.0,
store_6,2015-05-11,2015-03-23,28220.0,29579.0,33304.083333333336,29293.4,28440.353338872752,34346.2284892272,29185.0,
store_6,2015-05-18,2015-03-23,37538.0,29579.0,33304.083333333336,29252.6,36949.70514635365,34379.632174484264,36587.0,
store_6,2015-04-27,2015-04-20,35022.0,30788.0,33047.75,30758.731092436974,34711.449559115,34039.16606631362,34862.0,
store_6,2015-05-04,2015-04-20,38848.0,30788.0,33047.75,30729.462184873948,38565.09946879805,34069.35615230217,38381.0,
store_6,2015-05-11,2015-04-20,28220.0,30788.0,33047.75,30700.193277310926,28888.605479290403,34099.54623829072,29185.0,
store_6,2015-05-18,2015-04-20,37538.0,30788.0,33047.75,30670.9243697479,37496.161772034255,34129.73632427927,36587.0,
store_6,2015-05-25,2015-04-20,29114.0,30788.0,33047.75,30641.655462184874,28911.593386747692,34159.92641026782,28651.0,
store_6,2015-06-01,2015-04-20,39467.0,30788.0,33047.75,30612.386554621848,38840.954358285475,34190.11649625637,40915.0,
store_6,2015-06-08,2015-04-20,33922.0,30788.0,33047.75,30583.117647058825,33175.94697627916,34220.30658224492,26906.0,
store_6,2015-06-15,2015-04-20,37677.0,30788.0,33047.75,30553.8487394958,37220.30688254682,34250.49666823347,34821.0,
store_6,2015-05-25,2015-05-18,29114.0,37538.0,33603.5,37564.560975609755,28801.822627809168,34219.50616897556,28651.0,
store_6,2015-06-01,2015-05-18,39467.0,37538.0,33603.5,37591.12195121951,38774.124359456175,34250.495101204004,40915.0,
store_6,2015-06-08,2015-05-18,33922.0,37538.0,33603.5,37617.68292682927,33085.26164386831,34281.48403343245,26906.0,
store_6,2015-06-15,2015-05-18,37677.0,37538.0,33603.5,37644.243902439026,37153.032642258615,34312.47296566089,34821.0,
store_6,2015-06-22,2015-05-18,28788.0,37538.0,33603.5,37670.80487804878,29567.147704418247,34343.461897889334,29813.0,
store_6,2015-06-29,2015-05-18,41870.0,37538.0,33603.5,37697.365853658535,39636.40718775277,34374.45083011778,35701.0,
store_6,2015-07-06,2015-05-18,31738.0,37538.0,33603.5,37723.92682926829,31832.077266743938,34405.43976234622,28717.0,
store_6,2015-07-13,2015-05-18,38063.0,37538.0,33603.5,37750.48780487805,36543.686110262344,34436.428694574664,37992.0,
store_60,2015-02-02,2015-01-26,34822.0,34783.0,33831.916666666664,34843.96261682243,35328.0,32895.821989053096,34023.0,
store_60,2015-02-09,2015-01-26,27267.0,34783.0,33831.916666666664,34904.92523364486,26624.0,32967.73174719299,24538.0,
store_60,2015-02-16,2015-01-26,35616.0,34783.0,33831.916666666664,34965.88785046729,33792.0,33039.6415053329,32622.0,
store_60,2015-02-23,2015-01-26,26657.0,34783.0,33831.916666666664,35026.85046728972,26112.0,33111.55126347279,23631.0,
store_60,2015-03-02,2015-01-26,35824.0,34783.0,33831.916666666664,35087.81308411215,35840.0,33183.4610216127,33936.0,
store_60,2015-03-09,2015-01-26,27319.0,34783.0,33831.916666666664,35148.77570093458,25088.0,33255.3707797526,23320.0,
store_60,2015-03-16,2015-01-26,35921.0,34783.0,33831.916666666664,35209.73831775701,34304.0,33327.2805378925,31380.0,
store_60,2015-03-23,2015-01-26,27226.0,34783.0,33831.916666666664,35270.700934579436,26624.0,33399.1902960324,25178.0,
store_60,2015-03-02,2015-02-23,35824.0,26657.0,32603.916666666668,26642.558558558558,35712.0,32938.65860104245,33936.0,
store_60,2015-03-09,2015-02-23,27319.0,26657.0,32603.916666666668,26628.117117117115,25472.0,33007.09067244005,23320.0,
store_60,2015-03-16,2015-02-23,35921.0,26657.0,32603.916666666668,26613.675675675677,34944.0,33075.522743837646,31380.0,
store_60,2015-03-23,2015-02-23,27226.0,26657.0,32603.916666666668,26599.234234234234,27264.0,33143.95481523524,25178.0,
store_60,2015-03-30,2015-02-23,39879.0,26657.0,32603.916666666668,26584.792792792792,37760.0,33212.38688663284,33521.0,
store_60,2015-04-06,2015-02-23,23935.0,26657.0,32603.916666666668,26570.35135135135,24576.0,33280.81895803044,25253.0,
store_60,2015-04-13,2015-02-23,35907.0,26657.0,32603.916666666668,26555.90990990991,36096.0,33349.25102942804,35504.0,
store_60,2015-04-20,2015-02-23,26724.0,26657.0,32603.916666666668,26541.46846846847,25600.0,33417.683100825634,19902.0,
store_60,2015-03-30,2015-03-23,39879.0,27226.0,31653.666666666668,27217.008695652174,38016.0,33006.90370409209,33521.0,
store_60,2015-04-06,2015-03-23,23935.0,27226.0,31653.666666666668,27208.017391304347,24704.0,33072.72557076838,25253.0,
store_60,2015-04-13,2015-03-23,35907.0,27226.0,31653.666666666668,27199.02608695652,36224.0,33138.54743744467,35504.0,
store_60,2015-04-20,2015-03-23,26724.0,27226.0,31653.666666666668,27190.034782608695,25728.0,33204.36930412096,19902.0,
store_60,2015-04-27,2015-03-23,35923.0,27226.0,31653.666666666668,27181.043478260868,33280.0,33270.191170797254,31253.0,
store_60,2015-05-04,2015-03-23,37435.0,27226.0,31653.666666666668,27172.05217391304,36352.0,33336.013037473545,35166.0,
store_60,2015-05-11,2015-03-23,25852.0,27226.0,31653.666666666668,27163.06086956522,25472.0,33401.83490414984,23974.0,
store_60,2015-05-18,2015-03-23,36421.0,27226.0,31653.666666666668,27154.069565217393,35712.0,33467.65677082613,31930.0,
store_60,2015-04-27,2015-04-20,35923.0,26724.0,31424.75,26711.092436974788,32512.0,33130.89524013684,31253.0,
store_60,2015-05-04,2015-04-20,37435.0,26724.0,31424.75,26698.18487394958,35584.0,33194.864544855904,35166.0,
store_60,2015-05-11,2015-04-20,25852.0,26724.0,31424.75,26685.277310924368,25088.0,33258.83384957498,23974.0,
store_60,2015-05-18,2015-04-20,36421.0,26724.0,31424.75,26672.36974789916,35584.0,33322.803154294044,31930.0,
store_60,2015-05-25,2015-04-20,25955.0,26724.0,31424.75,26659.462184873948,24320.0,33386.77245901312,23424.0,
store_60,2015-06-01,2015-04-20,36461.0,26724.0,31424.75,26646.55462184874,35072.0,33450.74176373219,37155.0,
store_60,2015-06-08,2015-04-20,28738.0,26724.0,31424.75,26633.647058823528,27904.0,33514.71106845126,23194.0,
store_60,2015-06-15,2015-04-20,37755.0,26724.0,31424.75,26620.73949579832,36352.0,33578.68037317033,30776.0,
store_60,2015-05-25,2015-05-18,25955.0,36421.0,32363.833333333332,36487.349593495936,23808.0,33418.49395994539,23424.0,
store_60,2015-06-01,2015-05-18,36461.0,36421.0,32363.833333333332,36553.69918699187,34816.0,33482.72050447581,37155.0,
store_60,2015-06-08,2015-05-18,28738.0,36421.0,32363.833333333332,36620.04878048781,27904.0,33546.94704900623,23194.0,
store_60,2015-06-15,2015-05-18,37755.0,36421.0,32363.833333333332,36686.39837398374,36096.0,33611.17359353665,30776.0,
store_60,2015-06-22,2015-05-18,28088.0,36421.0,32363.833333333332,36752.74796747968,27904.0,33675.400138067074,25979.0,
store_60,2015-06-29,2015-05-18,42804.0,36421.0,32363.833333333332,36819.09756097561,39680.0,33739.626682597496,36694.0,
store_60,2015-07-06,2015-05-18,29127.0,36421.0,32363.833333333332,36885.44715447154,27136.0,33803.85322712792,26406.0,
store_60,2015-07-13,2015-05-18,37591.0,36421.0,32363.833333333332,36951.79674796748,36096.0,33868.07977165834,32938.0,
store_61,2015-02-02,2015-01-26,50099.0,50202.0,48187.5,50241.18691588785,49217.9955934242,46719.84615805295,49090.0,
store_61,2015-02-09,2015-01-26,38324.0,50202.0,48187.5,50280.3738317757,37458.65189097459,46785.92422590906,37780.0,
store_61,2015-02-16,2015-01-26,47439.0,50202.0,48187.5,50319.56074766355,47144.48375400023,46852.002293765174,46145.0,
store_61,2015-02-23,2015-01-26,43848.0,50202.0,48187.5,50358.7476635514,43410.88776823888,46918.08036162129,42245.0,
store_61,2015-03-02,2015-01-26,51858.0,50202.0,48187.5,50397.93457943925,50709.30181807669,46984.1584294774,48961.0,
store_61,2015-03-09,2015-01-26,40703.0,50202.0,48187.5,50437.121495327105,37766.331924872444,47050.23649733351,34770.0,
store_61,2015-03-16,2015-01-26,50573.0,50202.0,48187.5,50476.30841121495,49622.554003188394,47116.31456518963,45711.0,
store_61,2015-03-23,2015-01-26,38622.0,50202.0,48187.5,50515.495327102806,38065.306835876196,47182.39263304574,36109.0,
store_61,2015-03-02,2015-02-23,51858.0,43848.0,45822.166666666664,43828.53153153153,50907.57970717159,46669.11663269468,48961.0,
store_61,2015-03-09,2015-02-23,40703.0,43848.0,45822.166666666664,43809.06306306306,37806.07389842678,46730.877889203715,34770.0,
store_61,2015-03-16,2015-02-23,50573.0,43848.0,45822.166666666664,43789.59459459459,49656.194077878376,46792.639145712754,45711.0,
store_61,2015-03-23,2015-02-23,38622.0,43848.0,45822.166666666664,43770.126126126124,38111.98278541354,46854.40040222179,36109.0,
store_61,2015-03-30,2015-02-23,57932.0,43848.0,45822.166666666664,43750.657657657655,55945.9011175942,46916.16165873083,52670.0,
store_61,2015-04-06,2015-02-23,33070.0,43848.0,45822.166666666664,43731.18918918919,34274.621458879825,46977.92291523987,38886.0,
store_61,2015-04-13,2015-02-23,47555.0,43848.0,45822.166666666664,43711.72072072072,50205.37454170909,47039.68417174891,50040.0,
store_61,2015-04-20,2015-02-23,35989.0,43848.0,45822.166666666664,43692.252252252256,34959.0964864351,47101.445428257946,28129.0,
store_61,2015-03-30,2015-03-23,57932.0,38622.0,45286.0,38557.7652173913,56277.791896485396,46701.81237295535,52670.0,
store_61,2015-04-06,2015-03-23,33070.0,38622.0,45286.0,38493.53043478261,34377.04057140709,46760.55984696678,38886.0,
store_61,2015-04-13,2015-03-23,47555.0,38622.0,45286.0,38429.29565217391,50289.28297762902,46819.307320978216,50040.0,
store_61,2015-04-20,2015-03-23,35989.0,38622.0,45286.0,38365.06086956522,35022.958059349316,46878.05479498965,28129.0,
store_61,2015-04-27,2015-03-23,50633.0,38622.0,45286.0,38300.82608695652,46403.52091360397,46936.802269001084,45867.0,
store_61,2015-05-04,2015-03-23,50531.0,38622.0,45286.0,38236.59130434783,50278.199686039654,46995.54974301252,49298.0,
store_61,2015-05-11,2015-03-23,35386.0,38622.0,45286.0,38172.35652173913,35596.96351354219,47054.29721702396,35632.0,
store_61,2015-05-18,2015-03-23,51262.0,38622.0,45286.0,38108.12173913044,50699.70342306946,47113.04469103539,47669.0,
store_61,2015-04-27,2015-04-20,50633.0,35989.0,44667.666666666664,35904.79831932773,47326.24318632359,46689.53902460435,45867.0,
store_61,2015-05-04,2015-04-20,50531.0,35989.0,44667.666666666664,35820.596638655465,50216.32443543346,46745.06792675543,49298.0,
store_61,2015-05-11,2015-04-20,35386.0,35989.0,44667.666666666664,35736.39495798319,35632.559896224695,46800.59682890651,35632.0,
store_61,2015-05-18,2015-04-20,51262.0,35989.0,44667.666666666664,35652.19327731092,50718.73541271164,46856.12573105759,47669.0,
store_61,2015-05-25,2015-04-20,40624.0,35989.0,44667.666666666664,35567.991596638654,40587.739318320055,46911.65463320867,39831.0,
store_61,2015-06-01,2015-04-20,48929.0,35989.0,44667.666666666664,35483.78991596639,51201.972536206624,46967.183535359756,53104.0,
store_61,2015-06-08,2015-04-20,39380.0,35989.0,44667.666666666664,35399.58823529412,39497.61420241419,47022.71243751083,34615.0,
store_61,2015-06-15,2015-04-20,50909.0,35989.0,44667.666666666664,35315.38655462185,49935.02985646473,47078.241339661916,47768.0,
store_61,2015-05-25,2015-05-18,40624.0,51262.0,45342.833333333336,51304.70731707317,40950.361849081695,46864.5733631156,39831.0,
store_61,2015-06-01,2015-05-18,48929.0,51262.0,45342.833333333336,51347.41463414634,51417.14507474395,46919.56502479773,53104.0,
store_61,2015-06-08,2015-05-18,39380.0,51262.0,45342.833333333336,51390.12195121951,39574.093779184215,46974.55668647986,34615.0,
store_61,2015-06-15,2015-05-18,50909.0,51262.0,45342.833333333336,51432.829268292684,50003.539061821575,47029.548348161996,47768.0,
store_61,2015-06-22,2015-05-18,34370.0,51262.0,45342.833333333336,51475.53658536585,35512.67170133095,47084.540009844124,36276.0,
store_61,2015-06-29,2015-05-18,58293.0,51262.0,45342.833333333336,51518.243902439026,55687.25158109231,47139.53167152625,53680.0,
store_61,2015-07-06,2015-05-18,41324.0,51262.0,45342.833333333336,51560.95121951219,43248.92321229445,47194.52333320838,41719.0,
store_61,2015-07-13,2015-05-18,55887.0,51262.0,45342.833333333336,51603.65853658537,54233.11062106848,47249.51499489051,48006.0,
store_62,2015-02-02,2015-01-26,47954.0,47988.0,43211.666666666664,47948.91588785047,49120.10568868599,40200.34271294093,50171.0,
store_62,2015-02-09,2015-01-26,32433.0,47988.0,43211.666666666664,47909.831775700935,34885.75964948154,40200.34271294093,31652.0,
store_62,2015-02-16,2015-01-26,45307.0,47988.0,43211.666666666664,47870.7476635514,45938.10413996159,40200.34271294093,43834.0,
store_62,2015-02-23,2015-01-26,37409.0,47988.0,43211.666666666664,47831.66355140187,36832.48786970849,40200.34271294093,35114.0,
store_62,2015-03-02,2015-01-26,52591.0,47988.0,43211.666666666664,47792.57943925234,53748.47157773966,40200.34271294093,57082.0,
store_62,2015-03-09,2015-01-26,30774.0,47988.0,43211.666666666664,47753.495327102806,32962.48598612477,40200.34271294093,33463.0,
store_62,2015-03-16,2015-01-26,46549.0,47988.0,43211.666666666664,47714.411214953274,47884.832360188564,40200.34271294093,45513.0,
store_62,2015-03-23,2015-01-26,29234.0,47988.0,43211.666666666664,47675.32710280374,31664.667172640126,40200.34271294093,29111.0,
store_62,2015-03-02,2015-02-23,52591.0,37409.0,41322.666666666664,37276.01801801802,53599.77057918793,40211.40477923403,57082.0,
store_62,2015-03-09,2015-02-23,30774.0,37409.0,41322.666666666664,37143.036036036036,32608.43524671707,40211.40477923403,33463.0,
store_62,2015-03-16,2015-02-23,46549.0,37409.0,41322.666666666664,37010.05405405405,47510.83865520257,40211.40477923403,45513.0,
store_62,2015-03-23,2015-02-23,29234.0,37409.0,41322.666666666664,36877.07207207207,31249.29246426255,40211.40477923403,29111.0,
store_62,2015-03-30,2015-02-23,54526.0,37409.0,41322.666666666664,36744.09009009009,51183.383440100835,40211.40477923403,58053.0,
store_62,2015-04-06,2015-02-23,30434.0,37409.0,41322.666666666664,36611.10810810811,31962.586502492395,40211.40477923403,33740.0,
store_62,2015-04-13,2015-02-23,47318.0,37409.0,41322.666666666664,36478.126126126124,48059.60675188743,40211.40477923403,48380.0,
store_62,2015-04-20,2015-02-23,29247.0,37409.0,41322.666666666664,36345.14414414414,31236.374943207225,40211.40477923403,27768.0,
store_62,2015-03-30,2015-03-23,54526.0,29234.0,40718.166666666664,29034.55652173913,50036.695095235715,40200.4070718049,58053.0,
store_62,2015-04-06,2015-03-23,30434.0,29234.0,40718.166666666664,28835.11304347826,30947.783983536407,40200.4070718049,33740.0,
store_62,2015-04-13,2015-03-23,47318.0,29234.0,40718.166666666664,28635.66956521739,47130.74109188715,40200.4070718049,48380.0,
store_62,2015-04-20,2015-03-23,29247.0,29234.0,40718.166666666664,28436.22608695652,30275.15669180929,40200.4070718049,27768.0,
store_62,2015-04-27,2015-03-23,49967.0,29234.0,40718.166666666664,28236.782608695652,48036.1962570053,40200.4070718049,52242.0,
store_62,2015-05-04,2015-03-23,53996.0,29234.0,40718.166666666664,28037.339130434782,51935.6907114973,40200.4070718049,51257.0,
store_62,2015-05-11,2015-03-23,30148.0,29234.0,40718.166666666664,27837.895652173913,32276.30487700805,40200.4070718049,33968.0,
store_62,2015-05-18,2015-03-23,47918.0,29234.0,40718.166666666664,27638.452173913043,47092.02229320022,40200.4070718049,47275.0,
store_62,2015-04-27,2015-04-20,49967.0,29247.0,40314.666666666664,29054.36974789916,49826.2890243121,40210.36808653789,52242.0,
store_62,2015-05-04,2015-04-20,53996.0,29247.0,40314.666666666664,28861.73949579832,52216.19665718796,40210.36808653789,51257.0,
store_62,2015-05-11,2015-04-20,30148.0,29247.0,40314.666666666664,28669.10924369748,32032.081065442824,40210.36808653789,33968.0,
store_62,2015-05-18,2015-04-20,47918.0,29247.0,40314.666666666664,28476.47899159664,48294.07498966346,40210.36808653789,47275.0,
store_62,2015-05-25,2015-04-20,34366.0,29247.0,40314.666666666664,28283.8487394958,36383.02193767498,40210.36808653789,40109.0,
store_62,2015-06-01,2015-04-20,48699.0,29247.0,40314.666666666664,28091.21848739496,52201.057184750156,40210.36808653789,55152.0,
store_62,2015-06-08,2015-04-20,35799.0,29247.0,40314.666666666664,27898.58823529412,34450.17260996045,40210.36808653789,29217.0,
store_62,2015-06-15,2015-04-20,49325.0,29247.0,40314.666666666664,27705.95798319328,48193.85544255418,40210.36808653789,48705.0,
store_62,2015-05-25,2015-05-18,34366.0,47918.0,41891.833333333336,47883.43089430894,36146.76445154929,40383.74961085565,40109.0,
store_62,2015-06-01,2015-05-18,48699.0,47918.0,41891.833333333336,47848.86178861788,51860.88847575685,40383.74961085565,55152.0,
store_62,2015-06-08,2015-05-18,35799.0,47918.0,41891.833333333336,47814.29268292683,34474.57043238491,40383.74961085565,29217.0,
store_62,2015-06-15,2015-05-18,49325.0,47918.0,41891.833333333336,47779.723577235774,48134.48922046182,40383.74961085565,48705.0,
store_62,2015-06-22,2015-05-18,30801.0,47918.0,41891.833333333336,47745.154471544716,29825.292381613013,40383.74961085565,32374.0,
store_62,2015-06-29,2015-05-18,54621.0,47918.0,41891.833333333336,47710.58536585366,50139.07035147847,40383.74961085565,56686.0,
store_62,2015-07-06,2015-05-18,36247.0,47918.0,41891.833333333336,47676.0162601626,34427.71598775941,40383.74961085565,21738.0,
store_62,2015-07-13,2015-05-18,46471.0,47918.0,41891.833333333336,47641.44715447154,46375.20952892628,40383.74961085565,0.0,
store_63,2015-02-02,2015-01-26,32685.0,31976.0,30224.666666666668,32158.682242990653,32695.982711031076,28387.953903902093,31770.0,
store_63,2015-02-09,2015-01-26,25684.0,31976.0,30224.666666666668,32341.364485981307,28500.115814366032,28399.24462494721,22232.0,
store_63,2015-02-16,2015-01-26,30567.0,31976.0,30224.666666666668,32524.046728971964,25510.89438721506,28410.084519970635,29806.0,
store_63,2015-02-23,2015-01-26,27556.0,31976.0,30224.666666666668,32706.728971962617,29717.90812305827,28420.491589957517,25692.0,
store_63,2015-03-02,2015-01-26,33568.0,31976.0,30224.666666666668,32889.411214953274,36107.432578934764,28430.483117133546,28498.0,
store_63,2015-03-09,2015-01-26,25000.0,31976.0,30224.666666666668,33072.09345794393,27666.39785489116,28440.075693664232,21602.0,
store_63,2015-03-16,2015-01-26,34215.0,31976.0,30224.666666666668,33254.77570093458,35513.00223300057,28449.28524920823,30366.0,
store_63,2015-03-23,2015-01-26,25935.0,31976.0,30224.666666666668,33437.457943925234,27205.18743602191,28458.127077370526,21931.0,
store_63,2015-03-02,2015-02-23,33568.0,27556.0,29077.416666666668,27692.27927927928,37344.87786852463,28537.917166180094,28498.0,
store_63,2015-03-09,2015-02-23,25000.0,27556.0,29077.416666666668,27828.558558558558,28007.595724791576,28548.294060380013,21602.0,
store_63,2015-03-16,2015-02-23,34215.0,27556.0,29077.416666666668,27964.837837837837,35411.292432202965,28558.265039906943,30366.0,
store_63,2015-03-23,2015-02-23,25935.0,27556.0,29077.416666666668,28101.117117117115,26643.411730623633,28567.845982991745,21931.0,
store_63,2015-03-30,2015-02-23,32541.0,27556.0,29077.416666666668,28237.396396396398,28740.822218167486,28577.052146753922,32203.0,
store_63,2015-04-06,2015-02-23,20716.0,27556.0,29077.416666666668,28373.675675675677,20559.834998890918,28585.898191497727,23951.0,
store_63,2015-04-13,2015-02-23,33581.0,27556.0,29077.416666666668,28509.954954954956,34710.3567136963,28594.39820405789,29301.0,
store_63,2015-04-20,2015-02-23,25026.0,27556.0,29077.416666666668,28646.234234234234,27381.393121054047,28602.56572023211,17258.0,
store_63,2015-03-30,2015-03-23,32541.0,25935.0,29328.583333333332,26052.44347826087,28731.83309149738,28681.73120042462,32203.0,
store_63,2015-04-06,2015-03-23,20716.0,25935.0,29328.583333333332,26169.88695652174,21748.781742609855,28691.472635938982,23951.0,
store_63,2015-04-13,2015-03-23,33581.0,25935.0,29328.583333333332,26287.33043478261,35691.12475749558,28700.84123264491,29301.0,
store_63,2015-04-20,2015-03-23,25026.0,25935.0,29328.583333333332,26404.77391304348,27711.848087129605,28709.851260387622,17258.0,
store_63,2015-04-27,2015-03-23,30726.0,25935.0,29328.583333333332,26522.217391304348,32485.901243275144,28718.516442855467,28976.0,
store_63,2015-05-04,2015-03-23,34879.0,25935.0,29328.583333333332,26639.660869565218,34775.0484600079,28726.849978483227,33792.0,
store_63,2015-05-11,2015-03-23,23773.0,25935.0,29328.583333333332,26757.104347826087,25200.89222384984,28734.86456055543,22933.0,
store_63,2015-05-18,2015-03-23,35453.0,25935.0,29328.583333333332,26874.547826086957,35321.03185407151,28742.572396540207,30557.0,
store_63,2015-04-27,2015-04-20,30726.0,25026.0,28922.833333333332,25131.85714285714,30188.03478769905,28639.306086061348,28976.0,
store_63,2015-05-04,2015-04-20,34879.0,25026.0,28922.833333333332,25237.714285714286,32916.602597040895,28647.144602760123,33792.0,
store_63,2015-05-11,2015-04-20,23773.0,25026.0,28922.833333333332,25343.571428571428,24506.826875643183,28654.679515746528,22933.0,
store_63,2015-05-18,2015-04-20,35453.0,25026.0,28922.833333333332,25449.428571428572,35701.11616407367,28661.922584288,30557.0,
store_63,2015-05-25,2015-04-20,23879.0,25026.0,28922.833333333332,25555.285714285714,23028.17993853491,28668.8851121886,24413.0,
store_63,2015-06-01,2015-04-20,27597.0,25026.0,28922.833333333332,25661.14285714286,29454.13933380762,28675.577965430162,35916.0,
store_63,2015-06-08,2015-04-20,26602.0,25026.0,28922.833333333332,25767.0,27292.57529903532,28682.011589130147,19105.0,
store_63,2015-06-15,2015-04-20,35088.0,25026.0,28922.833333333332,25872.85714285714,34270.25216516847,28688.196023842676,27578.0,
store_63,2015-05-25,2015-05-18,23879.0,35453.0,29617.75,35640.186991869916,22777.641259595897,28916.51145990408,24413.0,
store_63,2015-06-01,2015-05-18,27597.0,35453.0,29617.75,35827.37398373984,29191.887469426096,28924.89654681347,35916.0,
store_63,2015-06-08,2015-05-18,26602.0,35453.0,29617.75,36014.560975609755,26873.899149490248,28932.9710415629,19105.0,
store_63,2015-06-15,2015-05-18,35088.0,35453.0,29617.75,36201.74796747968,34278.15299568487,28940.746448802336,27578.0,
store_63,2015-06-22,2015-05-18,25422.0,35453.0,29617.75,36388.93495934959,25646.432816114237,28948.233847037794,23889.0,
store_63,2015-06-29,2015-05-18,37756.0,35453.0,29617.75,36576.12195121951,33920.62390434439,28955.443904416134,31986.0,
store_63,2015-07-06,2015-05-18,25924.0,35453.0,29617.75,36763.30894308943,26291.259432602317,28962.3868939252,22992.0,
store_63,2015-07-13,2015-05-18,33178.0,35453.0,29617.75,36950.49593495935,32319.58069171706,28969.072708030897,30447.0,
store_64,2015-02-02,2015-01-26,49470.0,47854.0,45918.333333333336,47877.411214953274,50465.356862814966,44883.84662553579,49052.0,
store_64,2015-02-09,2015-01-26,41053.0,47854.0,45918.333333333336,47900.82242990654,40128.76771905554,44932.73109228793,38948.0,
store_64,2015-02-16,2015-01-26,47868.0,47854.0,45918.333333333336,47924.233644859814,47840.36659336317,44981.61555904007,45420.0,
store_64,2015-02-23,2015-01-26,42057.0,47854.0,45918.333333333336,47947.64485981308,40226.95629055014,45030.50002579221,39588.0,
store_64,2015-03-02,2015-01-26,49865.0,47854.0,45918.333333333336,47971.056074766355,49119.815684461515,45079.38449254434,48251.0,
store_64,2015-03-09,2015-01-26,41467.0,47854.0,45918.333333333336,47994.46728971963,41089.62546790193,45128.268959296474,39326.0,
store_64,2015-03-16,2015-01-26,48579.0,47854.0,45918.333333333336,48017.878504672895,48185.610662319654,45177.153426048615,43245.0,
store_64,2015-03-23,2015-01-26,42471.0,47854.0,45918.333333333336,48041.28971962617,41952.709192959795,45226.03789280075,38446.0,
store_64,2015-03-02,2015-02-23,49865.0,42057.0,44643.833333333336,42027.342342342345,49167.81322092388,45060.14358972146,48251.0,
store_64,2015-03-09,2015-02-23,41467.0,42057.0,44643.833333333336,41997.68468468468,41123.897891199245,45108.845586302195,39326.0,
store_64,2015-03-16,2015-02-23,48579.0,42057.0,44643.833333333336,41968.02702702703,48171.15263795656,45157.54758288292,43245.0,
store_64,2015-03-23,2015-02-23,42471.0,42057.0,44643.833333333336,41938.36936936937,41928.688790886,45206.24957946365,38446.0,
store_64,2015-03-30,2015-02-23,45833.0,42057.0,44643.833333333336,41908.71171171171,45624.248393540336,45254.951576044376,50730.0,
store_64,2015-04-06,2015-02-23,34806.0,42057.0,44643.833333333336,41879.05405405405,33731.38150756778,45303.65357262511,35680.0,
store_64,2015-04-13,2015-02-23,50347.0,42057.0,44643.833333333336,41849.3963963964,49119.91254962611,45352.355569205836,43163.0,
store_64,2015-04-20,2015-02-23,41045.0,42057.0,44643.833333333336,41819.738738738735,41098.78753084356,45401.05756578656,32964.0,
store_64,2015-03-30,2015-03-23,45833.0,42471.0,45307.0,42445.973913043475,45636.03728660064,45271.67172885796,50730.0,
store_64,2015-04-06,2015-03-23,34806.0,42471.0,45307.0,42420.94782608696,33741.68397259706,45320.34890512576,35680.0,
store_64,2015-04-13,2015-03-23,50347.0,42471.0,45307.0,42395.921739130434,49127.47572052505,45369.02608139355,43163.0,
store_64,2015-04-20,2015-03-23,41045.0,42471.0,45307.0,42370.89565217392,41144.61144160089,45417.70325766135,32964.0,
store_64,2015-04-27,2015-03-23,46014.0,42471.0,45307.0,42345.86956521739,48019.199206158715,45466.380433929146,47450.0,
store_64,2015-05-04,2015-03-23,50852.0,42471.0,45307.0,42320.84347826087,50833.04573851664,45515.05761019694,46858.0,
store_64,2015-05-11,2015-03-23,37467.0,42471.0,45307.0,42295.81739130435,37811.49291455567,45563.73478646474,37781.0,
store_64,2015-05-18,2015-03-23,49419.0,42471.0,45307.0,42270.791304347826,49256.09382363566,45612.411962732534,46917.0,
store_64,2015-04-27,2015-04-20,46014.0,41045.0,44571.75,41008.83193277311,48089.53474125841,45175.803328001166,47450.0,
store_64,2015-05-04,2015-04-20,50852.0,41045.0,44571.75,40972.663865546216,50845.13031610746,45220.953821678486,46858.0,
store_64,2015-05-11,2015-04-20,37467.0,41045.0,44571.75,40936.49579831933,37835.53571879518,45266.1043153558,37781.0,
store_64,2015-05-18,2015-04-20,49419.0,41045.0,44571.75,40900.32773109244,49288.69205941366,45311.25480903312,46917.0,
store_64,2015-05-25,2015-04-20,38273.0,41045.0,44571.75,40864.15966386555,38137.32864641444,45356.40530271044,37582.0,
store_64,2015-06-01,2015-04-20,52233.0,41045.0,44571.75,40827.991596638654,51580.99974609641,45401.55579638776,52183.0,
store_64,2015-06-08,2015-04-20,42103.0,41045.0,44571.75,40791.82352941176,41682.25463761587,45446.70629006507,36688.0,
store_64,2015-06-15,2015-04-20,46290.0,41045.0,44571.75,40755.65546218488,44580.18145259603,45491.85678374239,44274.0,
store_64,2015-05-25,2015-05-18,38273.0,49419.0,44847.083333333336,49452.08943089431,38082.770633763845,45414.13892559071,37582.0,
store_64,2015-06-01,2015-05-18,52233.0,49419.0,44847.083333333336,49485.17886178862,51509.35307577137,45460.03007663162,52183.0,
store_64,2015-06-08,2015-05-18,42103.0,49419.0,44847.083333333336,49518.26829268293,41725.121604699656,45505.92122767253,36688.0,
store_64,2015-06-15,2015-05-18,46290.0,49419.0,44847.083333333336,49551.35772357724,44521.94463169624,45551.81237871344,44274.0,
store_64,2015-06-22,2015-05-18,39500.0,49419.0,44847.083333333336,49584.44715447154,38371.64425046913,45597.703529754355,37406.0,
store_64,2015-06-29,2015-05-18,53436.0,49419.0,44847.083333333336,49617.53658536585,51258.88781052896,45643.594680795264,48866.0,
store_64,2015-07-06,2015-05-18,43336.0,49419.0,44847.083333333336,49650.62601626016,41752.04897488776,45689.48583183617,38984.0,
store_64,2015-07-13,2015-05-18,49429.0,49419.0,44847.083333333336,49683.71544715447,47754.24863996711,45735.37698287708,46495.0,
store_65,2015-02-02,2015-01-26,43229.0,41899.0,41851.666666666664,41917.98130841122,45474.8385913822,39841.962823969305,43710.0,
store_65,2015-02-09,2015-01-26,36071.0,41899.0,41851.666666666664,41936.96261682243,35437.38080510462,39884.84676140558,33959.0,
store_65,2015-02-16,2015-01-26,40439.0,41899.0,41851.666666666664,41955.943925233645,39932.6062140734,39927.73069884185,38045.0,
store_65,2015-02-23,2015-01-26,36029.0,41899.0,41851.666666666664,41974.92523364486,33933.76984270576,39970.61463627812,32793.0,
store_65,2015-03-02,2015-01-26,42666.0,41899.0,41851.666666666664,41993.90654205607,42283.40519429601,40013.498573714394,42667.0,
store_65,2015-03-09,2015-01-26,35331.0,41899.0,41851.666666666664,42012.88785046729,33806.76461644974,40056.38251115067,32267.0,
store_65,2015-03-16,2015-01-26,40779.0,41899.0,41851.666666666664,42031.86915887851,41118.66625232564,40099.26644858694,37942.0,
store_65,2015-03-23,2015-01-26,34175.0,41899.0,41851.666666666664,42050.85046728972,33494.1519119654,40142.15038602321,32159.0,
store_65,2015-03-02,2015-02-23,42666.0,36029.0,39667.833333333336,35994.414414414416,42301.61587264401,39828.06460500688,42667.0,
store_65,2015-03-09,2015-02-23,35331.0,36029.0,39667.833333333336,35959.82882882883,33822.58967415597,39868.355071077254,32267.0,
store_65,2015-03-16,2015-02-23,40779.0,36029.0,39667.833333333336,35925.24324324324,41132.460994590234,39908.645537147626,37942.0,
store_65,2015-03-23,2015-02-23,34175.0,36029.0,39667.833333333336,35890.657657657655,33510.230759101345,39948.936003218,32159.0,
store_65,2015-03-30,2015-02-23,47287.0,36029.0,39667.833333333336,35856.07207207207,45503.14150601825,39989.22646928837,43745.0,
store_65,2015-04-06,2015-02-23,28757.0,36029.0,39667.833333333336,35821.48648648649,31054.850969825624,40029.51693535874,33783.0,
store_65,2015-04-13,2015-02-23,39388.0,36029.0,39667.833333333336,35786.9009009009,41264.328201754404,40069.80740142911,42406.0,
store_65,2015-04-20,2015-02-23,31413.0,36029.0,39667.833333333336,35752.31531531532,31849.405123647804,40110.097867499484,25397.0,
store_65,2015-03-30,2015-03-23,47287.0,34175.0,38657.333333333336,34125.495652173915,45537.33002921687,39760.40405786068,43745.0,
store_65,2015-04-06,2015-03-23,28757.0,34175.0,38657.333333333336,34075.99130434782,31089.923962758257,39797.494105656864,33783.0,
store_65,2015-04-13,2015-03-23,39388.0,34175.0,38657.333333333336,34026.48695652174,41296.772823406456,39834.58415345304,42406.0,
store_65,2015-04-20,2015-03-23,31413.0,34175.0,38657.333333333336,33976.98260869565,31882.08977142722,39871.67420124922,25397.0,
store_65,2015-04-27,2015-03-23,41675.0,34175.0,38657.333333333336,33927.47826086957,38987.168940240284,39908.7642490454,38701.0,
store_65,2015-05-04,2015-03-23,43496.0,34175.0,38657.333333333336,33877.973913043475,43327.29672776409,39945.85429684158,42851.0,
store_65,2015-05-11,2015-03-23,31318.0,34175.0,38657.333333333336,33828.46956521739,32474.970134029725,39982.944344637755,32789.0,
store_65,2015-05-18,2015-03-23,39934.0,34175.0,38657.333333333336,33778.965217391305,40107.56436259378,40020.03439243394,36608.0,
store_65,2015-04-27,2015-04-20,41675.0,31413.0,37963.666666666664,31341.949579831933,39167.12504921264,37530.13596805203,38701.0,
store_65,2015-05-04,2015-04-20,43496.0,31413.0,37963.666666666664,31270.899159663866,43282.41293728888,37530.13596805203,42851.0,
store_65,2015-05-11,2015-04-20,31318.0,31413.0,37963.666666666664,31199.8487394958,32436.92472244596,37530.13596805203,32789.0,
store_65,2015-05-18,2015-04-20,39934.0,31413.0,37963.666666666664,31128.798319327732,40093.73600032779,37530.13596805203,36608.0,
store_65,2015-05-25,2015-04-20,31438.0,31413.0,37963.666666666664,31057.747899159665,31856.56423256699,37530.13596805203,30440.0,
store_65,2015-06-01,2015-04-20,45767.0,31413.0,37963.666666666664,30986.697478991595,44444.97473848716,37530.13596805203,44643.0,
store_65,2015-06-08,2015-04-20,34502.0,31413.0,37963.666666666664,30915.647058823528,33865.4565977562,37530.13596805203,30148.0,
store_65,2015-06-15,2015-04-20,42723.0,31413.0,37963.666666666664,30844.59663865546,41128.60799388956,37530.13596805203,39428.0,
store_65,2015-05-25,2015-05-18,31438.0,39934.0,38018.25,39934.53658536585,31938.993009864404,37579.568768754354,30440.0,
store_65,2015-06-01,2015-05-18,45767.0,39934.0,38018.25,39935.07317073171,44496.32390118574,37579.568768754354,44643.0,
store_65,2015-06-08,2015-05-18,34502.0,39934.0,38018.25,39935.60975609756,34144.98967419273,37579.568768754354,30148.0,
store_65,2015-06-15,2015-05-18,42723.0,39934.0,38018.25,39936.14634146341,41153.50567509994,37579.568768754354,39428.0,
store_65,2015-06-22,2015-05-18,31117.0,39934.0,38018.25,39936.68292682927,31042.194443719785,37579.568768754354,30731.0,
store_65,2015-06-29,2015-05-18,49204.0,39934.0,38018.25,39937.21951219512,46914.60052424898,37579.568768754354,44660.0,
store_65,2015-07-06,2015-05-18,37149.0,39934.0,38018.25,39937.756097560974,35598.10646753806,37579.568768754354,33954.0,
store_65,2015-07-13,2015-05-18,45197.0,39934.0,38018.25,39938.29268292683,42473.25471720231,37579.568768754354,39989.0,
store_66,2015-02-02,2015-01-26,25825.0,25393.0,27237.666666666668,25370.88785046729,27136.0,24210.376061638002,27923.0,
store_66,2015-02-09,2015-01-26,22548.0,25393.0,27237.666666666668,25348.77570093458,22528.0,24210.376061638002,22857.0,
store_66,2015-02-16,2015-01-26,24038.0,25393.0,27237.666666666668,25326.66355140187,23040.0,24210.376061638002,25202.0,
store_66,2015-02-23,2015-01-26,21671.0,25393.0,27237.666666666668,25304.551401869157,21504.0,24210.376061638002,23153.0,
store_66,2015-03-02,2015-01-26,25830.0,25393.0,27237.666666666668,25282.439252336448,25088.0,24210.376061638002,27118.0,
store_66,2015-03-09,2015-01-26,21398.0,25393.0,27237.666666666668,25260.327102803738,20992.0,24210.376061638002,21068.0,
store_66,2015-03-16,2015-01-26,24827.0,25393.0,27237.666666666668,25238.21495327103,24064.0,24210.376061638002,22830.0,
store_66,2015-03-23,2015-01-26,20352.0,25393.0,27237.666666666668,25216.10280373832,20480.0,24210.376061638002,21798.0,
store_66,2015-03-02,2015-02-23,25830.0,21671.0,25024.166666666668,21616.153153153155,25088.0,23130.625127236846,27118.0,
store_66,2015-03-09,2015-02-23,21398.0,21671.0,25024.166666666668,21561.306306306305,20480.0,23130.625127236846,21068.0,
store_66,2015-03-16,2015-02-23,24827.0,21671.0,25024.166666666668,21506.45945945946,23296.0,23130.625127236846,22830.0,
store_66,2015-03-23,2015-02-23,20352.0,21671.0,25024.166666666668,21451.61261261261,19712.0,23130.625127236846,21798.0,
store_66,2015-03-30,2015-02-23,33373.0,21671.0,25024.166666666668,21396.765765765766,29696.0,23130.625127236846,27089.0,
store_66,2015-04-06,2015-02-23,18805.0,21671.0,25024.166666666668,21341.91891891892,20480.0,23130.625127236846,22727.0,
store_66,2015-04-13,2015-02-23,23689.0,21671.0,25024.166666666668,21287.07207207207,25344.0,23130.625127236846,31469.0,
store_66,2015-04-20,2015-02-23,20001.0,21671.0,25024.166666666668,21232.225225225226,16640.0,23130.625127236846,18416.0,
store_66,2015-03-30,2015-03-23,33373.0,20352.0,23450.25,20287.591304347825,31232.0,22508.72349036459,27089.0,
store_66,2015-04-06,2015-03-23,18805.0,20352.0,23450.25,20223.182608695653,20480.0,22508.72349036459,22727.0,
store_66,2015-04-13,2015-03-23,23689.0,20352.0,23450.25,20158.77391304348,25088.0,22508.72349036459,31469.0,
store_66,2015-04-20,2015-03-23,20001.0,20352.0,23450.25,20094.365217391303,16896.0,22508.72349036459,18416.0,
store_66,2015-04-27,2015-03-23,26038.0,20352.0,23450.25,20029.956521739132,25088.0,22508.72349036459,27726.0,
store_66,2015-05-04,2015-03-23,27836.0,20352.0,23450.25,19965.547826086957,27648.0,22508.72349036459,27682.0,
store_66,2015-05-11,2015-03-23,21718.0,20352.0,23450.25,19901.13913043478,23552.0,22508.72349036459,22405.0,
store_66,2015-05-18,2015-03-23,27391.0,20352.0,23450.25,19836.73043478261,26624.0,22508.72349036459,24009.0,
store_66,2015-04-27,2015-04-20,26038.0,20001.0,23529.75,19935.806722689074,25152.0,22477.66598319275,27726.0,
store_66,2015-05-04,2015-04-20,27836.0,20001.0,23529.75,19870.613445378152,27456.0,22477.66598319275,27682.0,
store_66,2015-05-11,2015-04-20,21718.0,20001.0,23529.75,19805.420168067227,23296.0,22477.66598319275,22405.0,
store_66,2015-05-18,2015-04-20,27391.0,20001.0,23529.75,19740.2268907563,26624.0,22477.66598319275,24009.0,
store_66,2015-05-25,2015-04-20,21249.0,20001.0,23529.75,19675.03361344538,20736.0,22477.66598319275,23612.0,
store_66,2015-06-01,2015-04-20,28920.0,20001.0,23529.75,19609.840336134454,28032.0,22477.66598319275,29610.0,
store_66,2015-06-08,2015-04-20,22745.0,20001.0,23529.75,19544.647058823528,23424.0,22477.66598319275,21195.0,
store_66,2015-06-15,2015-04-20,27357.0,20001.0,23529.75,19479.453781512606,26368.0,22477.66598319275,27864.0,
store_66,2015-05-25,2015-05-18,21249.0,27391.0,24271.5,27388.0081300813,21504.0,25058.46501847417,23612.0,
store_66,2015-06-01,2015-05-18,28920.0,27391.0,24271.5,27385.016260162603,27648.0,25058.46501847417,29610.0,
store_66,2015-06-08,2015-05-18,22745.0,27391.0,24271.5,27382.024390243903,24576.0,25058.46501847417,21195.0,
store_66,2015-06-15,2015-05-18,27357.0,27391.0,24271.5,27379.032520325203,26624.0,25058.46501847417,27864.0,
store_66,2015-06-22,2015-05-18,22344.0,27391.0,24271.5,27376.040650406503,23552.0,25058.46501847417,22346.0,
store_66,2015-06-29,2015-05-18,31398.0,27391.0,24271.5,27373.048780487807,30720.0,25058.46501847417,31331.0,
store_66,2015-07-06,2015-05-18,26352.0,27391.0,24271.5,27370.056910569107,25600.0,25058.46501847417,27847.0,
store_66,2015-07-13,2015-05-18,30955.0,27391.0,24271.5,27367.065040650406,31744.0,25058.46501847417,30883.0,
store_67,2015-02-02,2015-01-26,42721.0,43533.0,41947.666666666664,43531.990654205605,46145.14355918526,39223.47368427518,47239.0,
store_67,2015-02-09,2015-01-26,33029.0,43533.0,41947.666666666664,43530.98130841122,33212.82120197642,39223.47368427518,31365.0,
store_67,2015-02-16,2015-01-26,44075.0,43533.0,41947.666666666664,43529.97196261682,43188.46723805759,39223.47368427518,44220.0,
store_67,2015-02-23,2015-01-26,30903.0,43533.0,41947.666666666664,43528.96261682243,29312.18888426166,39223.47368427518,31129.0,
store_67,2015-03-02,2015-01-26,45757.0,43533.0,41947.666666666664,43527.95327102804,46661.73807183841,39223.47368427518,45138.0,
store_67,2015-03-09,2015-01-26,30598.0,43533.0,41947.666666666664,43526.943925233645,29264.015103970625,39223.47368427518,29959.0,
store_67,2015-03-16,2015-01-26,43152.0,43533.0,41947.666666666664,43525.93457943925,43131.280856079335,39223.47368427518,43390.0,
store_67,2015-03-23,2015-01-26,31874.0,43533.0,41947.666666666664,43524.92523364486,31420.505043119345,39223.47368427518,31405.0,
store_67,2015-03-02,2015-02-23,45757.0,30903.0,40204.166666666664,30788.243243243243,46643.22162827963,39172.70713421882,45138.0,
store_67,2015-03-09,2015-02-23,30598.0,30903.0,40204.166666666664,30673.486486486487,29244.698062035226,39172.70713421882,29959.0,
store_67,2015-03-16,2015-02-23,43152.0,30903.0,40204.166666666664,30558.72972972973,43112.121235173116,39172.70713421882,43390.0,
store_67,2015-03-23,2015-02-23,31874.0,30903.0,40204.166666666664,30443.972972972973,31401.444372574275,39172.70713421882,31405.0,
store_67,2015-03-30,2015-02-23,52399.0,30903.0,40204.166666666664,30329.216216216217,50354.87662867121,39172.70713421882,46664.0,
store_67,2015-04-06,2015-02-23,30550.0,30903.0,40204.166666666664,30214.45945945946,30497.482009747902,39172.70713421882,33014.0,
store_67,2015-04-13,2015-02-23,46313.0,30903.0,40204.166666666664,30099.702702702703,45864.328053641526,39172.70713421882,47056.0,
store_67,2015-04-20,2015-02-23,31931.0,30903.0,40204.166666666664,29984.945945945947,31869.44523817381,39172.70713421882,29173.0,
store_67,2015-03-30,2015-03-23,52399.0,31874.0,38525.083333333336,31771.678260869565,50343.29537594232,39127.66075155901,46664.0,
store_67,2015-04-06,2015-03-23,30550.0,31874.0,38525.083333333336,31669.35652173913,30538.340257848497,39127.66075155901,33014.0,
store_67,2015-04-13,2015-03-23,46313.0,31874.0,38525.083333333336,31567.034782608695,45893.30408127945,39127.66075155901,47056.0,
store_67,2015-04-20,2015-03-23,31931.0,31874.0,38525.083333333336,31464.71304347826,31864.60716628631,39127.66075155901,29173.0,
store_67,2015-04-27,2015-03-23,43462.0,31874.0,38525.083333333336,31362.391304347828,42605.707967080176,39127.66075155901,44953.0,
store_67,2015-05-04,2015-03-23,49711.0,31874.0,38525.083333333336,31260.069565217393,48453.432908728835,39127.66075155901,48129.0,
store_67,2015-05-11,2015-03-23,30975.0,31874.0,38525.083333333336,31157.747826086958,30314.413399941135,39127.66075155901,31915.0,
store_67,2015-05-18,2015-03-23,44434.0,31874.0,38525.083333333336,31055.426086956522,45697.24815516989,39127.66075155901,43938.0,
store_67,2015-04-27,2015-04-20,43462.0,31931.0,38608.5,31832.59663865546,42594.99670305552,39169.052173703305,44953.0,
store_67,2015-05-04,2015-04-20,49711.0,31931.0,38608.5,31734.193277310926,48488.99605042595,39169.052173703305,48129.0,
store_67,2015-05-11,2015-04-20,30975.0,31931.0,38608.5,31635.789915966387,30332.034577923485,39169.052173703305,31915.0,
store_67,2015-05-18,2015-04-20,44434.0,31931.0,38608.5,31537.386554621848,45757.66236660652,39169.052173703305,43938.0,
store_67,2015-05-25,2015-04-20,31975.0,31931.0,38608.5,31438.983193277312,30527.99663054112,39169.052173703305,32584.0,
store_67,2015-06-01,2015-04-20,43589.0,31931.0,38608.5,31340.579831932773,41397.61946729495,39169.052173703305,49461.0,
store_67,2015-06-08,2015-04-20,34167.0,31931.0,38608.5,31242.176470588234,33712.87446454522,39169.052173703305,32555.0,
store_67,2015-06-15,2015-04-20,47594.0,31931.0,38608.5,31143.7731092437,44620.45797614317,39169.052173703305,44205.0,
store_67,2015-05-25,2015-05-18,31975.0,44434.0,40096.333333333336,44440.44715447154,30577.158042945266,39260.88956427108,32584.0,
store_67,2015-06-01,2015-05-18,43589.0,44434.0,40096.333333333336,44446.89430894309,41635.7643430313,39260.88956427108,49461.0,
store_67,2015-06-08,2015-05-18,34167.0,44434.0,40096.333333333336,44453.34146341463,33608.25488391747,39260.88956427108,32555.0,
store_67,2015-06-15,2015-05-18,47594.0,44434.0,40096.333333333336,44459.78861788618,44525.1940069923,39260.88956427108,44205.0,
store_67,2015-06-22,2015-05-18,32543.0,44434.0,40096.333333333336,44466.23577235772,31896.451474754365,39260.88956427108,34860.0,
store_67,2015-06-29,2015-05-18,49540.0,44434.0,40096.333333333336,44472.68292682927,48635.32562234629,39260.88956427108,50257.0,
store_67,2015-07-06,2015-05-18,34572.0,44434.0,40096.333333333336,44479.13008130081,33248.367349340835,39260.88956427108,33143.0,
store_67,2015-07-13,2015-05-18,47222.0,44434.0,40096.333333333336,44485.577235772354,45659.42822626656,39260.88956427108,44821.0,
store_68,2015-02-02,2015-01-26,39121.0,38672.0,38712.083333333336,38670.15887850467,42198.598524653884,37567.36401780571,39751.0,
store_68,2015-02-09,2015-01-26,34063.0,38672.0,38712.083333333336,38668.31775700935,35686.01674947595,37567.36401780571,35058.0,
store_68,2015-02-16,2015-01-26,37621.0,38672.0,38712.083333333336,38666.47663551402,38772.04876269067,37567.36401780571,39130.0,
store_68,2015-02-23,2015-01-26,35120.0,38672.0,38712.083333333336,38664.63551401869,36040.98089648103,37567.36401780571,36488.0,
store_68,2015-03-02,2015-01-26,38863.0,38672.0,38712.083333333336,38662.79439252336,39986.16207625663,37567.36401780571,39670.0,
store_68,2015-03-09,2015-01-26,35576.0,38672.0,38712.083333333336,38660.95327102804,35357.41308390701,37567.36401780571,35282.0,
store_68,2015-03-16,2015-01-26,37774.0,38672.0,38712.083333333336,38659.11214953271,38839.97548168829,37567.36401780571,36774.0,
store_68,2015-03-23,2015-01-26,35738.0,38672.0,38712.083333333336,38657.27102803739,36033.632080273805,37567.36401780571,34315.0,
store_68,2015-03-02,2015-02-23,38863.0,35120.0,37184.333333333336,35086.22522522522,39316.7247669961,37029.251155936625,39670.0,
store_68,2015-03-09,2015-02-23,35576.0,35120.0,37184.333333333336,35052.45045045045,34718.80997573615,37029.251155936625,35282.0,
store_68,2015-03-16,2015-02-23,37774.0,35120.0,37184.333333333336,35018.67567567567,38192.50079574212,37029.251155936625,36774.0,
store_68,2015-03-23,2015-02-23,35738.0,35120.0,37184.333333333336,34984.9009009009,35393.46325647223,37029.251155936625,34315.0,
store_68,2015-03-30,2015-02-23,37360.0,35120.0,37184.333333333336,34951.126126126124,34963.51965714038,37029.251155936625,41573.0,
store_68,2015-04-06,2015-02-23,31247.0,35120.0,37184.333333333336,34917.35135135135,30847.894738083392,37029.251155936625,32752.0,
store_68,2015-04-13,2015-02-23,40762.0,35120.0,37184.333333333336,34883.576576576575,40305.27591652068,37029.251155936625,33937.0,
store_68,2015-04-20,2015-02-23,35229.0,35120.0,37184.333333333336,34849.801801801805,34167.244789338205,37029.251155936625,28945.0,
store_68,2015-03-30,2015-03-23,37360.0,35738.0,36790.916666666664,35710.77391304348,35129.8319635237,36956.5147955287,41573.0,
store_68,2015-04-06,2015-03-23,31247.0,35738.0,36790.916666666664,35683.54782608696,30887.441625563108,36956.5147955287,32752.0,
store_68,2015-04-13,2015-03-23,40762.0,35738.0,36790.916666666664,35656.321739130435,40318.72870058553,36956.5147955287,33937.0,
store_68,2015-04-20,2015-03-23,35229.0,35738.0,36790.916666666664,35629.09565217391,34222.91468195441,36956.5147955287,28945.0,
store_68,2015-04-27,2015-03-23,36782.0,35738.0,36790.916666666664,35601.86956521739,35777.67450414355,36956.5147955287,37794.0,
store_68,2015-05-04,2015-03-23,39026.0,35738.0,36790.916666666664,35574.64347826087,38787.58752588749,36956.5147955287,38846.0,
store_68,2015-05-11,2015-03-23,32470.0,35738.0,36790.916666666664,35547.41739130435,32093.556985183066,36956.5147955287,34422.0,
store_68,2015-05-18,2015-03-23,38534.0,35738.0,36790.916666666664,35520.19130434783,38891.553901947234,36956.5147955287,37562.0,
store_68,2015-04-27,2015-04-20,36782.0,35229.0,36539.5,35198.41176470588,36253.51673345601,36664.134874246774,37794.0,
store_68,2015-05-04,2015-04-20,39026.0,35229.0,36539.5,35167.82352941176,39083.172887853674,36664.134874246774,38846.0,
store_68,2015-05-11,2015-04-20,32470.0,35229.0,36539.5,35137.23529411765,32329.071028325783,36664.134874246774,34422.0,
store_68,2015-05-18,2015-04-20,38534.0,35229.0,36539.5,35106.64705882353,39185.828202700555,36664.134874246774,37562.0,
store_68,2015-05-25,2015-04-20,30947.0,35229.0,36539.5,35076.05882352941,31293.185578507193,36664.134874246774,33266.0,
store_68,2015-06-01,2015-04-20,40687.0,35229.0,36539.5,35045.470588235294,39811.0923931316,36664.134874246774,42773.0,
store_68,2015-06-08,2015-04-20,36387.0,35229.0,36539.5,35014.882352941175,34599.182602059234,36664.134874246774,30372.0,
store_68,2015-06-15,2015-04-20,37830.0,35229.0,36539.5,34984.294117647056,36124.83335999338,36664.134874246774,37941.0,
store_68,2015-05-25,2015-05-18,30947.0,38534.0,36613.416666666664,38531.276422764226,31129.701610265445,36681.84299760908,33266.0,
store_68,2015-06-01,2015-05-18,40687.0,38534.0,36613.416666666664,38528.55284552846,39750.44144211586,36681.84299760908,42773.0,
store_68,2015-06-08,2015-05-18,36387.0,38534.0,36613.416666666664,38525.829268292684,34503.47853365904,36681.84299760908,30372.0,
store_68,2015-06-15,2015-05-18,37830.0,38534.0,36613.416666666664,38523.10569105691,36030.16496585321,36681.84299760908,37941.0,
store_68,2015-06-22,2015-05-18,31939.0,38534.0,36613.416666666664,38520.382113821135,30783.202057396382,36681.84299760908,34226.0,
store_68,2015-06-29,2015-05-18,43487.0,38534.0,36613.416666666664,38517.65853658537,39599.74669877358,36681.84299760908,38812.0,
store_68,2015-07-06,2015-05-18,36735.0,38534.0,36613.416666666664,38514.93495934959,34588.24432678908,36681.84299760908,32997.0,
store_68,2015-07-13,2015-05-18,39790.0,38534.0,36613.416666666664,38512.21138211382,39260.68352625343,36681.84299760908,36709.0,
store_69,2015-02-02,2015-01-26,24332.0,24999.0,24411.25,24990.439252336448,26054.293854083247,22550.289543915682,25469.0,
store_69,2015-02-09,2015-01-26,20345.0,24999.0,24411.25,24981.8785046729,19957.293273324725,22550.289543915682,19133.0,
store_69,2015-02-16,2015-01-26,23474.0,24999.0,24411.25,24973.317757009347,22916.004483870343,22550.289543915682,25181.0,
store_69,2015-02-23,2015-01-26,20511.0,24999.0,24411.25,24964.757009345794,21262.998095526433,22550.289543915682,20899.0,
store_69,2015-03-02,2015-01-26,26845.0,24999.0,24411.25,24956.196261682242,26939.700594693917,22550.289543915682,26080.0,
store_69,2015-03-09,2015-01-26,20193.0,24999.0,24411.25,24947.635514018693,20642.292692566305,22550.289543915682,19579.0,
store_69,2015-03-16,2015-01-26,25047.0,24999.0,24411.25,24939.07476635514,25848.107335304536,22550.289543915682,24714.0,
store_69,2015-03-23,2015-01-26,19476.0,24999.0,24411.25,24930.51401869159,19936.702917728133,22550.289543915682,20033.0,
store_69,2015-03-02,2015-02-23,26845.0,20511.0,23009.25,20462.315315315314,26891.32484006833,22535.885438215188,26080.0,
store_69,2015-03-09,2015-02-23,20193.0,20511.0,23009.25,20413.630630630632,20587.728372714297,22535.885438215188,19579.0,
store_69,2015-03-16,2015-02-23,25047.0,20511.0,23009.25,20364.945945945947,25791.390471026105,22535.885438215188,24714.0,
store_69,2015-03-23,2015-02-23,19476.0,20511.0,23009.25,20316.26126126126,19917.386512860423,22535.885438215188,20033.0,
store_69,2015-03-30,2015-02-23,25956.0,20511.0,23009.25,20267.576576576575,24782.97786706196,22535.885438215188,26345.0,
store_69,2015-04-06,2015-02-23,17107.0,20511.0,23009.25,20218.891891891893,17348.80838431838,22535.885438215188,20121.0,
store_69,2015-04-13,2015-02-23,25778.0,20511.0,23009.25,20170.207207207208,25901.736380233644,22535.885438215188,24940.0,
store_69,2015-04-20,2015-02-23,18728.0,20511.0,23009.25,20121.522522522522,18963.685518139664,22535.885438215188,15985.0,
store_69,2015-03-30,2015-03-23,25956.0,19476.0,22901.166666666668,19420.008695652174,24762.8367537766,22547.98015515998,26345.0,
store_69,2015-04-06,2015-03-23,17107.0,19476.0,22901.166666666668,19364.017391304347,17346.78828896603,22547.98015515998,20121.0,
store_69,2015-04-13,2015-03-23,25778.0,19476.0,22901.166666666668,19308.02608695652,25883.523029580934,22547.98015515998,24940.0,
store_69,2015-04-20,2015-03-23,18728.0,19476.0,22901.166666666668,19252.034782608695,18915.270470932406,22547.98015515998,15985.0,
store_69,2015-04-27,2015-03-23,23462.0,19476.0,22901.166666666668,19196.043478260868,23742.916947662176,22547.98015515998,24337.0,
store_69,2015-05-04,2015-03-23,26233.0,19476.0,22901.166666666668,19140.05217391304,26176.33145702287,22547.98015515998,25646.0,
store_69,2015-05-11,2015-03-23,18175.0,19476.0,22901.166666666668,19084.06086956522,18521.821479030332,22547.98015515998,19219.0,
store_69,2015-05-18,2015-03-23,25111.0,19476.0,22901.166666666668,19028.069565217393,27104.383233089426,22547.98015515998,25475.0,
store_69,2015-04-27,2015-04-20,23462.0,18728.0,22316.0,18667.605042016807,23750.841898410883,22526.72044245434,24337.0,
store_69,2015-05-04,2015-04-20,26233.0,18728.0,22316.0,18607.210084033613,26187.27174409112,22526.72044245434,25646.0,
store_69,2015-05-11,2015-04-20,18175.0,18728.0,22316.0,18546.81512605042,18533.630614452737,22526.72044245434,19219.0,
store_69,2015-05-18,2015-04-20,25111.0,18728.0,22316.0,18486.420168067227,27118.27084137249,22526.72044245434,25475.0,
store_69,2015-05-25,2015-04-20,17841.0,18728.0,22316.0,18426.025210084033,18374.805948197878,22526.72044245434,18287.0,
store_69,2015-06-01,2015-04-20,24350.0,18728.0,22316.0,18365.63025210084,23856.232149074167,22526.72044245434,26415.0,
store_69,2015-06-08,2015-04-20,20162.0,18728.0,22316.0,18305.235294117647,20801.377766904363,22526.72044245434,17478.0,
store_69,2015-06-15,2015-04-20,24332.0,18728.0,22316.0,18244.840336134454,24738.14371240017,22526.72044245434,23055.0,
store_69,2015-05-25,2015-05-18,17841.0,25111.0,22675.916666666668,25104.463414634145,17064.640917483077,22550.286353826257,18287.0,
store_69,2015-06-01,2015-05-18,24350.0,25111.0,22675.916666666668,25097.926829268294,23097.809270352358,22550.286353826257,26415.0,
store_69,2015-06-08,2015-05-18,20162.0,25111.0,22675.916666666668,25091.39024390244,19815.632173087593,22550.286353826257,17478.0,
store_69,2015-06-15,2015-05-18,24332.0,25111.0,22675.916666666668,25084.853658536584,24528.020900174102,22550.286353826257,23055.0,
store_69,2015-06-22,2015-05-18,19593.0,25111.0,22675.916666666668,25078.317073170732,19079.74869069783,22550.286353826257,18608.0,
store_69,2015-06-29,2015-05-18,26340.0,25111.0,22675.916666666668,25071.780487804877,24053.838248598448,22550.286353826257,26810.0,
store_69,2015-07-06,2015-05-18,20056.0,25111.0,22675.916666666668,25065.243902439026,18611.620527650928,22550.286353826257,18684.0,
store_69,2015-07-13,2015-05-18,23628.0,25111.0,22675.916666666668,25058.70731707317,22845.046433560317,22550.286353826257,24164.0,
store_7,2015-02-02,2015-01-26,50544.0,47322.0,54743.666666666664,47289.11214953271,51124.007631580535,44599.39426517916,52833.0,
store_7,2015-02-09,2015-01-26,41234.0,47322.0,54743.666666666664,47256.22429906542,37942.24902685567,44599.39426517916,41811.0,
store_7,2015-02-16,2015-01-26,44626.0,47322.0,54743.666666666664,47223.33644859813,42161.68726065158,44599.39426517916,45498.0,
store_7,2015-02-23,2015-01-26,41172.0,47322.0,54743.666666666664,47190.44859813084,37557.07994500866,44599.39426517916,40896.0,
store_7,2015-03-02,2015-01-26,49386.0,47322.0,54743.666666666664,47157.56074766355,44108.42218165581,44599.39426517916,49742.0,
store_7,2015-03-09,2015-01-26,40586.0,47322.0,54743.666666666664,47124.67289719626,37608.70234547737,44599.39426517916,38376.0,
store_7,2015-03-16,2015-01-26,46833.0,47322.0,54743.666666666664,47091.785046728975,45219.95005060185,44599.39426517916,44694.0,
store_7,2015-03-23,2015-01-26,40915.0,47322.0,54743.666666666664,47058.897196261685,38822.075660827104,44599.39426517916,39849.0,
store_7,2015-03-02,2015-02-23,49386.0,41172.0,49139.75,41084.89189189189,45643.74055268766,43143.371350136615,49742.0,
store_7,2015-03-09,2015-02-23,40586.0,41172.0,49139.75,40997.78378378379,38649.82921692701,43143.371350136615,38376.0,
store_7,2015-03-16,2015-02-23,46833.0,41172.0,49139.75,40910.67567567567,46120.168480149194,43143.371350136615,44694.0,
store_7,2015-03-23,2015-02-23,40915.0,41172.0,49139.75,40823.56756756757,39650.13935579055,43143.371350136615,39849.0,
store_7,2015-03-30,2015-02-23,58855.0,41172.0,49139.75,40736.45945945946,52968.95109433664,43143.371350136615,53945.0,
store_7,2015-04-06,2015-02-23,34199.0,41172.0,49139.75,40649.35135135135,36443.87833700662,43143.371350136615,42112.0,
store_7,2015-04-13,2015-02-23,46872.0,41172.0,49139.75,40562.24324324324,51030.7264726602,43143.371350136615,56526.0,
store_7,2015-04-20,2015-02-23,36136.0,41172.0,49139.75,40475.13513513513,34193.39853084907,43143.371350136615,31507.0,
store_7,2015-03-30,2015-03-23,58855.0,40915.0,44052.083333333336,40828.68695652174,53617.414006015075,43249.02285556131,53945.0,
store_7,2015-04-06,2015-03-23,34199.0,40915.0,44052.083333333336,40742.37391304348,36831.11755046803,43249.02285556131,42112.0,
store_7,2015-04-13,2015-03-23,46872.0,40915.0,44052.083333333336,40656.06086956522,50991.18437038997,43249.02285556131,56526.0,
store_7,2015-04-20,2015-03-23,36136.0,40915.0,44052.083333333336,40569.747826086954,34222.26642538976,43249.02285556131,31507.0,
store_7,2015-04-27,2015-03-23,44537.0,40915.0,44052.083333333336,40483.434782608696,43381.76458763092,43249.02285556131,49148.0,
store_7,2015-05-04,2015-03-23,48295.0,40915.0,44052.083333333336,40397.12173913044,49373.53249485885,43249.02285556131,50741.0,
store_7,2015-05-11,2015-03-23,35662.0,40915.0,44052.083333333336,40310.80869565217,35580.699844588555,43249.02285556131,38826.0,
store_7,2015-05-18,2015-03-23,45297.0,40915.0,44052.083333333336,40224.495652173915,43500.18591980875,43249.02285556131,43604.0,
store_7,2015-04-27,2015-04-20,44537.0,36136.0,44279.833333333336,36012.42857142857,45521.042010280624,41233.1861559499,49148.0,
store_7,2015-05-04,2015-04-20,48295.0,36136.0,44279.833333333336,35888.857142857145,49913.37942379795,41233.1861559499,50741.0,
store_7,2015-05-11,2015-04-20,35662.0,36136.0,44279.833333333336,35765.28571428572,35207.035595471505,41233.1861559499,38826.0,
store_7,2015-05-18,2015-04-20,45297.0,36136.0,44279.833333333336,35641.71428571428,45300.83548543437,41233.1861559499,43604.0,
store_7,2015-05-25,2015-04-20,36377.0,36136.0,44279.833333333336,35518.142857142855,33732.668287798166,41233.1861559499,38911.0,
store_7,2015-06-01,2015-04-20,49888.0,36136.0,44279.833333333336,35394.57142857143,50721.34166577296,41233.1861559499,51151.0,
store_7,2015-06-08,2015-04-20,39435.0,36136.0,44279.833333333336,35271.0,39587.519632991774,41233.1861559499,35956.0,
store_7,2015-06-15,2015-04-20,45130.0,36136.0,44279.833333333336,35147.42857142857,44922.42278982582,41233.1861559499,47607.0,
store_7,2015-05-25,2015-05-18,36377.0,45297.0,43964.416666666664,45251.92682926829,33503.21115917062,42836.94444413551,38911.0,
store_7,2015-06-01,2015-05-18,49888.0,45297.0,43964.416666666664,45206.85365853659,50482.2758537685,42836.94444413551,51151.0,
store_7,2015-06-08,2015-05-18,39435.0,45297.0,43964.416666666664,45161.78048780488,39403.156297744004,42836.94444413551,35956.0,
store_7,2015-06-15,2015-05-18,45130.0,45297.0,43964.416666666664,45116.70731707317,44688.49109439402,42836.94444413551,47607.0,
store_7,2015-06-22,2015-05-18,35975.0,45297.0,43964.416666666664,45071.634146341465,33680.89974527538,42836.94444413551,38040.0,
store_7,2015-06-29,2015-05-18,53623.0,45297.0,43964.416666666664,45026.560975609755,53649.95358817077,42836.94444413551,54172.0,
store_7,2015-07-06,2015-05-18,39992.0,45297.0,43964.416666666664,44981.48780487805,40343.24130279242,42836.94444413551,42318.0,
store_7,2015-07-13,2015-05-18,51044.0,45297.0,43964.416666666664,44936.41463414634,48642.97910476073,42836.94444413551,47637.0,
store_70,2015-02-02,2015-01-26,54012.0,56103.0,50054.916666666664,56182.63551401869,54049.48494804313,49730.05491313649,53714.0,
store_70,2015-02-09,2015-01-26,36722.0,56103.0,50054.916666666664,56262.27102803739,36978.75506212737,49805.018512458264,37439.0,
store_70,2015-02-16,2015-01-26,51364.0,56103.0,50054.916666666664,56341.90654205607,50196.72869089933,49879.98211178003,49048.0,
store_70,2015-02-23,2015-01-26,40012.0,56103.0,50054.916666666664,56421.542056074766,38297.30148228991,49954.9457111018,37375.0,
store_70,2015-03-02,2015-01-26,55236.0,56103.0,50054.916666666664,56501.17757009346,52622.02998669713,50029.90931042357,51987.0,
store_70,2015-03-09,2015-01-26,40087.0,56103.0,50054.916666666664,56580.81308411215,36163.91409366776,50104.87290974534,34613.0,
store_70,2015-03-16,2015-01-26,54981.0,56103.0,50054.916666666664,56660.44859813084,53298.21324823017,50179.83650906711,49010.0,
store_70,2015-03-23,2015-01-26,39866.0,56103.0,50054.916666666664,56740.08411214953,39981.08502094541,50254.80010838888,36127.0,
store_70,2015-03-02,2015-02-23,55236.0,40012.0,47579.916666666664,39943.801801801805,53699.57625678055,49776.08437800138,51987.0,
store_70,2015-03-09,2015-02-23,40087.0,40012.0,47579.916666666664,39875.6036036036,36951.949632222415,49830.64500444813,34613.0,
store_70,2015-03-16,2015-02-23,54981.0,40012.0,47579.916666666664,39807.40540540541,53853.53436972471,49885.20563089489,49010.0,
store_70,2015-03-23,2015-02-23,39866.0,40012.0,47579.916666666664,39739.207207207204,40525.447705458006,49939.76625734164,36127.0,
store_70,2015-03-30,2015-02-23,68649.0,40012.0,47579.916666666664,39671.00900900901,63467.10997397022,49994.326883788395,57044.0,
store_70,2015-04-06,2015-02-23,29524.0,40012.0,47579.916666666664,39602.81081081081,28219.644900568564,50048.88751023515,36232.0,
store_70,2015-04-13,2015-02-23,55900.0,40012.0,47579.916666666664,39534.61261261261,58378.700637485665,50103.4481366819,56043.0,
store_70,2015-04-20,2015-02-23,39091.0,40012.0,47579.916666666664,39466.414414414416,37982.500893947894,50158.00876312866,28731.0,
store_70,2015-03-30,2015-03-23,68649.0,39866.0,47349.75,39798.90434782609,63128.3481023187,48844.24290095338,57044.0,
store_70,2015-04-06,2015-03-23,29524.0,39866.0,47349.75,39731.80869565217,28011.915071780415,48863.2821636812,36232.0,
store_70,2015-04-13,2015-03-23,55900.0,39866.0,47349.75,39664.71304347826,58485.14150061641,48882.32142640902,56043.0,
store_70,2015-04-20,2015-03-23,39091.0,39866.0,47349.75,39597.617391304346,38186.634554687014,48901.36068913685,28731.0,
store_70,2015-04-27,2015-03-23,57402.0,39866.0,47349.75,39530.52173913043,54641.72230458421,48920.39995186467,53631.0,
store_70,2015-05-04,2015-03-23,58169.0,39866.0,47349.75,39463.42608695652,57711.57541457696,48939.43921459249,53509.0,
store_70,2015-05-11,2015-03-23,36945.0,39866.0,47349.75,39396.330434782605,37366.00117654543,48958.47847732031,35805.0,
store_70,2015-05-18,2015-03-23,55987.0,39866.0,47349.75,39329.2347826087,56444.42814307196,48977.517740048126,51169.0,
store_70,2015-04-27,2015-04-20,57402.0,39091.0,47120.333333333336,39019.64705882353,55674.84783642784,49120.78081822017,53631.0,
store_70,2015-05-04,2015-04-20,58169.0,39091.0,47120.333333333336,38948.294117647056,58031.87836992895,49131.01857591568,53509.0,
store_70,2015-05-11,2015-04-20,36945.0,39091.0,47120.333333333336,38876.94117647059,37519.99040934087,49141.256333611185,35805.0,
store_70,2015-05-18,2015-04-20,55987.0,39091.0,47120.333333333336,38805.58823529412,56625.34713722138,49151.49409130669,51169.0,
store_70,2015-05-25,2015-04-20,42240.0,39091.0,47120.333333333336,38734.23529411765,40642.09646397343,49161.7318490022,37946.0,
store_70,2015-06-01,2015-04-20,57963.0,39091.0,47120.333333333336,38662.882352941175,56460.763859989805,49171.969606697705,57683.0,
store_70,2015-06-08,2015-04-20,39229.0,39091.0,47120.333333333336,38591.529411764706,39035.01248822735,49182.207364393216,36578.0,
store_70,2015-06-15,2015-04-20,58014.0,39091.0,47120.333333333336,38520.17647058824,57462.10259637104,49192.44512208872,53693.0,
store_70,2015-05-25,2015-05-18,42240.0,55987.0,49319.75,56055.333333333336,40418.00350497042,49501.98369256473,37946.0,
store_70,2015-06-01,2015-05-18,57963.0,55987.0,49319.75,56123.666666666664,56335.25126946696,49535.215807174034,57683.0,
store_70,2015-06-08,2015-05-18,39229.0,55987.0,49319.75,56192.0,39029.53525708003,49568.44792178333,36578.0,
store_70,2015-06-15,2015-05-18,58014.0,55987.0,49319.75,56260.333333333336,57452.18377595222,49601.68003639262,53693.0,
store_70,2015-06-22,2015-05-18,37441.0,55987.0,49319.75,56328.666666666664,37094.40178728182,49634.91215100192,36669.0,
store_70,2015-06-29,2015-05-18,62168.0,55987.0,49319.75,56397.0,62013.65410875379,49668.14426561122,60190.0,
store_70,2015-07-06,2015-05-18,44141.0,55987.0,49319.75,56465.333333333336,43947.31513425178,49701.376380220514,39780.0,
store_70,2015-07-13,2015-05-18,62009.0,55987.0,49319.75,56533.666666666664,59573.265401444834,49734.60849482981,51354.0,
store_71,2015-02-02,2015-01-26,39182.0,38452.0,38440.666666666664,38451.44859813084,41799.409312741154,34935.996202379516,42090.0,
store_71,2015-02-09,2015-01-26,32369.0,38452.0,38440.666666666664,38450.897196261685,32204.42425398592,34935.996202379516,31562.0,
store_71,2015-02-16,2015-01-26,37396.0,38452.0,38440.666666666664,38450.345794392524,37069.15059701504,34935.996202379516,37904.0,
store_71,2015-02-23,2015-01-26,31569.0,38452.0,38440.666666666664,38449.79439252336,29790.257917744348,34935.996202379516,30614.0,
store_71,2015-03-02,2015-01-26,38503.0,38452.0,38440.666666666664,38449.2429906542,37849.530825248614,34935.996202379516,39473.0,
store_71,2015-03-09,2015-01-26,32058.0,38452.0,38440.666666666664,38448.69158878505,30820.302741478423,34935.996202379516,28845.0,
store_71,2015-03-16,2015-01-26,37904.0,38452.0,38440.666666666664,38448.14018691589,38245.52734376654,34935.996202379516,35626.0,
store_71,2015-03-23,2015-01-26,30845.0,38452.0,38440.666666666664,38447.588785046726,29417.082370139062,34935.996202379516,30052.0,
store_71,2015-03-02,2015-02-23,38503.0,31569.0,35941.75,31506.45945945946,39548.043253581454,34937.690130997245,39473.0,
store_71,2015-03-09,2015-02-23,32058.0,31569.0,35941.75,31443.91891891892,31755.67748002022,34937.690130997245,28845.0,
store_71,2015-03-16,2015-02-23,37904.0,31569.0,35941.75,31381.37837837838,39845.661871481745,34937.690130997245,35626.0,
store_71,2015-03-23,2015-02-23,30845.0,31569.0,35941.75,31318.837837837837,29933.116677134414,34937.690130997245,30052.0,
store_71,2015-03-30,2015-02-23,42059.0,31569.0,35941.75,31256.297297297297,40011.99405469062,34937.690130997245,41832.0,
store_71,2015-04-06,2015-02-23,26229.0,31569.0,35941.75,31193.756756756757,26999.33070139848,34937.690130997245,31747.0,
store_71,2015-04-13,2015-02-23,38370.0,31569.0,35941.75,31131.216216216217,39311.92576536055,34937.690130997245,39142.0,
store_71,2015-04-20,2015-02-23,29998.0,31569.0,35941.75,31068.675675675677,31808.19084404625,34937.690130997245,23736.0,
store_71,2015-03-30,2015-03-23,42059.0,30845.0,35348.916666666664,30778.339130434782,40272.82487910341,34940.377077360856,41832.0,
store_71,2015-04-06,2015-03-23,26229.0,30845.0,35348.916666666664,30711.678260869565,27148.88423860244,34940.377077360856,31747.0,
store_71,2015-04-13,2015-03-23,38370.0,30845.0,35348.916666666664,30645.017391304347,39501.854967876585,34940.377077360856,39142.0,
store_71,2015-04-20,2015-03-23,29998.0,30845.0,35348.916666666664,30578.35652173913,31974.387756283908,34940.377077360856,23736.0,
store_71,2015-04-27,2015-03-23,35300.0,30845.0,35348.916666666664,30511.695652173912,37626.25437084095,34940.377077360856,36362.0,
store_71,2015-05-04,2015-03-23,44237.0,30845.0,35348.916666666664,30445.034782608695,44094.153262768654,34940.377077360856,40261.0,
store_71,2015-05-11,2015-03-23,28118.0,30845.0,35348.916666666664,30378.373913043477,28589.133465000286,34940.377077360856,29755.0,
store_71,2015-05-18,2015-03-23,41100.0,30845.0,35348.916666666664,30311.71304347826,42296.00271350655,34940.377077360856,37274.0,
store_71,2015-04-27,2015-04-20,35300.0,29998.0,34706.833333333336,29926.462184873948,36673.20667226713,34911.636181524686,36362.0,
store_71,2015-05-04,2015-04-20,44237.0,29998.0,34706.833333333336,29854.9243697479,43411.76210157213,34911.636181524686,40261.0,
store_71,2015-05-11,2015-04-20,28118.0,29998.0,34706.833333333336,29783.386554621848,28022.39216040002,34911.636181524686,29755.0,
store_71,2015-05-18,2015-04-20,41100.0,29998.0,34706.833333333336,29711.8487394958,41833.406854381195,34911.636181524686,37274.0,
store_71,2015-05-25,2015-04-20,29113.0,29998.0,34706.833333333336,29640.310924369747,27906.594212039563,34911.636181524686,27036.0,
store_71,2015-06-01,2015-04-20,40393.0,29998.0,34706.833333333336,29568.7731092437,39255.20289098555,34911.636181524686,41265.0,
store_71,2015-06-08,2015-04-20,31525.0,29998.0,34706.833333333336,29497.235294117647,30351.676079575263,34911.636181524686,28093.0,
store_71,2015-06-15,2015-04-20,40244.0,29998.0,34706.833333333336,29425.6974789916,41117.11196230354,34911.636181524686,37519.0,
store_71,2015-05-25,2015-05-18,29113.0,41100.0,35393.416666666664,41121.04878048781,27351.829955083056,34981.46444124623,27036.0,
store_71,2015-06-01,2015-05-18,40393.0,41100.0,35393.416666666664,41142.09756097561,38989.267839104315,34981.46444124623,41265.0,
store_71,2015-06-08,2015-05-18,31525.0,41100.0,35393.416666666664,41163.14634146341,30220.205481564015,34981.46444124623,28093.0,
store_71,2015-06-15,2015-05-18,40244.0,41100.0,35393.416666666664,41184.19512195122,40991.94210100654,34981.46444124623,37519.0,
store_71,2015-06-22,2015-05-18,29208.0,41100.0,35393.416666666664,41205.243902439026,28610.733830039564,34981.46444124623,29077.0,
store_71,2015-06-29,2015-05-18,45311.0,41100.0,35393.416666666664,41226.29268292683,41849.680641476065,34981.46444124623,43964.0,
store_71,2015-07-06,2015-05-18,33005.0,41100.0,35393.416666666664,41247.34146341463,30883.752268971468,34981.46444124623,32412.0,
store_71,2015-07-13,2015-05-18,39049.0,41100.0,35393.416666666664,41268.39024390244,39577.672438960755,34981.46444124623,37609.0,
store_72,2015-02-02,2015-01-26,46670.0,44354.0,43035.0,44320.55140186916,48945.530113144865,41154.36007774014,49619.0,
store_72,2015-02-09,2015-01-26,33108.0,44354.0,43035.0,44287.102803738315,33673.63413793343,41154.36007774014,32794.0,
store_72,2015-02-16,2015-01-26,45622.0,44354.0,43035.0,44253.654205607476,46468.72560345036,41154.36007774014,45809.0,
store_72,2015-02-23,2015-01-26,34208.0,44354.0,43035.0,44220.20560747664,34138.33880926392,41154.36007774014,35554.0,
store_72,2015-03-02,2015-01-26,49692.0,44354.0,43035.0,44186.7570093458,47045.44702047584,41154.36007774014,46317.0,
store_72,2015-03-09,2015-01-26,35303.0,44354.0,43035.0,44153.30841121495,34203.981320043866,41154.36007774014,33558.0,
store_72,2015-03-16,2015-01-26,47321.0,44354.0,43035.0,44119.85981308411,45227.53429956799,41154.36007774014,45310.0,
store_72,2015-03-23,2015-01-26,34957.0,44354.0,43035.0,44086.411214953274,34757.7629633595,41154.36007774014,35390.0,
store_72,2015-03-02,2015-02-23,49692.0,34208.0,41078.416666666664,34084.35135135135,47046.267325582696,41120.78998383559,46317.0,
store_72,2015-03-09,2015-02-23,35303.0,34208.0,41078.416666666664,33960.7027027027,34204.708760423004,41120.78998383559,33558.0,
store_72,2015-03-16,2015-02-23,47321.0,34208.0,41078.416666666664,33837.05405405405,45227.44143483906,41120.78998383559,45310.0,
store_72,2015-03-23,2015-02-23,34957.0,34208.0,41078.416666666664,33713.40540540541,34757.05100043743,41120.78998383559,35390.0,
store_72,2015-03-30,2015-02-23,51175.0,34208.0,41078.416666666664,33589.75675675676,48966.5171889317,41120.78998383559,51542.0,
store_72,2015-04-06,2015-02-23,30191.0,34208.0,41078.416666666664,33466.10810810811,26922.941923899925,41120.78998383559,34929.0,
store_72,2015-04-13,2015-02-23,48963.0,34208.0,41078.416666666664,33342.45945945946,47619.27844291502,41120.78998383559,47094.0,
store_72,2015-04-20,2015-02-23,34059.0,34208.0,41078.416666666664,33218.81081081081,34681.56844687435,41120.78998383559,28423.0,
store_72,2015-03-30,2015-03-23,51175.0,34957.0,41319.25,34844.1652173913,48970.51587493435,41135.889236067036,51542.0,
store_72,2015-04-06,2015-03-23,30191.0,34957.0,41319.25,34731.330434782605,26886.876287510364,41135.889236067036,34929.0,
store_72,2015-04-13,2015-03-23,48963.0,34957.0,41319.25,34618.495652173915,47601.062746994474,41135.889236067036,47094.0,
store_72,2015-04-20,2015-03-23,34059.0,34957.0,41319.25,34505.66086956522,34705.516229164976,41135.889236067036,28423.0,
store_72,2015-04-27,2015-03-23,46766.0,34957.0,41319.25,34392.82608695652,44439.724114829354,41135.889236067036,44509.0,
store_72,2015-05-04,2015-03-23,48687.0,34957.0,41319.25,34279.99130434782,49513.80013398965,41135.889236067036,49112.0,
store_72,2015-05-11,2015-03-23,32145.0,34957.0,41319.25,34167.15652173913,32184.00656184715,41135.889236067036,33080.0,
store_72,2015-05-18,2015-03-23,45396.0,34957.0,41319.25,34054.321739130435,45773.28310052446,41135.889236067036,44748.0,
store_72,2015-04-27,2015-04-20,46766.0,34059.0,40939.083333333336,33942.41176470588,44649.92496952389,41135.87351984513,44509.0,
store_72,2015-05-04,2015-04-20,48687.0,34059.0,40939.083333333336,33825.82352941176,49628.011738840476,41135.87351984513,49112.0,
store_72,2015-05-11,2015-04-20,32145.0,34059.0,40939.083333333336,33709.23529411765,33060.85233240243,41135.87351984513,33080.0,
store_72,2015-05-18,2015-04-20,45396.0,34059.0,40939.083333333336,33592.64705882353,46469.494480271205,41135.87351984513,44748.0,
store_72,2015-05-25,2015-04-20,33683.0,34059.0,40939.083333333336,33476.05882352941,32164.774692089122,41135.87351984513,33301.0,
store_72,2015-06-01,2015-04-20,47100.0,34059.0,40939.083333333336,33359.470588235294,43757.59810829545,41135.87351984513,52694.0,
store_72,2015-06-08,2015-04-20,35662.0,34059.0,40939.083333333336,33242.882352941175,36493.15811629499,41135.87351984513,33077.0,
store_72,2015-06-15,2015-04-20,49472.0,34059.0,40939.083333333336,33126.294117647056,49474.1257784244,41135.87351984513,44703.0,
store_72,2015-05-25,2015-05-18,33683.0,45396.0,42054.583333333336,45375.37398373984,32170.09395699717,41209.61090189372,33301.0,
store_72,2015-06-01,2015-05-18,47100.0,45396.0,42054.583333333336,45354.74796747968,43792.18357263669,41209.61090189372,52694.0,
store_72,2015-06-08,2015-05-18,35662.0,45396.0,42054.583333333336,45334.12195121951,36448.07098894379,41209.61090189372,33077.0,
store_72,2015-06-15,2015-05-18,49472.0,45396.0,42054.583333333336,45313.49593495935,49456.1333270996,41209.61090189372,44703.0,
store_72,2015-06-22,2015-05-18,35297.0,45396.0,42054.583333333336,45292.86991869919,33950.096896036535,41209.61090189372,35017.0,
store_72,2015-06-29,2015-05-18,50969.0,45396.0,42054.583333333336,45272.243902439026,48553.63946127503,41209.61090189372,50215.0,
store_72,2015-07-06,2015-05-18,36482.0,45396.0,42054.583333333336,45251.617886178865,37076.593502643045,41209.61090189372,35438.0,
store_72,2015-07-13,2015-05-18,47236.0,45396.0,42054.583333333336,45230.9918699187,44492.41706506451,41209.61090189372,46327.0,
store_73,2015-02-02,2015-01-26,35830.0,36373.0,37526.333333333336,36401.30841121495,34816.0,33594.63427854284,39061.0,
store_73,2015-02-09,2015-01-26,30790.0,36373.0,37526.333333333336,36429.6168224299,26624.0,33594.63427854284,29441.0,
store_73,2015-02-16,2015-01-26,33296.0,36373.0,37526.333333333336,36457.92523364486,32768.0,33594.63427854284,33284.0,
store_73,2015-02-23,2015-01-26,30683.0,36373.0,37526.333333333336,36486.233644859814,26624.0,33594.63427854284,32239.0,
store_73,2015-03-02,2015-01-26,37590.0,36373.0,37526.333333333336,36514.542056074766,34816.0,33594.63427854284,38906.0,
store_73,2015-03-09,2015-01-26,33033.0,36373.0,37526.333333333336,36542.85046728972,30720.0,33594.63427854284,29996.0,
store_73,2015-03-16,2015-01-26,37586.0,36373.0,37526.333333333336,36571.15887850467,36864.0,33594.63427854284,35137.0,
store_73,2015-03-23,2015-01-26,35462.0,36373.0,37526.333333333336,36599.46728971963,34816.0,33594.63427854284,32612.0,
store_73,2015-03-02,2015-02-23,37590.0,30683.0,35007.583333333336,30659.027027027027,37120.0,32020.541435580457,38906.0,
store_73,2015-03-09,2015-02-23,33033.0,30683.0,35007.583333333336,30635.054054054053,31232.0,32020.541435580457,29996.0,
store_73,2015-03-16,2015-02-23,37586.0,30683.0,35007.583333333336,30611.08108108108,37376.0,32020.541435580457,35137.0,
store_73,2015-03-23,2015-02-23,35462.0,30683.0,35007.583333333336,30587.108108108107,35072.0,32020.541435580457,32612.0,
store_73,2015-03-30,2015-02-23,59101.0,30683.0,35007.583333333336,30563.135135135137,55552.0,32020.541435580457,41317.0,
store_73,2015-04-06,2015-02-23,41047.0,30683.0,35007.583333333336,30539.162162162163,43776.0,32020.541435580457,36926.0,
store_73,2015-04-13,2015-02-23,42140.0,30683.0,35007.583333333336,30515.18918918919,44544.0,32020.541435580457,57971.0,
store_73,2015-04-20,2015-02-23,31779.0,30683.0,35007.583333333336,30491.216216216217,30720.0,32020.541435580457,37143.0,
store_73,2015-03-30,2015-03-23,59101.0,35462.0,33781.666666666664,35480.41739130435,56320.0,35464.7167493528,41317.0,
store_73,2015-04-06,2015-03-23,41047.0,35462.0,33781.666666666664,35498.8347826087,44032.0,35464.7167493528,36926.0,
store_73,2015-04-13,2015-03-23,42140.0,35462.0,33781.666666666664,35517.252173913046,44544.0,35464.7167493528,57971.0,
store_73,2015-04-20,2015-03-23,31779.0,35462.0,33781.666666666664,35535.669565217395,31232.0,35464.7167493528,37143.0,
store_73,2015-04-27,2015-03-23,44913.0,35462.0,33781.666666666664,35554.086956521736,45056.0,35464.7167493528,49010.0,
store_73,2015-05-04,2015-03-23,44514.0,35462.0,33781.666666666664,35572.504347826085,46592.0,35464.7167493528,45317.0,
store_73,2015-05-11,2015-03-23,45287.0,35462.0,33781.666666666664,35590.921739130434,44544.0,35464.7167493528,35751.0,
store_73,2015-05-18,2015-03-23,50408.0,35462.0,33781.666666666664,35609.33913043478,49664.0,35464.7167493528,42259.0,
store_73,2015-04-27,2015-04-20,44913.0,31779.0,37361.416666666664,31765.8487394958,47104.0,38177.37994744234,49010.0,
store_73,2015-05-04,2015-04-20,44514.0,31779.0,37361.416666666664,31752.697478991595,45056.0,38177.37994744234,45317.0,
store_73,2015-05-11,2015-04-20,45287.0,31779.0,37361.416666666664,31739.546218487394,43008.0,38177.37994744234,35751.0,
store_73,2015-05-18,2015-04-20,50408.0,31779.0,37361.416666666664,31726.394957983193,49152.0,38177.37994744234,42259.0,
store_73,2015-05-25,2015-04-20,42657.0,31779.0,37361.416666666664,31713.243697478993,43008.0,38177.37994744234,47315.0,
store_73,2015-06-01,2015-04-20,53464.0,31779.0,37361.416666666664,31700.092436974788,55296.0,38177.37994744234,55409.0,
store_73,2015-06-08,2015-04-20,43660.0,31779.0,37361.416666666664,31686.941176470587,45056.0,38177.37994744234,42412.0,
store_73,2015-06-15,2015-04-20,50297.0,31779.0,37361.416666666664,31673.789915966387,49152.0,38177.37994744234,49882.0,
store_73,2015-05-25,2015-05-18,42657.0,50408.0,41905.0,50546.73170731707,44032.0,46581.37661383429,47315.0,
store_73,2015-06-01,2015-05-18,53464.0,50408.0,41905.0,50685.46341463415,53248.0,46581.37661383429,55409.0,
store_73,2015-06-08,2015-05-18,43660.0,50408.0,41905.0,50824.19512195122,43008.0,46581.37661383429,42412.0,
store_73,2015-06-15,2015-05-18,50297.0,50408.0,41905.0,50962.92682926829,50176.0,46581.37661383429,49882.0,
store_73,2015-06-22,2015-05-18,39521.0,50408.0,41905.0,51101.65853658537,40960.0,46581.37661383429,40593.0,
store_73,2015-06-29,2015-05-18,58286.0,50408.0,41905.0,51240.39024390244,57344.0,46581.37661383429,52984.0,
store_73,2015-07-06,2015-05-18,52102.0,50408.0,41905.0,51379.12195121951,52224.0,46581.37661383429,49748.0,
store_73,2015-07-13,2015-05-18,61247.0,50408.0,41905.0,51517.85365853659,57344.0,46581.37661383429,60887.0,
store_74,2015-02-02,2015-01-26,29007.0,29747.0,27375.166666666668,29770.33644859813,28791.630953851407,26400.621667079693,30680.0,
store_74,2015-02-09,2015-01-26,26445.0,29747.0,27375.166666666668,29793.672897196262,26962.76935621452,26400.621667079693,23889.0,
store_74,2015-02-16,2015-01-26,27744.0,29747.0,27375.166666666668,29817.00934579439,27559.523819419293,26400.621667079693,24315.0,
store_74,2015-02-23,2015-01-26,26130.0,29747.0,27375.166666666668,29840.345794392524,26390.924536802428,26400.621667079693,23409.0,
store_74,2015-03-02,2015-01-26,29771.0,29747.0,27375.166666666668,29863.682242990653,31648.243168985973,26400.621667079693,26276.0,
store_74,2015-03-09,2015-01-26,24342.0,29747.0,27375.166666666668,29887.018691588786,24962.913641712406,26400.621667079693,22038.0,
store_74,2015-03-16,2015-01-26,28899.0,29747.0,27375.166666666668,29910.355140186915,30020.250988564243,26400.621667079693,24905.0,
store_74,2015-03-23,2015-01-26,24097.0,29747.0,27375.166666666668,29933.69158878505,23873.541334569534,26400.621667079693,21272.0,
store_74,2015-03-02,2015-02-23,29771.0,26130.0,26881.333333333332,26119.90990990991,31554.345831161987,26650.192007500045,26276.0,
store_74,2015-03-09,2015-02-23,24342.0,26130.0,26881.333333333332,26109.81981981982,24856.772054437308,26650.192007500045,22038.0,
store_74,2015-03-16,2015-02-23,28899.0,26130.0,26881.333333333332,26099.72972972973,29963.893290347492,26650.192007500045,24905.0,
store_74,2015-03-23,2015-02-23,24097.0,26130.0,26881.333333333332,26089.63963963964,23795.393903818313,26650.192007500045,21272.0,
store_74,2015-03-30,2015-02-23,31251.0,26130.0,26881.333333333332,26079.54954954955,27975.64402130504,26650.192007500045,30764.0,
store_74,2015-04-06,2015-02-23,23491.0,26130.0,26881.333333333332,26069.45945945946,22734.558765262886,26650.192007500045,23513.0,
store_74,2015-04-13,2015-02-23,28905.0,26130.0,26881.333333333332,26059.369369369368,30312.84305274217,26650.192007500045,24907.0,
store_74,2015-04-20,2015-02-23,24694.0,26130.0,26881.333333333332,26049.27927927928,25324.18199991843,26650.192007500045,18785.0,
store_74,2015-03-30,2015-03-23,31251.0,24097.0,26925.333333333332,24069.58260869565,27642.783114108024,26645.785152726083,30764.0,
store_74,2015-04-06,2015-03-23,23491.0,24097.0,26925.333333333332,24042.165217391303,22489.355281656935,26645.785152726083,23513.0,
store_74,2015-04-13,2015-03-23,28905.0,24097.0,26925.333333333332,24014.747826086958,30124.062487027797,26645.785152726083,24907.0,
store_74,2015-04-20,2015-03-23,24694.0,24097.0,26925.333333333332,23987.33043478261,25211.871813763722,26645.785152726083,18785.0,
store_74,2015-04-27,2015-03-23,30533.0,24097.0,26925.333333333332,23959.91304347826,29155.7819234219,26645.785152726083,29333.0,
store_74,2015-05-04,2015-03-23,31607.0,24097.0,26925.333333333332,23932.49565217391,31226.563759003388,26645.785152726083,29340.0,
store_74,2015-05-11,2015-03-23,24395.0,24097.0,26925.333333333332,23905.078260869566,25301.116331067635,26645.785152726083,23291.0,
store_74,2015-05-18,2015-03-23,29212.0,24097.0,26925.333333333332,23877.660869565218,30120.75909012618,26645.785152726083,24470.0,
store_74,2015-04-27,2015-04-20,30533.0,24694.0,27064.666666666668,24672.52100840336,28929.81353064606,26716.693142030534,29333.0,
store_74,2015-05-04,2015-04-20,31607.0,24694.0,27064.666666666668,24651.04201680672,31048.188096070764,26716.693142030534,29340.0,
store_74,2015-05-11,2015-04-20,24395.0,24694.0,27064.666666666668,24629.563025210085,25137.27777608565,26716.693142030534,23291.0,
store_74,2015-05-18,2015-04-20,29212.0,24694.0,27064.666666666668,24608.084033613446,30010.480933985218,26716.693142030534,24470.0,
store_74,2015-05-25,2015-04-20,25762.0,24694.0,27064.666666666668,24586.605042016807,26067.14685754505,26716.693142030534,23560.0,
store_74,2015-06-01,2015-04-20,29195.0,24694.0,27064.666666666668,24565.126050420167,29910.263371408873,26716.693142030534,31244.0,
store_74,2015-06-08,2015-04-20,26873.0,24694.0,27064.666666666668,24543.647058823528,26450.271274569157,26716.693142030534,20923.0,
store_74,2015-06-15,2015-04-20,29427.0,24694.0,27064.666666666668,24522.168067226892,29724.824463205252,26716.693142030534,25097.0,
store_74,2015-05-25,2015-05-18,25762.0,29212.0,27599.75,29227.951219512193,25817.48608660198,27268.795968432383,23560.0,
store_74,2015-06-01,2015-05-18,29195.0,29212.0,27599.75,29243.90243902439,29758.955649411157,27268.795968432383,31244.0,
store_74,2015-06-08,2015-05-18,26873.0,29212.0,27599.75,29259.853658536584,26232.127642815714,27268.795968432383,20923.0,
store_74,2015-06-15,2015-05-18,29427.0,29212.0,27599.75,29275.80487804878,29596.010627038755,27268.795968432383,25097.0,
store_74,2015-06-22,2015-05-18,24775.0,29212.0,27599.75,29291.756097560974,24463.949063141725,27268.795968432383,24352.0,
store_74,2015-06-29,2015-05-18,33612.0,29212.0,27599.75,29307.70731707317,31497.383047989908,27268.795968432383,35935.0,
store_74,2015-07-06,2015-05-18,25183.0,29212.0,27599.75,29323.658536585364,24201.52117492613,27268.795968432383,23558.0,
store_74,2015-07-13,2015-05-18,26199.0,29212.0,27599.75,29339.60975609756,25420.460365538507,27268.795968432383,26470.0,
store_75,2015-02-02,2015-01-26,37070.0,40966.0,33748.583333333336,40932.51401869159,39530.45214128034,33243.71159892601,43201.0,
store_75,2015-02-09,2015-01-26,24228.0,40966.0,33748.583333333336,40899.02803738318,26974.366682166623,33243.71159892601,29152.0,
store_75,2015-02-16,2015-01-26,33707.0,40966.0,33748.583333333336,40865.542056074766,34851.22362469468,33243.71159892601,39170.0,
store_75,2015-02-23,2015-01-26,27063.0,40966.0,33748.583333333336,40832.056074766355,27379.82676440004,33243.71159892601,30406.0,
store_75,2015-03-02,2015-01-26,38507.0,40966.0,33748.583333333336,40798.57009345794,40374.24744754988,33243.71159892601,38725.0,
store_75,2015-03-09,2015-01-26,24921.0,40966.0,33748.583333333336,40765.08411214953,26788.07421195127,33243.71159892601,27236.0,
store_75,2015-03-16,2015-01-26,36700.0,40966.0,33748.583333333336,40731.59813084112,39081.15853664331,33243.71159892601,37939.0,
store_75,2015-03-23,2015-01-26,24152.0,40966.0,33748.583333333336,40698.11214953271,25275.81768902663,33243.71159892601,27019.0,
store_75,2015-03-02,2015-02-23,38507.0,27063.0,32067.166666666668,26905.46846846847,39817.037434206344,31193.698259851066,38725.0,
store_75,2015-03-09,2015-02-23,24921.0,27063.0,32067.166666666668,26747.936936936938,25818.69975312188,31193.698259851066,27236.0,
store_75,2015-03-16,2015-02-23,36700.0,27063.0,32067.166666666668,26590.405405405407,38063.020364354015,31193.698259851066,37939.0,
store_75,2015-03-23,2015-02-23,24152.0,27063.0,32067.166666666668,26432.873873873876,24208.996287612943,31193.698259851066,27019.0,
store_75,2015-03-30,2015-02-23,39428.0,27063.0,32067.166666666668,26275.34234234234,38039.49148141232,31193.698259851066,40889.0,
store_75,2015-04-06,2015-02-23,21344.0,27063.0,32067.166666666668,26117.81081081081,21337.803098006756,31193.698259851066,27809.0,
store_75,2015-04-13,2015-02-23,36826.0,27063.0,32067.166666666668,25960.27927927928,37185.168961547664,31193.698259851066,40124.0,
store_75,2015-04-20,2015-02-23,24137.0,27063.0,32067.166666666668,25802.747747747748,25161.786224805284,31193.698259851066,23128.0,
store_75,2015-03-30,2015-03-23,39428.0,24152.0,31674.083333333332,23974.634782608697,37262.24730863472,30579.670958288614,40889.0,
store_75,2015-04-06,2015-03-23,21344.0,24152.0,31674.083333333332,23797.26956521739,20566.346620040007,30579.670958288614,27809.0,
store_75,2015-04-13,2015-03-23,36826.0,24152.0,31674.083333333332,23619.904347826086,37034.689409807106,30579.670958288614,40124.0,
store_75,2015-04-20,2015-03-23,24137.0,24152.0,31674.083333333332,23442.539130434783,25127.217827048178,30579.670958288614,23128.0,
store_75,2015-04-27,2015-03-23,41065.0,24152.0,31674.083333333332,23265.17391304348,36848.066293689335,30579.670958288614,42497.0,
store_75,2015-05-04,2015-03-23,38657.0,24152.0,31674.083333333332,23087.808695652173,39467.255225586385,30579.670958288614,44300.0,
store_75,2015-05-11,2015-03-23,24737.0,24152.0,31674.083333333332,22910.44347826087,21872.493682019598,30579.670958288614,28681.0,
store_75,2015-05-18,2015-03-23,34239.0,24152.0,31674.083333333332,22733.078260869566,35555.42641372511,30579.670958288614,38309.0,
store_75,2015-04-27,2015-04-20,41065.0,24137.0,30673.583333333332,23965.470588235294,36766.64530653568,30012.06577214281,42497.0,
store_75,2015-05-04,2015-04-20,38657.0,24137.0,30673.583333333332,23793.941176470587,38704.70816056173,30012.06577214281,44300.0,
store_75,2015-05-11,2015-04-20,24737.0,24137.0,30673.583333333332,23622.41176470588,22030.878479320145,30012.06577214281,28681.0,
store_75,2015-05-18,2015-04-20,34239.0,24137.0,30673.583333333332,23450.882352941175,35009.84368213957,30012.06577214281,38309.0,
store_75,2015-05-25,2015-04-20,27122.0,24137.0,30673.583333333332,23279.352941176472,22611.499387640557,30012.06577214281,29051.0,
store_75,2015-06-01,2015-04-20,36485.0,24137.0,30673.583333333332,23107.823529411766,34000.21489456591,30012.06577214281,45238.0,
store_75,2015-06-08,2015-04-20,28245.0,24137.0,30673.583333333332,22936.29411764706,26123.63968096619,30012.06577214281,26919.0,
store_75,2015-06-15,2015-04-20,39289.0,24137.0,30673.583333333332,22764.764705882353,37555.34802400716,30012.06577214281,38702.0,
store_75,2015-05-25,2015-05-18,27122.0,34239.0,32059.416666666668,34155.17886178862,22772.394380961778,32263.987979860798,29051.0,
store_75,2015-06-01,2015-05-18,36485.0,34239.0,32059.416666666668,34071.35772357724,34064.420106061734,32263.987979860798,45238.0,
store_75,2015-06-08,2015-05-18,28245.0,34239.0,32059.416666666668,33987.53658536585,26143.10944654164,32263.987979860798,26919.0,
store_75,2015-06-15,2015-05-18,39289.0,34239.0,32059.416666666668,33903.71544715447,37555.85931601585,32263.987979860798,38702.0,
store_75,2015-06-22,2015-05-18,25856.0,34239.0,32059.416666666668,33819.89430894309,23575.846004599473,32263.987979860798,30189.0,
store_75,2015-06-29,2015-05-18,39153.0,34239.0,32059.416666666668,33736.07317073171,41183.68197531346,32263.987979860798,47750.0,
store_75,2015-07-06,2015-05-18,26821.0,34239.0,32059.416666666668,33652.25203252032,28841.405687205028,32263.987979860798,29934.0,
store_75,2015-07-13,2015-05-18,34754.0,34239.0,32059.416666666668,33568.43089430894,38782.40539384168,32263.987979860798,39103.0,
store_76,2015-02-02,2015-01-26,52770.0,54634.0,52565.666666666664,54794.943925233645,56803.622754645745,52101.57985888228,51576.0,
store_76,2015-02-09,2015-01-26,38727.0,54634.0,52565.666666666664,54955.88785046729,38688.27384903042,52283.258488117244,37981.0,
store_76,2015-02-16,2015-01-26,55238.0,54634.0,52565.666666666664,55116.831775700935,52211.98521077788,52464.937117352216,49048.0,
store_76,2015-02-23,2015-01-26,41408.0,54634.0,52565.666666666664,55277.77570093458,38971.953312285434,52646.61574658718,34813.0,
store_76,2015-03-02,2015-01-26,54518.0,54634.0,52565.666666666664,55438.719626168226,54816.819085050505,52828.294375822145,50707.0,
store_76,2015-03-09,2015-01-26,40206.0,54634.0,52565.666666666664,55599.66355140187,39170.58083525829,53009.97300505711,35331.0,
store_76,2015-03-16,2015-01-26,55409.0,54634.0,52565.666666666664,55760.607476635516,55194.57575381457,53191.65163429208,48886.0,
store_76,2015-03-23,2015-01-26,42776.0,54634.0,52565.666666666664,55921.55140186916,44044.52550734668,53373.330263527045,42330.0,
store_76,2015-03-02,2015-02-23,54518.0,41408.0,50000.083333333336,41443.99099099099,54887.150615609,48482.80343289112,50707.0,
store_76,2015-03-09,2015-02-23,40206.0,41408.0,50000.083333333336,41479.98198198198,39244.82072796465,48529.127907243594,35331.0,
store_76,2015-03-16,2015-02-23,55409.0,41408.0,50000.083333333336,41515.97297297297,55233.10742871663,48574.525449287336,48886.0,
store_76,2015-03-23,2015-02-23,42776.0,41408.0,50000.083333333336,41551.963963963964,44149.49933876016,48619.01460652919,42330.0,
store_76,2015-03-30,2015-02-23,64992.0,41408.0,50000.083333333336,41587.954954954956,58424.91993900134,48662.61355534857,53950.0,
store_76,2015-04-06,2015-02-23,36560.0,41408.0,50000.083333333336,41623.94594594595,38265.88465849793,48705.34010842354,39888.0,
store_76,2015-04-13,2015-02-23,54769.0,41408.0,50000.083333333336,41659.93693693694,55559.922987829224,48747.21172200833,51384.0,
store_76,2015-04-20,2015-02-23,40271.0,41408.0,50000.083333333336,41695.92792792793,39468.79332451068,48788.24550306522,29329.0,
store_76,2015-03-30,2015-03-23,64992.0,42776.0,48238.416666666664,42822.63478260869,58411.87402533848,48627.82431650296,53950.0,
store_76,2015-04-06,2015-03-23,36560.0,42776.0,48238.416666666664,42869.26956521739,38215.33197843608,48670.284832277815,39888.0,
store_76,2015-04-13,2015-03-23,54769.0,42776.0,48238.416666666664,42915.90434782609,55520.775940782936,48711.896119125486,51384.0,
store_76,2015-04-20,2015-03-23,40271.0,42776.0,48238.416666666664,42962.53913043478,39466.35557351782,48752.67516199676,29329.0,
store_76,2015-04-27,2015-03-23,51953.0,42776.0,48238.416666666664,43009.17391304348,52134.08570191726,48792.638606135966,48602.0,
store_76,2015-05-04,2015-03-23,56289.0,42776.0,48238.416666666664,43055.80869565217,56579.771249110054,48831.80276387524,53547.0,
store_76,2015-05-11,2015-03-23,36899.0,42776.0,48238.416666666664,43102.443478260866,37513.27980558425,48870.18362129294,34606.0,
store_76,2015-05-18,2015-03-23,52713.0,42776.0,48238.416666666664,43149.078260869566,52068.48009032547,48907.796844738834,48646.0,
store_76,2015-04-27,2015-04-20,51953.0,40271.0,48137.0,40295.01680672269,52153.93528203984,48842.70789250954,48602.0,
store_76,2015-05-04,2015-04-20,56289.0,40271.0,48137.0,40319.033613445376,56591.64266494137,48882.07163536227,53547.0,
store_76,2015-05-11,2015-04-20,36899.0,40271.0,48137.0,40343.05042016807,37537.466744836776,48920.64806283353,34606.0,
store_76,2015-05-18,2015-04-20,52713.0,40271.0,48137.0,40367.06722689076,52086.57836609161,48958.45292204148,48646.0,
store_76,2015-05-25,2015-04-20,38388.0,40271.0,48137.0,40391.08403361344,39148.198926435114,48995.501645145705,36450.0,
store_76,2015-06-01,2015-04-20,54261.0,40271.0,48137.0,40415.100840336134,52836.077583910264,49031.809355646714,53666.0,
store_76,2015-06-08,2015-04-20,41324.0,40271.0,48137.0,40439.117647058825,39216.07587599844,49067.39087455942,33794.0,
store_76,2015-06-15,2015-04-20,56895.0,40271.0,48137.0,40463.13445378151,54867.210922693914,49102.26072646322,49507.0,
store_76,2015-05-25,2015-05-18,38388.0,52713.0,48946.25,52837.39024390244,39139.12667020982,48989.754633660705,36450.0,
store_76,2015-06-01,2015-05-18,54261.0,52713.0,48946.25,52961.78048780488,52694.465019375704,49026.148365945824,53666.0,
store_76,2015-06-08,2015-05-18,41324.0,52713.0,48946.25,53086.170731707316,39338.75810115578,49061.81413181602,33794.0,
store_76,2015-06-15,2015-05-18,56895.0,52713.0,48946.25,53210.560975609755,54989.83269962559,49096.76649243519,49507.0,
store_76,2015-06-22,2015-05-18,39552.0,52713.0,48946.25,53334.95121951219,40198.37671226802,49131.01971770728,39045.0,
store_76,2015-06-29,2015-05-18,62241.0,52713.0,48946.25,53459.34146341463,57840.5984369415,49164.58779210212,54879.0,
store_76,2015-07-06,2015-05-18,43237.0,52713.0,48946.25,53583.73170731707,43619.687025871055,49197.48442036492,36249.0,
store_76,2015-07-13,2015-05-18,58428.0,52713.0,48946.25,53708.12195121951,57589.25152300644,49229.72303311142,49525.0,
store_77,2015-02-02,2015-01-26,33032.0,35615.0,31338.166666666668,35670.80373831776,32033.57618179376,29571.54294317469,32761.0,
store_77,2015-02-09,2015-01-26,27930.0,35615.0,31338.166666666668,35726.607476635516,27550.10610730522,29571.54294317469,26634.0,
store_77,2015-02-16,2015-01-26,33200.0,35615.0,31338.166666666668,35782.411214953274,31539.930042472588,29571.54294317469,31723.0,
store_77,2015-02-23,2015-01-26,28138.0,35615.0,31338.166666666668,35838.214953271025,28731.472976796955,29571.54294317469,27606.0,
store_77,2015-03-02,2015-01-26,34547.0,35615.0,31338.166666666668,35894.01869158878,34136.57358527286,29571.54294317469,32383.0,
store_77,2015-03-09,2015-01-26,28329.0,35615.0,31338.166666666668,35949.82242990654,26758.473842303953,29571.54294317469,26460.0,
store_77,2015-03-16,2015-01-26,32452.0,35615.0,31338.166666666668,36005.6261682243,31192.209312301733,29571.54294317469,32129.0,
store_77,2015-03-23,2015-01-26,28125.0,35615.0,31338.166666666668,36061.42990654206,26980.030650948407,29571.54294317469,26535.0,
store_77,2015-03-02,2015-02-23,34547.0,28138.0,30543.0,28124.432432432433,34148.348437414206,29599.341891529257,32383.0,
store_77,2015-03-09,2015-02-23,28329.0,28138.0,30543.0,28110.864864864863,26831.42350047962,29599.341891529257,26460.0,
store_77,2015-03-16,2015-02-23,32452.0,28138.0,30543.0,28097.297297297297,31317.091539628753,29599.341891529257,32129.0,
store_77,2015-03-23,2015-02-23,28125.0,28138.0,30543.0,28083.72972972973,27046.818817868756,29599.341891529257,26535.0,
store_77,2015-03-30,2015-02-23,36908.0,28138.0,30543.0,28070.162162162163,35929.02808605823,29599.341891529257,34343.0,
store_77,2015-04-06,2015-02-23,23909.0,28138.0,30543.0,28056.594594594593,24735.777085307618,29599.341891529257,27987.0,
store_77,2015-04-13,2015-02-23,31095.0,28138.0,30543.0,28043.027027027027,32260.378830126523,29599.341891529257,33615.0,
store_77,2015-04-20,2015-02-23,25742.0,28138.0,30543.0,28029.45945945946,25965.48864609538,29599.341891529257,22533.0,
store_77,2015-03-30,2015-03-23,36908.0,28125.0,30848.333333333332,28111.791304347826,35903.04375922145,30911.952602186324,34343.0,
store_77,2015-04-06,2015-03-23,23909.0,28125.0,30848.333333333332,28098.58260869565,24912.146093635565,30933.873156691745,27987.0,
store_77,2015-04-13,2015-03-23,31095.0,28125.0,30848.333333333332,28085.373913043477,32487.392662160833,30955.793711197166,33615.0,
store_77,2015-04-20,2015-03-23,25742.0,28125.0,30848.333333333332,28072.165217391303,25992.063229207604,30977.71426570259,22533.0,
store_77,2015-04-27,2015-03-23,34646.0,28125.0,30848.333333333332,28058.956521739132,32697.837854834164,30999.63482020801,31628.0,
store_77,2015-05-04,2015-03-23,31248.0,28125.0,30848.333333333332,28045.747826086958,31065.211942485184,31021.555374713433,32889.0,
store_77,2015-05-11,2015-03-23,24695.0,28125.0,30848.333333333332,28032.539130434783,25456.327740249377,31043.475929218854,27969.0,
store_77,2015-05-18,2015-03-23,32542.0,28125.0,30848.333333333332,28019.33043478261,31602.30772713254,31065.396483724275,32259.0,
store_77,2015-04-27,2015-04-20,34646.0,25742.0,30283.916666666668,25709.210084033613,32623.026884566963,29643.300757832247,31628.0,
store_77,2015-05-04,2015-04-20,31248.0,25742.0,30283.916666666668,25676.420168067227,30750.676262940942,29643.300757832247,32889.0,
store_77,2015-05-11,2015-04-20,24695.0,25742.0,30283.916666666668,25643.63025210084,25205.47224512766,29643.300757832247,27969.0,
store_77,2015-05-18,2015-04-20,32542.0,25742.0,30283.916666666668,25610.840336134454,31416.29248244027,29643.300757832247,32259.0,
store_77,2015-05-25,2015-04-20,26113.0,25742.0,30283.916666666668,25578.050420168067,26148.305291190634,29643.300757832247,27658.0,
store_77,2015-06-01,2015-04-20,30886.0,25742.0,30283.916666666668,25545.26050420168,31213.603129054736,29643.300757832247,35309.0,
store_77,2015-06-08,2015-04-20,26804.0,25742.0,30283.916666666668,25512.470588235294,27556.879307705603,29643.300757832247,26968.0,
store_77,2015-06-15,2015-04-20,34973.0,25742.0,30283.916666666668,25479.680672268907,32306.339358790814,29643.300757832247,29916.0,
store_77,2015-05-25,2015-05-18,26113.0,32542.0,30353.166666666668,32565.560975609755,26432.71461423126,30926.75441339093,27658.0,
store_77,2015-06-01,2015-05-18,30886.0,32542.0,30353.166666666668,32589.121951219513,31023.097100993324,30946.771979327084,35309.0,
store_77,2015-06-08,2015-05-18,26804.0,32542.0,30353.166666666668,32612.682926829268,27886.044723728242,30966.789545263244,26968.0,
store_77,2015-06-15,2015-05-18,34973.0,32542.0,30353.166666666668,32636.243902439026,32638.86444179139,30986.8071111994,29916.0,
store_77,2015-06-22,2015-05-18,28291.0,32542.0,30353.166666666668,32659.80487804878,28307.074542610048,31006.82467713556,29801.0,
store_77,2015-06-29,2015-05-18,38595.0,32542.0,30353.166666666668,32683.365853658535,37054.9690810973,31026.842243071715,34813.0,
store_77,2015-07-06,2015-05-18,26488.0,32542.0,30353.166666666668,32706.926829268294,27947.978594454922,31046.859809007874,28375.0,
store_77,2015-07-13,2015-05-18,34131.0,32542.0,30353.166666666668,32730.48780487805,35724.02332693669,31066.87737494403,35660.0,
store_78,2015-02-02,2015-01-26,29952.0,34393.0,29546.583333333332,34365.88785046729,31312.985656035016,28840.91613627774,43073.0,
store_78,2015-02-09,2015-01-26,26760.0,34393.0,29546.583333333332,34338.77570093458,28837.456655017464,28840.91613627774,27822.0,
store_78,2015-02-16,2015-01-26,31068.0,34393.0,29546.583333333332,34311.66355140187,30119.165137066964,28840.91613627774,38273.0,
store_78,2015-02-23,2015-01-26,24445.0,34393.0,29546.583333333332,34284.55140186916,26069.266003742465,28840.91613627774,30570.0,
store_78,2015-03-02,2015-01-26,34989.0,34393.0,29546.583333333332,34257.43925233645,33534.18621509421,28840.91613627774,38152.0,
store_78,2015-03-09,2015-01-26,25849.0,34393.0,29546.583333333332,34230.32710280374,26018.133484029444,28840.91613627774,21170.0,
store_78,2015-03-16,2015-01-26,31870.0,34393.0,29546.583333333332,34203.214953271025,33267.21262885524,28840.91613627774,27923.0,
store_78,2015-03-23,2015-01-26,26622.0,34393.0,29546.583333333332,34176.102803738315,26246.32469746765,28840.91613627774,21756.0,
store_78,2015-03-02,2015-02-23,34989.0,24445.0,28449.25,24329.243243243243,33364.0067560503,28510.096722260427,38152.0,
store_78,2015-03-09,2015-02-23,25849.0,24445.0,28449.25,24213.486486486487,25681.066371451678,28510.096722260427,21170.0,
store_78,2015-03-16,2015-02-23,31870.0,24445.0,28449.25,24097.72972972973,33097.43619567438,28510.096722260427,27923.0,
store_78,2015-03-23,2015-02-23,26622.0,24445.0,28449.25,23981.972972972973,25899.80309305712,28510.096722260427,21756.0,
store_78,2015-03-30,2015-02-23,34620.0,24445.0,28449.25,23866.216216216217,32175.767747163314,28510.096722260427,32304.0,
store_78,2015-04-06,2015-02-23,20946.0,24445.0,28449.25,23750.45945945946,21232.55792976678,28510.096722260427,24871.0,
store_78,2015-04-13,2015-02-23,31176.0,24445.0,28449.25,23634.702702702703,32514.51996907829,28510.096722260427,29140.0,
store_78,2015-04-20,2015-02-23,24645.0,24445.0,28449.25,23518.945945945947,26461.714300878615,28510.096722260427,19126.0,
store_78,2015-03-30,2015-03-23,34620.0,26622.0,29246.583333333332,26529.2,32256.84698188342,28867.86662079945,32304.0,
store_78,2015-04-06,2015-03-23,20946.0,26622.0,29246.583333333332,26436.4,21344.855630916318,28867.86662079945,24871.0,
store_78,2015-04-13,2015-03-23,31176.0,26622.0,29246.583333333332,26343.6,32557.03000310038,28867.86662079945,29140.0,
store_78,2015-04-20,2015-03-23,24645.0,26622.0,29246.583333333332,26250.8,26531.712620241204,28867.86662079945,19126.0,
store_78,2015-04-27,2015-03-23,30523.0,26622.0,29246.583333333332,26158.0,31971.76952051677,28867.86662079945,30279.0,
store_78,2015-05-04,2015-03-23,34386.0,26622.0,29246.583333333332,26065.2,34066.10478419039,28867.86662079945,32728.0,
store_78,2015-05-11,2015-03-23,22010.0,26622.0,29246.583333333332,25972.4,24663.08479984069,28867.86662079945,24182.0,
store_78,2015-05-18,2015-03-23,32738.0,26622.0,29246.583333333332,25879.6,33712.67282184719,28867.86662079945,29546.0,
store_78,2015-04-27,2015-04-20,30523.0,24645.0,28578.5,24538.70588235294,31994.221221834527,28459.0414928355,30279.0,
store_78,2015-05-04,2015-04-20,34386.0,24645.0,28578.5,24432.41176470588,34012.33552495534,28459.0414928355,32728.0,
store_78,2015-05-11,2015-04-20,22010.0,24645.0,28578.5,24326.117647058825,24638.48248505491,28459.0414928355,24182.0,
store_78,2015-05-18,2015-04-20,32738.0,24645.0,28578.5,24219.823529411766,33656.855020902716,28459.0414928355,29546.0,
store_78,2015-05-25,2015-04-20,22646.0,24645.0,28578.5,24113.529411764706,23466.21647439875,28459.0414928355,22929.0,
store_78,2015-06-01,2015-04-20,31998.0,24645.0,28578.5,24007.235294117647,33514.99124122842,28459.0414928355,31527.0,
store_78,2015-06-08,2015-04-20,30386.0,24645.0,28578.5,23900.941176470587,31491.628105650936,28459.0414928355,20685.0,
store_78,2015-06-15,2015-04-20,37203.0,24645.0,28578.5,23794.647058823528,38975.814365185026,28459.0414928355,28368.0,
store_78,2015-05-25,2015-05-18,22646.0,32738.0,29197.833333333332,32700.959349593497,22969.756616120285,28904.238347659197,22929.0,
store_78,2015-06-01,2015-05-18,31998.0,32738.0,29197.833333333332,32663.91869918699,33016.887064521805,28904.238347659197,31527.0,
store_78,2015-06-08,2015-05-18,30386.0,32738.0,29197.833333333332,32626.878048780487,31148.462244536477,28904.238347659197,20685.0,
store_78,2015-06-15,2015-05-18,37203.0,32738.0,29197.833333333332,32589.837398373984,38662.29582497525,28904.238347659197,28368.0,
store_78,2015-06-22,2015-05-18,28831.0,32738.0,29197.833333333332,32552.79674796748,29297.71359574443,28904.238347659197,24039.0,
store_78,2015-06-29,2015-05-18,36758.0,32738.0,29197.833333333332,32515.756097560974,35401.18928896976,28904.238347659197,33196.0,
store_78,2015-07-06,2015-05-18,27139.0,32738.0,29197.833333333332,32478.71544715447,27098.040036628892,28904.238347659197,22691.0,
store_78,2015-07-13,2015-05-18,33606.0,32738.0,29197.833333333332,32441.674796747968,32637.11459029569,28904.238347659197,28447.0,
store_79,2015-02-02,2015-01-26,38583.0,40488.0,37525.833333333336,40520.92523364486,38257.12410910412,36586.781914468556,39843.0,
store_79,2015-02-09,2015-01-26,30719.0,40488.0,37525.833333333336,40553.85046728972,30943.347514067926,36631.23521991928,28010.0,
store_79,2015-02-16,2015-01-26,38523.0,40488.0,37525.833333333336,40586.77570093458,38274.12826056584,36675.68852537001,35362.0,
store_79,2015-02-23,2015-01-26,31083.0,40488.0,37525.833333333336,40619.700934579436,30451.416837067798,36720.141830820736,29849.0,
store_79,2015-03-02,2015-01-26,40872.0,40488.0,37525.833333333336,40652.6261682243,39908.972212442626,36764.59513627146,39860.0,
store_79,2015-03-09,2015-01-26,30172.0,40488.0,37525.833333333336,40685.55140186916,29284.045368856277,36809.04844172219,28907.0,
store_79,2015-03-16,2015-01-26,40616.0,40488.0,37525.833333333336,40718.47663551402,38838.07804377266,36853.501747172915,37557.0,
store_79,2015-03-23,2015-01-26,31070.0,40488.0,37525.833333333336,40751.40186915888,32138.492333851147,36897.95505262364,29670.0,
store_79,2015-03-02,2015-02-23,40872.0,31083.0,36348.333333333336,31030.00900900901,40105.04382962479,36472.71605565988,39860.0,
store_79,2015-03-09,2015-02-23,30172.0,31083.0,36348.333333333336,30977.018018018018,29437.684163191512,36513.171626460346,28907.0,
store_79,2015-03-16,2015-02-23,40616.0,31083.0,36348.333333333336,30924.027027027027,38974.1475627,36553.62719726081,37557.0,
store_79,2015-03-23,2015-02-23,31070.0,31083.0,36348.333333333336,30871.036036036036,32252.288131345063,36594.08276806128,29670.0,
store_79,2015-03-30,2015-02-23,45959.0,31083.0,36348.333333333336,30818.045045045044,44145.808705947595,36634.53833886174,41311.0,
store_79,2015-04-06,2015-02-23,26877.0,31083.0,36348.333333333336,30765.054054054053,26276.794186805502,36674.993909662204,29780.0,
store_79,2015-04-13,2015-02-23,39985.0,31083.0,36348.333333333336,30712.063063063062,39531.07622844103,36715.44948046267,39331.0,
store_79,2015-04-20,2015-02-23,29846.0,31083.0,36348.333333333336,30659.07207207207,30642.358080394843,36755.90505126313,24152.0,
store_79,2015-03-30,2015-03-23,45959.0,31070.0,35722.25,31018.739130434784,44910.252885086076,36503.417099712635,41311.0,
store_79,2015-04-06,2015-03-23,26877.0,31070.0,35722.25,30967.478260869564,27177.677404010778,36541.89974255761,29780.0,
store_79,2015-04-13,2015-03-23,39985.0,31070.0,35722.25,30916.217391304348,40102.856199439564,36580.38238540258,39331.0,
store_79,2015-04-20,2015-03-23,29846.0,31070.0,35722.25,30864.956521739132,31023.491654843332,36618.86502824756,24152.0,
store_79,2015-04-27,2015-03-23,40964.0,31070.0,35722.25,30813.695652173912,40567.070440651725,36657.34767109253,38196.0,
store_79,2015-05-04,2015-03-23,41266.0,31070.0,35722.25,30762.434782608696,42027.339634451295,36695.8303139375,41675.0,
store_79,2015-05-11,2015-03-23,30860.0,31070.0,35722.25,30711.17391304348,30872.502175027148,36734.31295678247,28313.0,
store_79,2015-05-18,2015-03-23,40678.0,31070.0,35722.25,30659.91304347826,40607.63873977052,36772.79559962745,36444.0,
store_79,2015-04-27,2015-04-20,40964.0,29846.0,35358.75,29786.176470588234,40399.05913316981,36606.18902687476,38196.0,
store_79,2015-05-04,2015-04-20,41266.0,29846.0,35358.75,29726.352941176472,41866.74333387962,36644.18069280952,41675.0,
store_79,2015-05-11,2015-04-20,30860.0,29846.0,35358.75,29666.529411764706,30747.384569235383,36682.172358744276,28313.0,
store_79,2015-05-18,2015-04-20,40678.0,29846.0,35358.75,29606.70588235294,40391.63963985758,36720.16402467903,36444.0,
store_79,2015-05-25,2015-04-20,29874.0,29846.0,35358.75,29546.882352941175,29714.811983419964,36758.155690613785,30007.0,
store_79,2015-06-01,2015-04-20,38971.0,29846.0,35358.75,29487.058823529413,39186.196095862804,36796.14735654854,40413.0,
store_79,2015-06-08,2015-04-20,31982.0,29846.0,35358.75,29427.235294117647,31264.446389353223,36834.1390224833,28221.0,
store_79,2015-06-15,2015-04-20,42349.0,29846.0,35358.75,29367.41176470588,42227.32423686278,36872.13068841806,36540.0,
store_79,2015-05-25,2015-05-18,29874.0,40678.0,36597.083333333336,40708.186991869916,29750.701779523864,36914.200184680914,30007.0,
store_79,2015-06-01,2015-05-18,38971.0,40678.0,36597.083333333336,40738.37398373984,39260.673668222735,36954.066589514325,40413.0,
store_79,2015-06-08,2015-05-18,31982.0,40678.0,36597.083333333336,40768.560975609755,31312.086327078287,36993.93299434773,28221.0,
store_79,2015-06-15,2015-05-18,42349.0,40678.0,36597.083333333336,40798.74796747968,42283.53471649997,37033.79939918114,36540.0,
store_79,2015-06-22,2015-05-18,30012.0,40678.0,36597.083333333336,40828.93495934959,29834.54964502901,37073.66580401454,30781.0,
store_79,2015-06-29,2015-05-18,43474.0,40678.0,36597.083333333336,40859.12195121951,40243.891688018804,37113.53220884795,44494.0,
store_79,2015-07-06,2015-05-18,33912.0,40678.0,36597.083333333336,40889.30894308943,34090.49769658421,37153.398613681355,28878.0,
store_79,2015-07-13,2015-05-18,41465.0,40678.0,36597.083333333336,40919.49593495935,41400.224743535626,37193.265018514765,40065.0,
store_8,2015-02-02,2015-01-26,49586.0,51645.0,49625.833333333336,51656.943925233645,53704.537044533645,43998.47543705321,55987.0,
store_8,2015-02-09,2015-01-26,35565.0,51645.0,49625.833333333336,51668.88785046729,34600.86781211643,43998.47543705321,34972.0,
store_8,2015-02-16,2015-01-26,49315.0,51645.0,49625.833333333336,51680.831775700935,48219.674272569806,43998.47543705321,49064.0,
store_8,2015-02-23,2015-01-26,35006.0,51645.0,49625.833333333336,51692.77570093458,33813.16953029734,43998.47543705321,34741.0,
store_8,2015-03-02,2015-01-26,51871.0,51645.0,49625.833333333336,51704.719626168226,49715.485177411865,43998.47543705321,51933.0,
store_8,2015-03-09,2015-01-26,41057.0,51645.0,49625.833333333336,51716.66355140187,36315.609668049976,43998.47543705321,32428.0,
store_8,2015-03-16,2015-01-26,54320.0,51645.0,49625.833333333336,51728.607476635516,51674.61026381645,43998.47543705321,45820.0,
store_8,2015-03-23,2015-01-26,39975.0,51645.0,49625.833333333336,51740.55140186916,38631.96710196883,43998.47543705321,38233.0,
store_8,2015-03-02,2015-02-23,51871.0,35006.0,45489.666666666664,34867.61261261261,50977.38156163616,43937.64816772403,51933.0,
store_8,2015-03-09,2015-02-23,41057.0,35006.0,45489.666666666664,34729.22522522522,38410.166165486604,43937.64816772403,32428.0,
store_8,2015-03-16,2015-02-23,54320.0,35006.0,45489.666666666664,34590.83783783784,53229.342839639634,43937.64816772403,45820.0,
store_8,2015-03-23,2015-02-23,39975.0,35006.0,45489.666666666664,34452.45045045045,38261.48797830803,43937.64816772403,38233.0,
store_8,2015-03-30,2015-02-23,61408.0,35006.0,45489.666666666664,34314.06306306306,54122.74516035803,43937.64816772403,49555.0,
store_8,2015-04-06,2015-02-23,32868.0,35006.0,45489.666666666664,34175.67567567567,31930.853100471566,43937.64816772403,38212.0,
store_8,2015-04-13,2015-02-23,53995.0,35006.0,45489.666666666664,34037.28828828829,53130.47365677897,43937.64816772403,54659.0,
store_8,2015-04-20,2015-02-23,34949.0,35006.0,45489.666666666664,33898.9009009009,35476.77912229458,43937.64816772403,28148.0,
store_8,2015-03-30,2015-03-23,61408.0,39975.0,45653.5,39884.63478260869,54972.97265917313,44042.11151289892,49555.0,
store_8,2015-04-06,2015-03-23,32868.0,39975.0,45653.5,39794.26956521739,32648.046544342167,44042.11151289892,38212.0,
store_8,2015-04-13,2015-03-23,53995.0,39975.0,45653.5,39703.90434782609,53929.707764960156,44042.11151289892,54659.0,
store_8,2015-04-20,2015-03-23,34949.0,39975.0,45653.5,39613.53913043478,36180.71431955418,44042.11151289892,28148.0,
store_8,2015-04-27,2015-03-23,50480.0,39975.0,45653.5,39523.17391304348,49545.51832866177,44042.11151289892,46557.0,
store_8,2015-05-04,2015-03-23,53330.0,39975.0,45653.5,39432.80869565217,50662.17433154294,44042.11151289892,49614.0,
store_8,2015-05-11,2015-03-23,34003.0,39975.0,45653.5,39342.44347826087,33903.43068238775,44042.11151289892,34202.0,
store_8,2015-05-18,2015-03-23,51598.0,39975.0,45653.5,39252.078260869566,51792.56850305995,44042.11151289892,48128.0,
store_8,2015-04-27,2015-04-20,50480.0,34949.0,44992.916666666664,34819.43697478992,50119.356374378316,44094.71750574029,46557.0,
store_8,2015-05-04,2015-04-20,53330.0,34949.0,44992.916666666664,34689.87394957983,51309.26765388294,44094.71750574029,49614.0,
store_8,2015-05-11,2015-04-20,34003.0,34949.0,44992.916666666664,34560.31092436975,34541.37481660531,44094.71750574029,34202.0,
store_8,2015-05-18,2015-04-20,51598.0,34949.0,44992.916666666664,34430.747899159665,52595.02870999486,44094.71750574029,48128.0,
store_8,2015-05-25,2015-04-20,34082.0,34949.0,44992.916666666664,34301.184873949576,32174.594530360966,44094.71750574029,32809.0,
store_8,2015-06-01,2015-04-20,56285.0,34949.0,44992.916666666664,34171.621848739494,54695.10510164434,44094.71750574029,52384.0,
store_8,2015-06-08,2015-04-20,35956.0,34949.0,44992.916666666664,34042.05882352941,42536.26801013065,44094.71750574029,31350.0,
store_8,2015-06-15,2015-04-20,55223.0,34949.0,44992.916666666664,33912.49579831933,53120.047807907235,44094.71750574029,50111.0,
store_8,2015-05-25,2015-05-18,34082.0,51598.0,46654.5,51608.0081300813,32107.848060095894,44201.81727882053,32809.0,
store_8,2015-06-01,2015-05-18,56285.0,51598.0,46654.5,51618.0162601626,54704.080085867536,44201.81727882053,52384.0,
store_8,2015-06-08,2015-05-18,35956.0,51598.0,46654.5,51628.0243902439,42492.28320984538,44201.81727882053,31350.0,
store_8,2015-06-15,2015-05-18,55223.0,51598.0,46654.5,51638.03252032521,53136.71413053312,44201.81727882053,50111.0,
store_8,2015-06-22,2015-05-18,36000.0,51598.0,46654.5,51648.0406504065,35913.61113881593,44201.81727882053,34852.0,
store_8,2015-06-29,2015-05-18,55523.0,51598.0,46654.5,51658.04878048781,53947.05299179445,44201.81727882053,51839.0,
store_8,2015-07-06,2015-05-18,37816.0,51598.0,46654.5,51668.0569105691,39059.00540292238,44201.81727882053,38823.0,
store_8,2015-07-13,2015-05-18,55205.0,51598.0,46654.5,51678.06504065041,55930.25073119717,44201.81727882053,48087.0,
store_80,2015-02-02,2015-01-26,51364.0,50440.0,46957.333333333336,50470.52336448598,51576.734752994824,43066.45745297461,49916.0,
store_80,2015-02-09,2015-01-26,35835.0,50440.0,46957.333333333336,50501.04672897196,35009.22623893735,43066.45745297461,37991.0,
store_80,2015-02-16,2015-01-26,48353.0,50440.0,46957.333333333336,50531.57009345794,45419.53503483707,43066.45745297461,46265.0,
store_80,2015-02-23,2015-01-26,40311.0,50440.0,46957.333333333336,50562.09345794393,38772.14808580741,43066.45745297461,37821.0,
store_80,2015-03-02,2015-01-26,51458.0,50440.0,46957.333333333336,50592.6168224299,50029.94723243646,43066.45745297461,52204.0,
store_80,2015-03-09,2015-01-26,40441.0,50440.0,46957.333333333336,50623.14018691589,38159.49021373276,43066.45745297461,36846.0,
store_80,2015-03-16,2015-01-26,48285.0,50440.0,46957.333333333336,50653.66355140187,47110.12624285702,43066.45745297461,44770.0,
store_80,2015-03-23,2015-01-26,40407.0,50440.0,46957.333333333336,50684.18691588785,39887.45007045911,43066.45745297461,40514.0,
store_80,2015-03-02,2015-02-23,51458.0,40311.0,44809.75,40249.17117117117,50046.654225866405,43100.34064327822,52204.0,
store_80,2015-03-09,2015-02-23,40441.0,40311.0,44809.75,40187.342342342345,38149.39640520266,43100.34064327822,36846.0,
store_80,2015-03-16,2015-02-23,48285.0,40311.0,44809.75,40125.51351351351,47092.14302076206,43100.34064327822,44770.0,
store_80,2015-03-23,2015-02-23,40407.0,40311.0,44809.75,40063.68468468468,39892.26493314964,43100.34064327822,40514.0,
store_80,2015-03-30,2015-02-23,50071.0,40311.0,44809.75,40001.85585585586,47861.81570373387,43100.34064327822,53514.0,
store_80,2015-04-06,2015-02-23,35279.0,40311.0,44809.75,39940.02702702703,34840.14803532276,43100.34064327822,40596.0,
store_80,2015-04-13,2015-02-23,50332.0,40311.0,44809.75,39878.198198198195,48862.65641900599,43100.34064327822,46439.0,
store_80,2015-04-20,2015-02-23,37240.0,40311.0,44809.75,39816.36936936937,36412.845081262516,43100.34064327822,30245.0,
store_80,2015-03-30,2015-03-23,50071.0,40407.0,44427.166666666664,40348.15652173913,47853.059721830716,43167.80199179157,53514.0,
store_80,2015-04-06,2015-03-23,35279.0,40407.0,44427.166666666664,40289.31304347826,34830.495929010045,43167.80199179157,40596.0,
store_80,2015-04-13,2015-03-23,50332.0,40407.0,44427.166666666664,40230.46956521739,48856.06377610861,43167.80199179157,46439.0,
store_80,2015-04-20,2015-03-23,37240.0,40407.0,44427.166666666664,40171.62608695652,36424.45582879223,43167.80199179157,30245.0,
store_80,2015-04-27,2015-03-23,48594.0,40407.0,44427.166666666664,40112.782608695656,46653.47815339956,43167.80199179157,46232.0,
store_80,2015-05-04,2015-03-23,53998.0,40407.0,44427.166666666664,40053.93913043478,53591.291249940004,43167.80199179157,50942.0,
store_80,2015-05-11,2015-03-23,35920.0,40407.0,44427.166666666664,39995.09565217391,35272.50630872368,43167.80199179157,36669.0,
store_80,2015-05-18,2015-03-23,49106.0,40407.0,44427.166666666664,39936.252173913046,47536.77546866846,43167.80199179157,43894.0,
store_80,2015-04-27,2015-04-20,48594.0,37240.0,44114.666666666664,37156.52100840336,46996.879933194214,43170.659536001695,46232.0,
store_80,2015-05-04,2015-04-20,53998.0,37240.0,44114.666666666664,37073.04201680672,53860.17077158261,43170.659536001695,50942.0,
store_80,2015-05-11,2015-04-20,35920.0,37240.0,44114.666666666664,36989.56302521008,35548.59965298963,43170.659536001695,36669.0,
store_80,2015-05-18,2015-04-20,49106.0,37240.0,44114.666666666664,36906.08403361344,47772.422091404194,43170.659536001695,43894.0,
store_80,2015-05-25,2015-04-20,36862.0,37240.0,44114.666666666664,36822.60504201681,36514.50058539124,43170.659536001695,36157.0,
store_80,2015-06-01,2015-04-20,47916.0,37240.0,44114.666666666664,36739.12605042017,48392.26838357264,43170.659536001695,49389.0,
store_80,2015-06-08,2015-04-20,40473.0,37240.0,44114.666666666664,36655.64705882353,38608.10885447996,43170.659536001695,31986.0,
store_80,2015-06-15,2015-04-20,48001.0,37240.0,44114.666666666664,36572.16806722689,47633.14691743796,43170.659536001695,42255.0,
store_80,2015-05-25,2015-05-18,36862.0,49106.0,45094.25,49121.70731707317,36556.129324512236,43300.120760407124,36157.0,
store_80,2015-06-01,2015-05-18,47916.0,49106.0,45094.25,49137.41463414634,48515.07937709671,43300.120760407124,49389.0,
store_80,2015-06-08,2015-05-18,40473.0,49106.0,45094.25,49153.12195121951,38612.159585608395,43300.120760407124,31986.0,
store_80,2015-06-15,2015-05-18,48001.0,49106.0,45094.25,49168.829268292684,47626.151239475665,43300.120760407124,42255.0,
store_80,2015-06-22,2015-05-18,37029.0,49106.0,45094.25,49184.53658536585,37527.72244800232,43300.120760407124,37635.0,
store_80,2015-06-29,2015-05-18,53502.0,49106.0,45094.25,49200.243902439026,51277.385334606864,43300.120760407124,49315.0,
store_80,2015-07-06,2015-05-18,39744.0,49106.0,45094.25,49215.95121951219,39601.080487060855,43300.120760407124,35114.0,
store_80,2015-07-13,2015-05-18,48861.0,49106.0,45094.25,49231.65853658537,49881.58515913598,43300.120760407124,46011.0,
store_81,2015-02-02,2015-01-26,34982.0,35728.0,34760.5,35711.495327102806,35092.136992126565,31892.47782989813,38161.0,
store_81,2015-02-09,2015-01-26,28713.0,35728.0,34760.5,35694.990654205605,27922.894748756724,31892.47782989813,26747.0,
store_81,2015-02-16,2015-01-26,37041.0,35728.0,34760.5,35678.48598130841,37235.18849998575,31892.47782989813,35924.0,
store_81,2015-02-23,2015-01-26,28530.0,35728.0,34760.5,35661.98130841122,27112.716739688007,31892.47782989813,27204.0,
store_81,2015-03-02,2015-01-26,38395.0,35728.0,34760.5,35645.47663551402,37966.96218559621,31892.47782989813,37557.0,
store_81,2015-03-09,2015-01-26,27546.0,35728.0,34760.5,35628.97196261682,27648.4796166528,31892.47782989813,24998.0,
store_81,2015-03-16,2015-01-26,37203.0,35728.0,34760.5,35612.46728971963,38724.870645692754,31892.47782989813,34467.0,
store_81,2015-03-23,2015-01-26,26430.0,35728.0,34760.5,35595.96261682243,26537.751700994075,31892.47782989813,24608.0,
store_81,2015-03-02,2015-02-23,38395.0,28530.0,33344.916666666664,28449.243243243243,37969.811000698726,31913.706711517236,37557.0,
store_81,2015-03-09,2015-02-23,27546.0,28530.0,33344.916666666664,28368.486486486487,27705.139163279426,31913.706711517236,24998.0,
store_81,2015-03-16,2015-02-23,37203.0,28530.0,33344.916666666664,28287.72972972973,38729.02919184426,31913.706711517236,34467.0,
store_81,2015-03-23,2015-02-23,26430.0,28530.0,33344.916666666664,28206.972972972973,26592.491814186826,31913.706711517236,24608.0,
store_81,2015-03-30,2015-02-23,41103.0,28530.0,33344.916666666664,28126.216216216217,36517.81214573717,31913.706711517236,36883.0,
store_81,2015-04-06,2015-02-23,24570.0,28530.0,33344.916666666664,28045.45945945946,26436.399871697828,31913.706711517236,26337.0,
store_81,2015-04-13,2015-02-23,36833.0,28530.0,33344.916666666664,27964.702702702703,37210.59280955319,31913.706711517236,37414.0,
store_81,2015-04-20,2015-02-23,24303.0,28530.0,33344.916666666664,27883.945945945947,26513.952001309706,31913.706711517236,21302.0,
store_81,2015-03-30,2015-03-23,41103.0,26430.0,32506.583333333332,26333.791304347826,36510.78020161427,31930.599483940707,36883.0,
store_81,2015-04-06,2015-03-23,24570.0,26430.0,32506.583333333332,26237.58260869565,26438.10797052563,31930.599483940707,26337.0,
store_81,2015-04-13,2015-03-23,36833.0,26430.0,32506.583333333332,26141.373913043477,37189.92133280855,31930.599483940707,37414.0,
store_81,2015-04-20,2015-03-23,24303.0,26430.0,32506.583333333332,26045.165217391303,26502.99040849209,31930.599483940707,21302.0,
store_81,2015-04-27,2015-03-23,34959.0,26430.0,32506.583333333332,25948.956521739132,34660.110774286666,31930.599483940707,34665.0,
store_81,2015-05-04,2015-03-23,37077.0,26430.0,32506.583333333332,25852.747826086958,39267.94542266437,31930.599483940707,35924.0,
store_81,2015-05-11,2015-03-23,24248.0,26430.0,32506.583333333332,25756.539130434783,23620.30783471166,31930.599483940707,24297.0,
store_81,2015-05-18,2015-03-23,35654.0,26430.0,32506.583333333332,25660.33043478261,35281.79858363277,31930.599483940707,31444.0,
store_81,2015-04-27,2015-04-20,34959.0,24303.0,32137.416666666668,24192.1512605042,34724.75299217037,31922.333698313872,34665.0,
store_81,2015-05-04,2015-04-20,37077.0,24303.0,32137.416666666668,24081.302521008405,39303.85326062019,31922.333698313872,35924.0,
store_81,2015-05-11,2015-04-20,24248.0,24303.0,32137.416666666668,23970.453781512606,23533.55579778548,31922.333698313872,24297.0,
store_81,2015-05-18,2015-04-20,35654.0,24303.0,32137.416666666668,23859.605042016807,35312.36640817483,31922.333698313872,31444.0,
store_81,2015-05-25,2015-04-20,26757.0,24303.0,32137.416666666668,23748.756302521007,26757.536264804785,31922.333698313872,27458.0,
store_81,2015-06-01,2015-04-20,33252.0,24303.0,32137.416666666668,23637.907563025212,34756.69830242955,31922.333698313872,39367.0,
store_81,2015-06-08,2015-04-20,28422.0,24303.0,32137.416666666668,23527.058823529413,28282.78501404445,31922.333698313872,22307.0,
store_81,2015-06-15,2015-04-20,39429.0,24303.0,32137.416666666668,23416.210084033613,37510.95588755457,31922.333698313872,32513.0,
store_81,2015-05-25,2015-05-18,26757.0,35654.0,32360.083333333332,35639.0406504065,26803.988070541076,31957.790775633865,27458.0,
store_81,2015-06-01,2015-05-18,33252.0,35654.0,32360.083333333332,35624.081300813006,34778.56612837173,31957.790775633865,39367.0,
store_81,2015-06-08,2015-05-18,28422.0,35654.0,32360.083333333332,35609.12195121951,28277.31616274896,31957.790775633865,22307.0,
store_81,2015-06-15,2015-05-18,39429.0,35654.0,32360.083333333332,35594.16260162602,37478.99605572639,31957.790775633865,32513.0,
store_81,2015-06-22,2015-05-18,25119.0,35654.0,32360.083333333332,35579.20325203252,25020.526636551855,31957.790775633865,25114.0,
store_81,2015-06-29,2015-05-18,38465.0,35654.0,32360.083333333332,35564.243902439026,36059.03582230445,31957.790775633865,36148.0,
store_81,2015-07-06,2015-05-18,28298.0,35654.0,32360.083333333332,35549.28455284553,30999.992206649746,31957.790775633865,25498.0,
store_81,2015-07-13,2015-05-18,37114.0,35654.0,32360.083333333332,35534.32520325203,39315.82534850157,31957.790775633865,33479.0,
store_82,2015-02-02,2015-01-26,31276.0,29744.0,28402.416666666668,29740.766355140186,31627.710971474797,26654.344262346727,30473.0,
store_82,2015-02-09,2015-01-26,26768.0,29744.0,28402.416666666668,29737.532710280375,26333.915285924148,26654.344262346727,24405.0,
store_82,2015-02-16,2015-01-26,26451.0,29744.0,28402.416666666668,29734.29906542056,25930.479753806812,26654.344262346727,28708.0,
store_82,2015-02-23,2015-01-26,25811.0,29744.0,28402.416666666668,29731.065420560746,25201.42397108295,26654.344262346727,26265.0,
store_82,2015-03-02,2015-01-26,31140.0,29744.0,28402.416666666668,29727.831775700935,31225.725072614376,26654.344262346727,27417.0,
store_82,2015-03-09,2015-01-26,25395.0,29744.0,28402.416666666668,29724.59813084112,24482.714551569978,26654.344262346727,25802.0,
store_82,2015-03-16,2015-01-26,29822.0,29744.0,28402.416666666668,29721.364485981307,30114.9690112989,26654.344262346727,29589.0,
store_82,2015-03-23,2015-01-26,24811.0,29744.0,28402.416666666668,29718.130841121496,24222.153052561607,26654.344262346727,24643.0,
store_82,2015-03-02,2015-02-23,31140.0,25811.0,27515.833333333332,25772.45045045045,31383.75776493935,26693.385171906823,27417.0,
store_82,2015-03-09,2015-02-23,25395.0,25811.0,27515.833333333332,25733.900900900902,24508.416181648383,26693.385171906823,25802.0,
store_82,2015-03-16,2015-02-23,29822.0,25811.0,27515.833333333332,25695.35135135135,30135.3285294167,26693.385171906823,29589.0,
store_82,2015-03-23,2015-02-23,24811.0,25811.0,27515.833333333332,25656.8018018018,24245.253654344582,26693.385171906823,24643.0,
store_82,2015-03-30,2015-02-23,28417.0,25811.0,27515.833333333332,25618.252252252252,28886.312104875193,26693.385171906823,30858.0,
store_82,2015-04-06,2015-02-23,20923.0,25811.0,27515.833333333332,25579.702702702703,21354.83233288805,26693.385171906823,24498.0,
store_82,2015-04-13,2015-02-23,30510.0,25811.0,27515.833333333332,25541.153153153155,29550.094422821683,26693.385171906823,27988.0,
store_82,2015-04-20,2015-02-23,23602.0,25811.0,27515.833333333332,25502.603603603602,23309.504286972006,26693.385171906823,20445.0,
store_82,2015-03-30,2015-03-23,28417.0,24811.0,27605.416666666668,24765.095652173914,29031.813302680806,26728.41074668223,30858.0,
store_82,2015-04-06,2015-03-23,20923.0,24811.0,27605.416666666668,24719.191304347827,21358.860569434575,26728.41074668223,24498.0,
store_82,2015-04-13,2015-03-23,30510.0,24811.0,27605.416666666668,24673.28695652174,29645.81354119494,26728.41074668223,27988.0,
store_82,2015-04-20,2015-03-23,23602.0,24811.0,27605.416666666668,24627.38260869565,23357.505473567115,26728.41074668223,20445.0,
store_82,2015-04-27,2015-03-23,27274.0,24811.0,27605.416666666668,24581.478260869564,27010.28825895417,26728.41074668223,27897.0,
store_82,2015-05-04,2015-03-23,31354.0,24811.0,27605.416666666668,24535.573913043478,31850.42586471508,26728.41074668223,31509.0,
store_82,2015-05-11,2015-03-23,22422.0,24811.0,27605.416666666668,24489.66956521739,22870.36249020482,26728.41074668223,23936.0,
store_82,2015-05-18,2015-03-23,29703.0,24811.0,27605.416666666668,24443.765217391305,29580.22417312988,26728.41074668223,28482.0,
store_82,2015-04-27,2015-04-20,27274.0,23602.0,27077.166666666668,23547.47899159664,26957.96156487808,26699.62557842183,27897.0,
store_82,2015-05-04,2015-04-20,31354.0,23602.0,27077.166666666668,23492.95798319328,31850.509688442373,26699.62557842183,31509.0,
store_82,2015-05-11,2015-04-20,22422.0,23602.0,27077.166666666668,23438.436974789915,22896.167780420525,26699.62557842183,23936.0,
store_82,2015-05-18,2015-04-20,29703.0,23602.0,27077.166666666668,23383.915966386554,29583.29314926846,26699.62557842183,28482.0,
store_82,2015-05-25,2015-04-20,22345.0,23602.0,27077.166666666668,23329.394957983193,22442.88969447097,26699.62557842183,23013.0,
store_82,2015-06-01,2015-04-20,26926.0,23602.0,27077.166666666668,23274.873949579833,27717.93136592824,26699.62557842183,31437.0,
store_82,2015-06-08,2015-04-20,24305.0,23602.0,27077.166666666668,23220.352941176472,23877.051854405803,26699.62557842183,22109.0,
store_82,2015-06-15,2015-04-20,29006.0,23602.0,27077.166666666668,23165.831932773108,28642.862993262814,26699.62557842183,26960.0,
store_82,2015-05-25,2015-05-18,22345.0,29703.0,27114.416666666668,29699.853658536584,22484.1830628156,26731.72789001102,23013.0,
store_82,2015-06-01,2015-05-18,26926.0,29703.0,27114.416666666668,29696.70731707317,27636.740288829842,26731.72789001102,31437.0,
store_82,2015-06-08,2015-05-18,24305.0,29703.0,27114.416666666668,29693.560975609755,23964.376617968217,26731.72789001102,22109.0,
store_82,2015-06-15,2015-05-18,29006.0,29703.0,27114.416666666668,29690.414634146342,28725.82767229971,26731.72789001102,26960.0,
store_82,2015-06-22,2015-05-18,23094.0,29703.0,27114.416666666668,29687.268292682926,22580.49357919438,26731.72789001102,23306.0,
store_82,2015-06-29,2015-05-18,30619.0,29703.0,27114.416666666668,29684.121951219513,30039.727146805828,26731.72789001102,32287.0,
store_82,2015-07-06,2015-05-18,24001.0,29703.0,27114.416666666668,29680.975609756097,24448.885519634598,26731.72789001102,24107.0,
store_82,2015-07-13,2015-05-18,28740.0,29703.0,27114.416666666668,29677.829268292684,27567.76757576839,26731.72789001102,27564.0,
store_83,2015-02-02,2015-01-26,46520.0,40063.0,39770.833333333336,40081.66355140187,47682.74818323539,40271.31690350423,46687.0,
store_83,2015-02-09,2015-01-26,31588.0,40063.0,39770.833333333336,40100.32710280374,30994.713611354673,40341.99680111582,28722.0,
store_83,2015-02-16,2015-01-26,42032.0,40063.0,39770.833333333336,40118.990654205605,42765.09171795946,40412.6766987274,43008.0,
store_83,2015-02-23,2015-01-26,29573.0,40063.0,39770.833333333336,40137.654205607476,29390.14280680653,40483.35659633899,30412.0,
store_83,2015-03-02,2015-01-26,44953.0,40063.0,39770.833333333336,40156.31775700935,44718.035123456786,40554.03649395058,44348.0,
store_83,2015-03-09,2015-01-26,30091.0,40063.0,39770.833333333336,40174.98130841122,29193.96751764304,40624.71639156217,28543.0,
store_83,2015-03-16,2015-01-26,42232.0,40063.0,39770.833333333336,40193.64485981308,41630.135763203776,40695.39628917376,40545.0,
store_83,2015-03-23,2015-01-26,29087.0,40063.0,39770.833333333336,40212.30841121495,28998.41718470904,40766.07618678535,28657.0,
store_83,2015-03-02,2015-02-23,44953.0,29573.0,38016.75,29496.486486486487,44685.93412838933,40167.46833079491,44348.0,
store_83,2015-03-09,2015-02-23,30091.0,29573.0,38016.75,29419.972972972973,29163.534451840365,40232.45289729384,28543.0,
store_83,2015-03-16,2015-02-23,42232.0,29573.0,38016.75,29343.45945945946,41602.28040626452,40297.437463792776,40545.0,
store_83,2015-03-23,2015-02-23,29087.0,29573.0,38016.75,29266.945945945947,28968.17252416812,40362.42203029171,28657.0,
store_83,2015-03-30,2015-02-23,46273.0,29573.0,38016.75,29190.432432432433,42720.84736265821,40427.40659679064,45627.0,
store_83,2015-04-06,2015-02-23,26295.0,29573.0,38016.75,29113.91891891892,26943.392670180525,40492.391163289576,29978.0,
store_83,2015-04-13,2015-02-23,43907.0,29573.0,38016.75,29037.405405405407,43397.37122001183,40557.37572978851,43502.0,
store_83,2015-04-20,2015-02-23,28815.0,29573.0,38016.75,28960.891891891893,28363.3048735427,40622.36029628744,22893.0,
store_83,2015-03-30,2015-03-23,46273.0,29087.0,37227.75,29008.921739130434,42779.32511091625,40012.672962278186,45627.0,
store_83,2015-04-06,2015-03-23,26295.0,29087.0,37227.75,28930.84347826087,27002.673095973405,40072.03959592205,29978.0,
store_83,2015-04-13,2015-03-23,43907.0,29087.0,37227.75,28852.765217391305,43449.62828676901,40131.40622956592,43502.0,
store_83,2015-04-20,2015-03-23,28815.0,29087.0,37227.75,28774.68695652174,28380.725735283508,40190.77286320978,22893.0,
store_83,2015-04-27,2015-03-23,43007.0,29087.0,37227.75,28696.608695652172,41892.07212050917,40250.13949685365,43157.0,
store_83,2015-05-04,2015-03-23,43676.0,29087.0,37227.75,28618.53043478261,45420.26113568477,40309.50613049751,44847.0,
store_83,2015-05-11,2015-03-23,28851.0,29087.0,37227.75,28540.452173913043,28209.063006344106,40368.87276414138,28744.0,
store_83,2015-05-18,2015-03-23,42759.0,29087.0,37227.75,28462.373913043477,41507.82524028395,40428.23939778524,40041.0,
store_83,2015-04-27,2015-04-20,43007.0,28815.0,36780.5,28737.26050420168,42011.99940321879,40070.21626753262,43157.0,
store_83,2015-05-04,2015-04-20,43676.0,28815.0,36780.5,28659.52100840336,45506.87917239478,40088.9091898359,44847.0,
store_83,2015-05-11,2015-04-20,28851.0,28815.0,36780.5,28581.78151260504,28293.64255748142,40107.60211213917,28744.0,
store_83,2015-05-18,2015-04-20,42759.0,28815.0,36780.5,28504.04201680672,41578.25128241096,40126.295034442446,40041.0,
store_83,2015-05-25,2015-04-20,29735.0,28815.0,36780.5,28426.3025210084,28894.10041494762,40144.98795674572,29262.0,
store_83,2015-06-01,2015-04-20,41506.0,28815.0,36780.5,28348.563025210085,39897.33381352355,40163.680879048996,45825.0,
store_83,2015-06-08,2015-04-20,31948.0,28815.0,36780.5,28270.823529411766,31360.63175575754,40182.37380135227,28475.0,
store_83,2015-06-15,2015-04-20,43715.0,28815.0,36780.5,28193.084033613446,42616.33442934389,40201.066723655546,38916.0,
store_83,2015-05-25,2015-05-18,29735.0,42759.0,37495.5,42797.154471544716,28914.301655352603,39800.93376483701,29262.0,
store_83,2015-06-01,2015-05-18,41506.0,42759.0,37495.5,42835.30894308943,40044.860694075345,39801.19900819197,45825.0,
store_83,2015-06-08,2015-05-18,31948.0,42759.0,37495.5,42873.46341463415,31261.66395678721,39801.46425154694,28475.0,
store_83,2015-06-15,2015-05-18,43715.0,42759.0,37495.5,42911.617886178865,42514.485222492665,39801.7294949019,38916.0,
store_83,2015-06-22,2015-05-18,26377.0,42759.0,37495.5,42949.772357723574,26000.004931293835,39801.99473825686,28983.0,
store_83,2015-06-29,2015-05-18,48424.0,42759.0,37495.5,42987.92682926829,45330.222995509874,39802.259981611816,47976.0,
store_83,2015-07-06,2015-05-18,31964.0,42759.0,37495.5,43026.081300813006,29701.060268661866,39802.525224966776,29162.0,
store_83,2015-07-13,2015-05-18,45140.0,42759.0,37495.5,43064.23577235772,44703.461413381476,39802.79046832174,41654.0,
store_84,2015-02-02,2015-01-26,54013.0,55129.0,51616.833333333336,55207.95327102804,53667.23216566357,49817.91501147549,53416.0,
store_84,2015-02-09,2015-01-26,40777.0,55129.0,51616.833333333336,55286.90654205607,44867.07591746651,49915.72893557393,36637.0,
store_84,2015-02-16,2015-01-26,52101.0,55129.0,51616.833333333336,55365.85981308411,51916.85269274124,50013.54285967236,50966.0,
store_84,2015-02-23,2015-01-26,40725.0,55129.0,51616.833333333336,55444.81308411215,39666.91942509532,50111.35678377079,36552.0,
store_84,2015-03-02,2015-01-26,54437.0,55129.0,51616.833333333336,55523.766355140186,55587.551393238544,50209.17070786923,50769.0,
store_84,2015-03-09,2015-01-26,42760.0,55129.0,51616.833333333336,55602.719626168226,42980.74464082205,50306.98463196766,36160.0,
store_84,2015-03-16,2015-01-26,55348.0,55129.0,51616.833333333336,55681.67289719626,53871.159871246746,50404.79855606609,49321.0,
store_84,2015-03-23,2015-01-26,39985.0,55129.0,51616.833333333336,55760.6261682243,40261.70856637961,50502.61248016452,37308.0,
store_84,2015-03-02,2015-02-23,54437.0,40725.0,49403.75,40671.342342342345,55549.669767757594,49835.80305935958,50769.0,
store_84,2015-03-09,2015-02-23,42760.0,40725.0,49403.75,40617.68468468468,42846.97263693868,49928.13591625343,36160.0,
store_84,2015-03-16,2015-02-23,55348.0,40725.0,49403.75,40564.02702702703,53851.08437859218,50020.46877314727,49321.0,
store_84,2015-03-23,2015-02-23,39985.0,40725.0,49403.75,40510.36936936937,40156.144297666746,50112.80163004112,37308.0,
store_84,2015-03-30,2015-02-23,62167.0,40725.0,49403.75,40456.71171171171,57935.94514723882,50205.13448693496,53959.0,
store_84,2015-04-06,2015-02-23,36321.0,40725.0,49403.75,40403.05405405405,35512.63064080003,50297.46734382881,38306.0,
store_84,2015-04-13,2015-02-23,55629.0,40725.0,49403.75,40349.3963963964,54372.43236932612,50389.80020072265,53956.0,
store_84,2015-04-20,2015-02-23,37389.0,40725.0,49403.75,40295.738738738735,37431.6806041539,50482.1330576165,30411.0,
store_84,2015-03-30,2015-03-23,62167.0,39985.0,48453.25,39926.77391304348,57934.40182081932,49919.106417220355,53959.0,
store_84,2015-04-06,2015-03-23,36321.0,39985.0,48453.25,39868.54782608696,35506.33132082887,50007.82199260925,38306.0,
store_84,2015-04-13,2015-03-23,55629.0,39985.0,48453.25,39810.321739130435,54376.854076895615,50096.537567998144,53956.0,
store_84,2015-04-20,2015-03-23,37389.0,39985.0,48453.25,39752.09565217391,37426.86112647747,50185.25314338704,30411.0,
store_84,2015-04-27,2015-03-23,54551.0,39985.0,48453.25,39693.86956521739,52457.7313140678,50273.968718775934,49812.0,
store_84,2015-05-04,2015-03-23,56475.0,39985.0,48453.25,39635.64347826087,58292.167172142086,50362.68429416483,51286.0,
store_84,2015-05-11,2015-03-23,37956.0,39985.0,48453.25,39577.41739130435,37473.79687070475,50451.39986955372,38222.0,
store_84,2015-05-18,2015-03-23,53176.0,39985.0,48453.25,39519.19130434783,54074.38353734868,50540.11544494262,48785.0,
store_84,2015-04-27,2015-04-20,54551.0,37389.0,47637.666666666664,37310.91596638656,52545.141923783005,50143.0418079055,49812.0,
store_84,2015-05-04,2015-04-20,56475.0,37389.0,47637.666666666664,37232.83193277311,58410.711701737724,50229.98801049437,51286.0,
store_84,2015-05-11,2015-04-20,37956.0,37389.0,47637.666666666664,37154.747899159665,37478.89848795894,50316.934213083245,38222.0,
store_84,2015-05-18,2015-04-20,53176.0,37389.0,47637.666666666664,37076.663865546216,54142.3201033179,50403.88041567211,48785.0,
store_84,2015-05-25,2015-04-20,39523.0,37389.0,47637.666666666664,36998.57983193277,35685.37932901979,50490.82661826098,36390.0,
store_84,2015-06-01,2015-04-20,55466.0,37389.0,47637.666666666664,36920.49579831933,54245.69634546422,50577.77282084985,55525.0,
store_84,2015-06-08,2015-04-20,42981.0,37389.0,47637.666666666664,36842.41176470588,43344.46826591365,50664.71902343872,35320.0,
store_84,2015-06-15,2015-04-20,58724.0,37389.0,47637.666666666664,36764.32773109244,56795.185001140584,50751.665226027595,50365.0,
store_84,2015-05-25,2015-05-18,39523.0,53176.0,48849.5,53228.80487804878,35840.15453259232,50442.34434986676,36390.0,
store_84,2015-06-01,2015-05-18,55466.0,53176.0,48849.5,53281.60975609756,54388.23276143175,50528.53388603281,55525.0,
store_84,2015-06-08,2015-05-18,42981.0,53176.0,48849.5,53334.41463414634,43305.1778624938,50614.72342219886,35320.0,
store_84,2015-06-15,2015-05-18,58724.0,53176.0,48849.5,53387.21951219512,56754.31055508212,50700.91295836491,50365.0,
store_84,2015-06-22,2015-05-18,40359.0,53176.0,48849.5,53440.0243902439,39386.4248422376,50787.10249453096,38816.0,
store_84,2015-06-29,2015-05-18,60028.0,53176.0,48849.5,53492.829268292684,54280.13633048325,50873.29203069701,58919.0,
store_84,2015-07-06,2015-05-18,42649.0,53176.0,48849.5,53545.634146341465,39524.75263114285,50959.48156686306,38837.0,
store_84,2015-07-13,2015-05-18,54964.0,53176.0,48849.5,53598.439024390245,52312.277670960655,51045.67110302911,51160.0,
store_85,2015-02-02,2015-01-26,55632.0,54909.0,52161.166666666664,54932.66355140187,58394.37446704724,47417.90659646737,59200.0,
store_85,2015-02-09,2015-01-26,42472.0,54909.0,52161.166666666664,54956.32710280374,44291.61373267181,47417.90659646737,42361.0,
store_85,2015-02-16,2015-01-26,51546.0,54909.0,52161.166666666664,54979.990654205605,51986.17137487477,47417.90659646737,52084.0,
store_85,2015-02-23,2015-01-26,42768.0,54909.0,52161.166666666664,55003.654205607476,42970.03369738048,47417.90659646737,41143.0,
store_85,2015-03-02,2015-01-26,55947.0,54909.0,52161.166666666664,55027.31775700935,57092.498406223014,47417.90659646737,56120.0,
store_85,2015-03-09,2015-01-26,41486.0,54909.0,52161.166666666664,55050.98130841122,40239.67742480488,47417.90659646737,37256.0,
store_85,2015-03-16,2015-01-26,53694.0,54909.0,52161.166666666664,55074.64485981308,54139.56726599213,47417.90659646737,51622.0,
store_85,2015-03-23,2015-01-26,40773.0,54909.0,52161.166666666664,55098.30841121495,41179.560375811394,47417.90659646737,39318.0,
store_85,2015-03-02,2015-02-23,55947.0,42768.0,50202.583333333336,42681.43243243243,56998.58523545592,47440.78825141309,56120.0,
store_85,2015-03-09,2015-02-23,41486.0,42768.0,50202.583333333336,42594.86486486487,40177.91320027394,47440.78825141309,37256.0,
store_85,2015-03-16,2015-02-23,53694.0,42768.0,50202.583333333336,42508.2972972973,54070.352212719605,47440.78825141309,51622.0,
store_85,2015-03-23,2015-02-23,40773.0,42768.0,50202.583333333336,42421.72972972973,41099.85897097631,47440.78825141309,39318.0,
store_85,2015-03-30,2015-02-23,57497.0,42768.0,50202.583333333336,42335.16216216216,55480.288648314956,47440.78825141309,56498.0,
store_85,2015-04-06,2015-02-23,35808.0,42768.0,50202.583333333336,42248.59459459459,37244.51891877486,47440.78825141309,41507.0,
store_85,2015-04-13,2015-02-23,54175.0,42768.0,50202.583333333336,42162.02702702703,53626.7625181402,47440.78825141309,53360.0,
store_85,2015-04-20,2015-02-23,37461.0,42768.0,50202.583333333336,42075.45945945946,37458.78971441178,47440.78825141309,33386.0,
store_85,2015-03-30,2015-03-23,57497.0,40773.0,48676.083333333336,40672.09565217391,55463.23208117951,47458.961135715464,56498.0,
store_85,2015-04-06,2015-03-23,35808.0,40773.0,48676.083333333336,40571.19130434783,37209.8202082888,47458.961135715464,41507.0,
store_85,2015-04-13,2015-03-23,54175.0,40773.0,48676.083333333336,40470.28695652174,53611.16067120483,47458.961135715464,53360.0,
store_85,2015-04-20,2015-03-23,37461.0,40773.0,48676.083333333336,40369.382608695654,37463.88162481158,47458.961135715464,33386.0,
store_85,2015-04-27,2015-03-23,52144.0,40773.0,48676.083333333336,40268.47826086957,51944.625098519755,47458.961135715464,53950.0,
store_85,2015-05-04,2015-03-23,57658.0,40773.0,48676.083333333336,40167.57391304348,57664.9761985714,47458.961135715464,57660.0,
store_85,2015-05-11,2015-03-23,38767.0,40773.0,48676.083333333336,40066.669565217395,37428.224613123006,47458.961135715464,38787.0,
store_85,2015-05-18,2015-03-23,52012.0,40773.0,48676.083333333336,39965.7652173913,51713.09097575838,47458.961135715464,51955.0,
store_85,2015-04-27,2015-04-20,52144.0,37461.0,47438.25,37335.65546218488,50525.08421223792,47426.092881364144,53950.0,
store_85,2015-05-04,2015-04-20,57658.0,37461.0,47438.25,37210.31092436975,56229.71556216631,47426.092881364144,57660.0,
store_85,2015-05-11,2015-04-20,38767.0,37461.0,47438.25,37084.966386554624,38401.52334156591,47426.092881364144,38787.0,
store_85,2015-05-18,2015-04-20,52012.0,37461.0,47438.25,36959.621848739494,49951.01202531449,47426.092881364144,51955.0,
store_85,2015-05-25,2015-04-20,41017.0,37461.0,47438.25,36834.27731092437,37512.58447048054,47426.092881364144,41127.0,
store_85,2015-06-01,2015-04-20,53211.0,37461.0,47438.25,36708.93277310924,48565.13164671737,47426.092881364144,59047.0,
store_85,2015-06-08,2015-04-20,44395.0,37461.0,47438.25,36583.58823529412,40494.82997962132,47426.092881364144,36948.0,
store_85,2015-06-15,2015-04-20,56381.0,37461.0,47438.25,36458.24369747899,51258.68474205267,47426.092881364144,49402.0,
store_85,2015-05-25,2015-05-18,41017.0,52012.0,48118.5,52009.03252032521,38329.60194091995,47506.33522711933,41127.0,
store_85,2015-06-01,2015-05-18,53211.0,52012.0,48118.5,52006.06504065041,49251.1473750788,47506.33522711933,59047.0,
store_85,2015-06-08,2015-05-18,44395.0,52012.0,48118.5,52003.09756097561,40957.784155195455,47506.33522711933,36948.0,
store_85,2015-06-15,2015-05-18,56381.0,52012.0,48118.5,52000.13008130081,51645.1085734525,47506.33522711933,49402.0,
store_85,2015-06-22,2015-05-18,40505.0,52012.0,48118.5,51997.16260162602,38282.070791062266,47506.33522711933,40561.0,
store_85,2015-06-29,2015-05-18,59163.0,52012.0,48118.5,51994.19512195122,51102.80919210829,47506.33522711933,60575.0,
store_85,2015-07-06,2015-05-18,42515.0,52012.0,48118.5,51991.227642276426,38864.121534516016,47506.33522711933,40426.0,
store_85,2015-07-13,2015-05-18,55425.0,52012.0,48118.5,51988.260162601626,51047.79693534101,47506.33522711933,50427.0,
store_86,2015-02-02,2015-01-26,55466.0,57675.0,56573.5,57740.542056074766,55753.14600522474,54518.07282385918,53140.0,
store_86,2015-02-09,2015-01-26,43351.0,57675.0,56573.5,57806.08411214953,44564.258462813246,54625.621892897136,38774.0,
store_86,2015-02-16,2015-01-26,52661.0,57675.0,56573.5,57871.6261682243,53981.1877120759,54733.170961935095,52087.0,
store_86,2015-02-23,2015-01-26,44575.0,57675.0,56573.5,57937.168224299065,44385.42501605336,54840.720030973054,41006.0,
store_86,2015-03-02,2015-01-26,57026.0,57675.0,56573.5,58002.71028037383,57935.28287180165,54948.26910001101,53363.0,
store_86,2015-03-09,2015-01-26,43874.0,57675.0,56573.5,58068.2523364486,41433.17928516283,55055.818169048966,36519.0,
store_86,2015-03-16,2015-01-26,56409.0,57675.0,56573.5,58133.79439252336,54712.91921563149,55163.367238086925,51616.0,
store_86,2015-03-23,2015-01-26,44783.0,57675.0,56573.5,58199.33644859813,43789.689185295305,55270.916307124884,39982.0,
store_86,2015-03-02,2015-02-23,57026.0,44575.0,52634.0,44520.16216216216,58042.55229735856,54236.193121022974,53363.0,
store_86,2015-03-09,2015-02-23,43874.0,44575.0,52634.0,44465.32432432433,41394.00670808748,54333.74066364931,36519.0,
store_86,2015-03-16,2015-02-23,56409.0,44575.0,52634.0,44410.48648648649,54671.481038854305,54431.28820627565,51616.0,
store_86,2015-03-23,2015-02-23,44783.0,44575.0,52634.0,44355.64864864865,43751.091736099195,54528.83574890198,39982.0,
store_86,2015-03-30,2015-02-23,67552.0,44575.0,52634.0,44300.81081081081,64288.623462169395,54626.38329152832,56112.0,
store_86,2015-04-06,2015-02-23,37551.0,44575.0,52634.0,44245.97297297297,37158.96835994315,54723.93083415466,40792.0,
store_86,2015-04-13,2015-02-23,57328.0,44575.0,52634.0,44191.13513513513,57311.54328040311,54821.47837678099,60223.0,
store_86,2015-04-20,2015-02-23,41288.0,44575.0,52634.0,44136.2972972973,41165.440887189376,54919.02591940733,32666.0,
store_86,2015-03-30,2015-03-23,67552.0,44783.0,50255.75,44731.87826086956,64124.60232558448,54162.94708394299,56112.0,
store_86,2015-04-06,2015-03-23,37551.0,44783.0,50255.75,44680.75652173913,36877.32102033142,54254.03905303021,40792.0,
store_86,2015-04-13,2015-03-23,57328.0,44783.0,50255.75,44629.63478260869,57312.16983024563,54345.131022117435,60223.0,
store_86,2015-04-20,2015-03-23,41288.0,44783.0,50255.75,44578.51304347826,41277.048689165065,54436.22299120465,32666.0,
store_86,2015-04-27,2015-03-23,54842.0,44783.0,50255.75,44527.391304347824,52238.22857051854,54527.31496029187,53025.0,
store_86,2015-05-04,2015-03-23,56861.0,44783.0,50255.75,44476.26956521739,58003.31381360163,54618.40692937909,55973.0,
store_86,2015-05-11,2015-03-23,39658.0,44783.0,50255.75,44425.147826086955,40236.23452162901,54709.49889846631,39051.0,
store_86,2015-05-18,2015-03-23,55316.0,44783.0,50255.75,44374.026086956525,55389.22016901896,54800.590867553525,51913.0,
store_86,2015-04-27,2015-04-20,54842.0,41288.0,50155.333333333336,41209.226890756305,52025.00771887522,54211.23873160998,53025.0,
store_86,2015-05-04,2015-04-20,56861.0,41288.0,50155.333333333336,41130.4537815126,58069.76952079298,54298.432641417334,55973.0,
store_86,2015-05-11,2015-04-20,39658.0,41288.0,50155.333333333336,41051.68067226891,40051.44642546504,54385.62655122469,39051.0,
store_86,2015-05-18,2015-04-20,55316.0,41288.0,50155.333333333336,40972.90756302521,55425.40330099058,54472.820461032046,51913.0,
store_86,2015-05-25,2015-04-20,42777.0,41288.0,50155.333333333336,40894.13445378151,38866.94666877507,54560.0143708394,43936.0,
store_86,2015-06-01,2015-04-20,58016.0,41288.0,50155.333333333336,40815.361344537814,55931.15640313859,54647.20828064676,60465.0,
store_86,2015-06-08,2015-04-20,43125.0,41288.0,50155.333333333336,40736.58823529412,40261.78870470202,54734.402190454115,37140.0,
store_86,2015-06-15,2015-04-20,56252.0,41288.0,50155.333333333336,40657.815126050424,56133.45764399778,54821.59610026147,54653.0,
store_86,2015-05-25,2015-05-18,42777.0,55316.0,51040.666666666664,55353.83739837398,39227.914293514994,54225.16261113368,43936.0,
store_86,2015-06-01,2015-05-18,58016.0,55316.0,51040.666666666664,55391.67479674797,55914.53475128169,54307.9206501722,60465.0,
store_86,2015-06-08,2015-05-18,43125.0,55316.0,51040.666666666664,55429.51219512195,40137.732841072415,54390.67868921073,37140.0,
store_86,2015-06-15,2015-05-18,56252.0,55316.0,51040.666666666664,55467.349593495936,56123.32105180636,54473.43672824925,54653.0,
store_86,2015-06-22,2015-05-18,41020.0,55316.0,51040.666666666664,55505.186991869916,40384.11829495125,54556.19476728778,39408.0,
store_86,2015-06-29,2015-05-18,61181.0,55316.0,51040.666666666664,55543.0243902439,56052.10706708996,54638.9528063263,56957.0,
store_86,2015-07-06,2015-05-18,47286.0,55316.0,51040.666666666664,55580.86178861788,44579.05234623033,54721.710845364825,43089.0,
store_86,2015-07-13,2015-05-18,58713.0,55316.0,51040.666666666664,55618.69918699187,55262.04729746649,54804.46888440335,54199.0,
store_87,2015-02-02,2015-01-26,38808.0,39337.0,33694.75,39355.73831775701,40444.355900609895,31966.083568710965,41145.0,
store_87,2015-02-09,2015-01-26,28850.0,39337.0,33694.75,39374.47663551402,31121.365475921863,31966.083568710965,25458.0,
store_87,2015-02-16,2015-01-26,36287.0,39337.0,33694.75,39393.214953271025,36020.29390642088,31966.083568710965,36824.0,
store_87,2015-02-23,2015-01-26,28497.0,39337.0,33694.75,39411.95327102804,29629.530617416254,31966.083568710965,26026.0,
store_87,2015-03-02,2015-01-26,41062.0,39337.0,33694.75,39430.69158878505,41125.97010320297,31966.083568710965,38610.0,
store_87,2015-03-09,2015-01-26,25845.0,39337.0,33694.75,39449.42990654206,27173.14735901481,31966.083568710965,25826.0,
store_87,2015-03-16,2015-01-26,37782.0,39337.0,33694.75,39468.168224299065,38618.14426347372,31966.083568710965,37093.0,
store_87,2015-03-23,2015-01-26,27555.0,39337.0,33694.75,39486.90654205607,27121.70477768703,31966.083568710965,25627.0,
store_87,2015-03-02,2015-02-23,41062.0,28497.0,32681.333333333332,28417.405405405407,40265.570712561086,32003.39973674988,38610.0,
store_87,2015-03-09,2015-02-23,25845.0,28497.0,32681.333333333332,28337.81081081081,26290.26613649108,32003.39973674988,25826.0,
store_87,2015-03-16,2015-02-23,37782.0,28497.0,32681.333333333332,28258.216216216217,37864.620222347505,32003.39973674988,37093.0,
store_87,2015-03-23,2015-02-23,27555.0,28497.0,32681.333333333332,28178.62162162162,26241.01587002516,32003.39973674988,25627.0,
store_87,2015-03-30,2015-02-23,39036.0,28497.0,32681.333333333332,28099.027027027027,37059.17494732688,32003.39973674988,40550.0,
store_87,2015-04-06,2015-02-23,22157.0,28497.0,32681.333333333332,28019.432432432433,21360.111044949685,32003.39973674988,27111.0,
store_87,2015-04-13,2015-02-23,39112.0,28497.0,32681.333333333332,27939.837837837837,38627.99935256926,32003.39973674988,37252.0,
store_87,2015-04-20,2015-02-23,26330.0,28497.0,32681.333333333332,27860.243243243243,26080.95250401092,32003.39973674988,20811.0,
store_87,2015-03-30,2015-03-23,39036.0,27555.0,33503.833333333336,27469.982608695653,37458.62507156003,32038.65715225013,40550.0,
store_87,2015-04-06,2015-03-23,22157.0,27555.0,33503.833333333336,27384.965217391305,21727.313361005625,32038.65715225013,27111.0,
store_87,2015-04-13,2015-03-23,39112.0,27555.0,33503.833333333336,27299.94782608696,39190.35377106725,32038.65715225013,37252.0,
store_87,2015-04-20,2015-03-23,26330.0,27555.0,33503.833333333336,27214.930434782607,26658.754226911784,32038.65715225013,20811.0,
store_87,2015-04-27,2015-03-23,36275.0,27555.0,33503.833333333336,27129.91304347826,36759.86511521845,32038.65715225013,38910.0,
store_87,2015-05-04,2015-03-23,39167.0,27555.0,33503.833333333336,27044.895652173913,39715.30654836708,32038.65715225013,39074.0,
store_87,2015-05-11,2015-03-23,25069.0,27555.0,33503.833333333336,26959.878260869566,24928.202607462765,32038.65715225013,24869.0,
store_87,2015-05-18,2015-03-23,37180.0,27555.0,33503.833333333336,26874.86086956522,38490.416734667466,32038.65715225013,38334.0,
store_87,2015-04-27,2015-04-20,36275.0,26330.0,32610.083333333332,26237.546218487394,36470.716600578395,32017.370905549215,38910.0,
store_87,2015-05-04,2015-04-20,39167.0,26330.0,32610.083333333332,26145.092436974788,39440.864173324924,32017.370905549215,39074.0,
store_87,2015-05-11,2015-04-20,25069.0,26330.0,32610.083333333332,26052.638655462186,24506.369217206513,32017.370905549215,24869.0,
store_87,2015-05-18,2015-04-20,37180.0,26330.0,32610.083333333332,25960.18487394958,38212.794013497674,32017.370905549215,38334.0,
store_87,2015-05-25,2015-04-20,25414.0,26330.0,32610.083333333332,25867.731092436974,23637.888073479022,32017.370905549215,24491.0,
store_87,2015-06-01,2015-04-20,36020.0,26330.0,32610.083333333332,25775.277310924368,34829.36627205269,32017.370905549215,42680.0,
store_87,2015-06-08,2015-04-20,26989.0,26330.0,32610.083333333332,25682.823529411766,26769.53947910804,32017.370905549215,24035.0,
store_87,2015-06-15,2015-04-20,38986.0,26330.0,32610.083333333332,25590.36974789916,38093.55851940335,32017.370905549215,35298.0,
store_87,2015-05-25,2015-05-18,25414.0,37180.0,33047.5,37178.76422764228,23483.63198137229,32094.354614353524,24491.0,
store_87,2015-06-01,2015-05-18,36020.0,37180.0,33047.5,37177.528455284555,34678.3463411817,32094.354614353524,42680.0,
store_87,2015-06-08,2015-05-18,26989.0,37180.0,33047.5,37176.29268292683,26554.083214422615,32094.354614353524,24035.0,
store_87,2015-06-15,2015-05-18,38986.0,37180.0,33047.5,37175.0569105691,37919.65200018448,32094.354614353524,35298.0,
store_87,2015-06-22,2015-05-18,26479.0,37180.0,33047.5,37173.82113821138,25528.66030534927,32094.354614353524,25137.0,
store_87,2015-06-29,2015-05-18,41360.0,37180.0,33047.5,37172.58536585366,37919.245893604646,32094.354614353524,43514.0,
store_87,2015-07-06,2015-05-18,27711.0,37180.0,33047.5,37171.349593495936,25608.380722542064,32094.354614353524,25868.0,
store_87,2015-07-13,2015-05-18,37540.0,37180.0,33047.5,37170.11382113821,35794.56883481798,32094.354614353524,37395.0,
store_88,2015-02-02,2015-01-26,44426.0,40430.0,43321.5,40310.6261682243,45778.549497530475,41909.15236711976,54330.0,
store_88,2015-02-09,2015-01-26,27765.0,40430.0,43321.5,40191.2523364486,28288.015254228216,41909.15236711976,33622.0,
store_88,2015-02-16,2015-01-26,43556.0,40430.0,43321.5,40071.878504672895,42879.902884751355,41909.15236711976,52342.0,
store_88,2015-02-23,2015-01-26,27970.0,40430.0,43321.5,39952.504672897194,28093.776048217245,41909.15236711976,30019.0,
store_88,2015-03-02,2015-01-26,44598.0,40430.0,43321.5,39833.13084112149,46062.43756785421,41909.15236711976,51932.0,
store_88,2015-03-09,2015-01-26,27656.0,40430.0,43321.5,39713.75700934579,27690.35615880984,41909.15236711976,30211.0,
store_88,2015-03-16,2015-01-26,42060.0,40430.0,43321.5,39594.3831775701,42909.78583952227,41909.15236711976,48392.0,
store_88,2015-03-23,2015-01-26,27524.0,40430.0,43321.5,39475.009345794395,26928.340812151408,41909.15236711976,29609.0,
store_88,2015-03-02,2015-02-23,44598.0,27970.0,39455.916666666664,27742.675675675677,45914.40079146321,41695.616319481494,51932.0,
store_88,2015-03-09,2015-02-23,27656.0,27970.0,39455.916666666664,27515.35135135135,27586.06756109046,41695.616319481494,30211.0,
store_88,2015-03-16,2015-02-23,42060.0,27970.0,39455.916666666664,27288.027027027027,42740.975135453744,41695.616319481494,48392.0,
store_88,2015-03-23,2015-02-23,27524.0,27970.0,39455.916666666664,27060.702702702703,26819.031028121244,41695.616319481494,29609.0,
store_88,2015-03-30,2015-02-23,46001.0,27970.0,39455.916666666664,26833.37837837838,42270.5841585719,41695.616319481494,52210.0,
store_88,2015-04-06,2015-02-23,26253.0,27970.0,39455.916666666664,26606.054054054053,26077.92127489741,41695.616319481494,32599.0,
store_88,2015-04-13,2015-02-23,45557.0,27970.0,39455.916666666664,26378.72972972973,47042.395692888414,41695.616319481494,49034.0,
store_88,2015-04-20,2015-02-23,26719.0,27970.0,39455.916666666664,26151.405405405407,29044.9409669335,41695.616319481494,25280.0,
store_88,2015-03-30,2015-03-23,46001.0,27524.0,37079.75,27300.704347826086,42060.00758349756,41491.61971469899,52210.0,
store_88,2015-04-06,2015-03-23,26253.0,27524.0,37079.75,27077.408695652175,26022.242097415496,41491.61971469899,32599.0,
store_88,2015-04-13,2015-03-23,45557.0,27524.0,37079.75,26854.11304347826,46909.17543273186,41491.61971469899,49034.0,
store_88,2015-04-20,2015-03-23,26719.0,27524.0,37079.75,26630.817391304347,29034.32745898189,41491.61971469899,25280.0,
store_88,2015-04-27,2015-03-23,45235.0,27524.0,37079.75,26407.521739130436,44098.904983117245,41491.61971469899,49554.0,
store_88,2015-05-04,2015-03-23,46589.0,27524.0,37079.75,26184.22608695652,47475.609199763276,41491.61971469899,54450.0,
store_88,2015-05-11,2015-03-23,28600.0,27524.0,37079.75,25960.930434782607,27601.868875117972,41491.61971469899,30754.0,
store_88,2015-05-18,2015-03-23,43593.0,27524.0,37079.75,25737.634782608697,45133.329027986154,41491.61971469899,49137.0,
store_88,2015-04-27,2015-04-20,45235.0,26719.0,35840.416666666664,26496.44537815126,43691.78328184318,41303.382815365476,49554.0,
store_88,2015-05-04,2015-04-20,46589.0,26719.0,35840.416666666664,26273.89075630252,46993.59876940865,41303.382815365476,54450.0,
store_88,2015-05-11,2015-04-20,28600.0,26719.0,35840.416666666664,26051.33613445378,26913.23761307029,41303.382815365476,30754.0,
store_88,2015-05-18,2015-04-20,43593.0,26719.0,35840.416666666664,25828.78151260504,44730.21361288568,41303.382815365476,49137.0,
store_88,2015-05-25,2015-04-20,28379.0,26719.0,35840.416666666664,25606.2268907563,25449.64666522108,41303.382815365476,30923.0,
store_88,2015-06-01,2015-04-20,45026.0,26719.0,35840.416666666664,25383.67226890756,43721.37001591548,41303.382815365476,56117.0,
store_88,2015-06-08,2015-04-20,31637.0,26719.0,35840.416666666664,25161.117647058825,28928.030168495374,41303.382815365476,30662.0,
store_88,2015-06-15,2015-04-20,46592.0,26719.0,35840.416666666664,24938.563025210085,46076.41001317045,41303.382815365476,47373.0,
store_88,2015-05-25,2015-05-18,28379.0,43593.0,37532.083333333336,43514.86991869919,25881.099361443194,41287.70915472897,30923.0,
store_88,2015-06-01,2015-05-18,45026.0,43593.0,37532.083333333336,43436.739837398374,44012.96300645266,41287.70915472897,56117.0,
store_88,2015-06-08,2015-05-18,31637.0,43593.0,37532.083333333336,43358.60975609756,29241.159727274673,41287.70915472897,30662.0,
store_88,2015-06-15,2015-05-18,46592.0,43593.0,37532.083333333336,43280.47967479675,46237.47358245228,41287.70915472897,47373.0,
store_88,2015-06-22,2015-05-18,28292.0,43593.0,37532.083333333336,43202.349593495936,27969.555603165412,41287.70915472897,33528.0,
store_88,2015-06-29,2015-05-18,46522.0,43593.0,37532.083333333336,43124.21951219512,43375.419479534845,41287.70915472897,58844.0,
store_88,2015-07-06,2015-05-18,29916.0,43593.0,37532.083333333336,43046.08943089431,28392.478820863646,41287.70915472897,33829.0,
store_88,2015-07-13,2015-05-18,41055.0,43593.0,37532.083333333336,42967.9593495935,38728.00916880206,41287.70915472897,47989.0,
store_89,2015-02-02,2015-01-26,56985.0,56813.0,57757.833333333336,56905.44859813084,59168.0,56450.55442497973,57802.0,
store_89,2015-02-09,2015-01-26,45305.0,56813.0,57757.833333333336,56997.897196261685,45920.0,56562.95444737449,43579.0,
store_89,2015-02-16,2015-01-26,57270.0,56813.0,57757.833333333336,57090.345794392524,56928.0,56675.35446976924,56894.0,
store_89,2015-02-23,2015-01-26,43209.0,56813.0,57757.833333333336,57182.79439252336,42496.0,56787.75449216399,42366.0,
store_89,2015-03-02,2015-01-26,59468.0,56813.0,57757.833333333336,57275.2429906542,57088.0,56900.15451455875,57415.0,
store_89,2015-03-09,2015-01-26,47812.0,56813.0,57757.833333333336,57367.69158878505,47168.0,57012.5545369535,41714.0,
store_89,2015-03-16,2015-01-26,57966.0,56813.0,57757.833333333336,57460.14018691589,57248.0,57124.954559348254,54871.0,
store_89,2015-03-23,2015-01-26,45300.0,56813.0,57757.833333333336,57552.588785046726,43936.0,57237.35458174301,40119.0,
store_89,2015-03-02,2015-02-23,59468.0,43209.0,54403.0,43175.55855855856,57235.81261258836,56124.962445508245,57415.0,
store_89,2015-03-09,2015-02-23,47812.0,43209.0,54403.0,43142.117117117115,47086.95608539657,56227.0169911331,41714.0,
store_89,2015-03-16,2015-02-23,57966.0,43209.0,54403.0,43108.67567567567,57172.83441037701,56329.07153675796,54871.0,
store_89,2015-03-23,2015-02-23,45300.0,43209.0,54403.0,43075.23423423423,43839.670846068584,56431.12608238282,40119.0,
store_89,2015-03-30,2015-02-23,70233.0,43209.0,54403.0,43041.792792792796,66283.43658452696,56533.18062800768,59860.0,
store_89,2015-04-06,2015-02-23,39039.0,43209.0,54403.0,43008.35135135135,40622.21623430816,56635.235173632536,44118.0,
store_89,2015-04-13,2015-02-23,59993.0,43209.0,54403.0,42974.90990990991,60218.058894089925,56737.289719257395,63294.0,
store_89,2015-04-20,2015-02-23,42089.0,43209.0,54403.0,42941.46846846847,40135.82956874267,56839.34426488225,34126.0,
store_89,2015-03-30,2015-03-23,70233.0,45300.0,52137.916666666664,45285.90434782609,66172.47058765111,56058.35548748858,59860.0,
store_89,2015-04-06,2015-03-23,39039.0,45300.0,52137.916666666664,45271.80869565217,38040.66792375447,56153.55747534481,44118.0,
store_89,2015-04-13,2015-03-23,59993.0,45300.0,52137.916666666664,45257.71304347826,58696.25670158056,56248.75946320103,63294.0,
store_89,2015-04-20,2015-03-23,42089.0,45300.0,52137.916666666664,45243.617391304346,41637.9961055077,56343.96145105726,34126.0,
store_89,2015-04-27,2015-03-23,58647.0,45300.0,52137.916666666664,45229.52173913043,56879.222341784116,56439.16343891348,54784.0,
store_89,2015-05-04,2015-03-23,62214.0,45300.0,52137.916666666664,45215.42608695652,61871.97705182554,56534.365426769706,61137.0,
store_89,2015-05-11,2015-03-23,42764.0,45300.0,52137.916666666664,45201.330434782605,41266.21606305855,56629.567414625926,40406.0,
store_89,2015-05-18,2015-03-23,58878.0,45300.0,52137.916666666664,45187.2347826087,58327.303696412986,56724.769402482154,55207.0,
store_89,2015-04-27,2015-04-20,58647.0,42089.0,52055.75,42048.39495798319,57287.121134423,56160.25711629225,54784.0,
store_89,2015-05-04,2015-04-20,62214.0,42089.0,52055.75,42007.78991596639,62088.65385189071,56252.09022391679,61137.0,
store_89,2015-05-11,2015-04-20,42764.0,42089.0,52055.75,41967.184873949576,41445.060620010954,56343.92333154134,40406.0,
store_89,2015-05-18,2015-04-20,58878.0,42089.0,52055.75,41926.57983193277,58410.65014642089,56435.75643916588,55207.0,
store_89,2015-05-25,2015-04-20,43524.0,42089.0,52055.75,41885.97478991596,43076.666628822204,56527.58954679043,41977.0,
store_89,2015-06-01,2015-04-20,58250.0,42089.0,52055.75,41845.36974789916,57087.263129855965,56619.42265441497,60733.0,
store_89,2015-06-08,2015-04-20,46334.0,42089.0,52055.75,41804.76470588235,45755.68944995427,56711.25576203952,41219.0,
store_89,2015-06-15,2015-04-20,64286.0,42089.0,52055.75,41764.15966386555,62691.3250588138,56803.08886966406,54487.0,
store_89,2015-05-25,2015-05-18,43524.0,58878.0,53700.25,58975.21138211382,43485.36107073497,56392.30978491802,41977.0,
store_89,2015-06-01,2015-05-18,58250.0,58878.0,53700.25,59072.422764227646,57413.29847452519,56482.34807823702,60733.0,
store_89,2015-06-08,2015-05-18,46334.0,58878.0,53700.25,59169.634146341465,45766.55380989599,56572.386371556015,41219.0,
store_89,2015-06-15,2015-05-18,64286.0,58878.0,53700.25,59266.845528455284,62706.13654152814,56662.42466487501,54487.0,
store_89,2015-06-22,2015-05-18,43514.0,58878.0,53700.25,59364.0569105691,42801.11338733988,56752.46295819401,42171.0,
store_89,2015-06-29,2015-05-18,62401.0,58878.0,53700.25,59461.26829268293,59419.742558187194,56842.50125151301,59126.0,
store_89,2015-07-06,2015-05-18,48436.0,58878.0,53700.25,59558.47967479675,46474.256829054895,56932.539544832,45050.0,
store_89,2015-07-13,2015-05-18,60034.0,58878.0,53700.25,59655.69105691057,57365.49360941707,57022.577838150995,62266.0,
store_9,2015-02-02,2015-01-26,36277.0,35364.0,34008.5,35364.3738317757,37117.17813494743,31878.325720399785,37269.0,
store_9,2015-02-09,2015-01-26,27978.0,35364.0,34008.5,35364.7476635514,29657.526838228165,31878.325720399785,28166.0,
store_9,2015-02-16,2015-01-26,32583.0,35364.0,34008.5,35365.121495327105,32624.394507507415,31878.325720399785,36186.0,
store_9,2015-02-23,2015-01-26,28309.0,35364.0,34008.5,35365.495327102806,28641.548527826788,31878.325720399785,27932.0,
store_9,2015-03-02,2015-01-26,37234.0,35364.0,34008.5,35365.86915887851,36630.58170874923,31878.325720399785,35030.0,
store_9,2015-03-09,2015-01-26,28714.0,35364.0,34008.5,35366.2429906542,29161.082891100203,31878.325720399785,29029.0,
store_9,2015-03-16,2015-01-26,36333.0,35364.0,34008.5,35366.6168224299,36595.946084530995,31878.325720399785,36579.0,
store_9,2015-03-23,2015-01-26,28789.0,35364.0,34008.5,35366.990654205605,28537.641655172076,31878.325720399785,29359.0,
store_9,2015-03-02,2015-02-23,37234.0,28309.0,32237.666666666668,28245.8018018018,36267.49906712286,31856.85361178912,35030.0,
store_9,2015-03-09,2015-02-23,28714.0,28309.0,32237.666666666668,28182.603603603602,28753.743335175022,31856.85361178912,29029.0,
store_9,2015-03-16,2015-02-23,36333.0,28309.0,32237.666666666668,28119.405405405407,36232.70291280477,31856.85361178912,36579.0,
store_9,2015-03-23,2015-02-23,28789.0,28309.0,32237.666666666668,28056.207207207208,28127.4125574497,31856.85361178912,29359.0,
store_9,2015-03-30,2015-02-23,34776.0,28309.0,32237.666666666668,27993.00900900901,33464.28585021252,31856.85361178912,38766.0,
store_9,2015-04-06,2015-02-23,25042.0,28309.0,32237.666666666668,27929.81081081081,23422.00957115137,31856.85361178912,29532.0,
store_9,2015-04-13,2015-02-23,36968.0,28309.0,32237.666666666668,27866.61261261261,36290.6965033349,31856.85361178912,33928.0,
store_9,2015-04-20,2015-02-23,27439.0,28309.0,32237.666666666668,27803.414414414416,27419.890752982217,31856.85361178912,23417.0,
store_9,2015-03-30,2015-03-23,34776.0,28789.0,32462.583333333332,28732.17391304348,33750.43115413924,31888.460480000478,38766.0,
store_9,2015-04-06,2015-03-23,25042.0,28789.0,32462.583333333332,28675.347826086956,23649.822744057135,31888.460480000478,29532.0,
store_9,2015-04-13,2015-03-23,36968.0,28789.0,32462.583333333332,28618.521739130436,36513.687661150594,31888.460480000478,33928.0,
store_9,2015-04-20,2015-03-23,27439.0,28789.0,32462.583333333332,28561.695652173912,27664.909287800543,31888.460480000478,23417.0,
store_9,2015-04-27,2015-03-23,33363.0,28789.0,32462.583333333332,28504.869565217392,33663.49082673815,31888.460480000478,34395.0,
store_9,2015-05-04,2015-03-23,37514.0,28789.0,32462.583333333332,28448.043478260868,36237.96824620291,31888.460480000478,37275.0,
store_9,2015-05-11,2015-03-23,26235.0,28789.0,32462.583333333332,28391.217391304348,24768.759217563485,31888.460480000478,28233.0,
store_9,2015-05-18,2015-03-23,38493.0,28789.0,32462.583333333332,28334.391304347828,37375.31083286213,31888.460480000478,35932.0,
store_9,2015-04-27,2015-04-20,33363.0,27439.0,31703.5,27372.73949579832,33785.28752432973,31868.1647883973,34395.0,
store_9,2015-05-04,2015-04-20,37514.0,27439.0,31703.5,27306.47899159664,36287.996532186124,31868.1647883973,37275.0,
store_9,2015-05-11,2015-04-20,26235.0,27439.0,31703.5,27240.21848739496,25108.25006540341,31868.1647883973,28233.0,
store_9,2015-05-18,2015-04-20,38493.0,27439.0,31703.5,27173.95798319328,37485.73160941783,31868.1647883973,35932.0,
store_9,2015-05-25,2015-04-20,26328.0,27439.0,31703.5,27107.6974789916,25454.452173319645,31868.1647883973,24717.0,
store_9,2015-06-01,2015-04-20,32975.0,27439.0,31703.5,27041.436974789915,33362.09222124911,31868.1647883973,39923.0,
store_9,2015-06-08,2015-04-20,30339.0,27439.0,31703.5,26975.176470588234,29904.095384642664,31868.1647883973,25042.0,
store_9,2015-06-15,2015-04-20,36885.0,27439.0,31703.5,26908.915966386554,35755.62781961331,31868.1647883973,33853.0,
store_9,2015-05-25,2015-05-18,26328.0,38493.0,32575.0,38518.76422764228,25986.596628544867,31926.661239232635,24717.0,
store_9,2015-06-01,2015-05-18,32975.0,38493.0,32575.0,38544.528455284555,33733.01606888298,31926.661239232635,39923.0,
store_9,2015-06-08,2015-05-18,30339.0,38493.0,32575.0,38570.29268292683,30419.83424922191,31926.661239232635,25042.0,
store_9,2015-06-15,2015-05-18,36885.0,38493.0,32575.0,38596.0569105691,36193.58698463233,31926.661239232635,33853.0,
store_9,2015-06-22,2015-05-18,29196.0,38493.0,32575.0,38621.82113821138,28175.6236856443,31926.661239232635,28383.0,
store_9,2015-06-29,2015-05-18,40781.0,38493.0,32575.0,38647.58536585366,38353.38405529164,31926.661239232635,42422.0,
store_9,2015-07-06,2015-05-18,28515.0,38493.0,32575.0,38673.349593495936,28221.65202281582,31926.661239232635,27902.0,
store_9,2015-07-13,2015-05-18,34606.0,38493.0,32575.0,38699.11382113821,34146.64812823146,31926.661239232635,33365.0,
store_90,2015-02-02,2015-01-26,66901.0,60833.0,60129.5,60792.48598130841,68038.31555407897,55980.42067987828,67249.0,
store_90,2015-02-09,2015-01-26,51474.0,60833.0,60129.5,60751.97196261682,53794.4769762898,55980.42067987828,49640.0,
store_90,2015-02-16,2015-01-26,58477.0,60833.0,60129.5,60711.457943925234,57718.915911182994,55980.42067987828,63417.0,
store_90,2015-02-23,2015-01-26,50245.0,60833.0,60129.5,60670.943925233645,49560.38201805248,55980.42067987828,48193.0,
store_90,2015-03-02,2015-01-26,66562.0,60833.0,60129.5,60630.42990654206,67677.78130167827,55980.42067987828,63582.0,
store_90,2015-03-09,2015-01-26,48509.0,60833.0,60129.5,60589.91588785047,48272.98201381245,55980.42067987828,46599.0,
store_90,2015-03-16,2015-01-26,65788.0,60833.0,60129.5,60549.40186915888,65930.05726391394,55980.42067987828,59543.0,
store_90,2015-03-23,2015-01-26,50135.0,60833.0,60129.5,60508.88785046729,49082.085797484026,55980.42067987828,45891.0,
store_90,2015-03-02,2015-02-23,66562.0,50245.0,57823.416666666664,50110.55855855856,68015.73361083367,56008.80274491194,63582.0,
store_90,2015-03-09,2015-02-23,48509.0,50245.0,57823.416666666664,49976.117117117115,48423.4721563266,56008.80274491194,46599.0,
store_90,2015-03-16,2015-02-23,65788.0,50245.0,57823.416666666664,49841.67567567567,65964.28108573818,56008.80274491194,59543.0,
store_90,2015-03-23,2015-02-23,50135.0,50245.0,57823.416666666664,49707.23423423423,49010.69006495143,56008.80274491194,45891.0,
store_90,2015-03-30,2015-02-23,62743.0,50245.0,57823.416666666664,49572.792792792796,57867.49249379603,56008.80274491194,63261.0,
store_90,2015-04-06,2015-02-23,43764.0,50245.0,57823.416666666664,49438.35135135135,43652.93401020517,56008.80274491194,48221.0,
store_90,2015-04-13,2015-02-23,68239.0,50245.0,57823.416666666664,49303.90990990991,67233.06058558075,56008.80274491194,62050.0,
store_90,2015-04-20,2015-02-23,48278.0,50245.0,57823.416666666664,49169.46846846847,48767.08443465792,56008.80274491194,39924.0,
store_90,2015-03-30,2015-03-23,62743.0,50135.0,57354.666666666664,50004.27826086956,58498.18831816688,56062.40083800444,63261.0,
store_90,2015-04-06,2015-03-23,43764.0,50135.0,57354.666666666664,49873.556521739134,44069.29738742241,56062.40083800444,48221.0,
store_90,2015-04-13,2015-03-23,68239.0,50135.0,57354.666666666664,49742.8347826087,67450.94512449249,56062.40083800444,62050.0,
store_90,2015-04-20,2015-03-23,48278.0,50135.0,57354.666666666664,49612.11304347826,48951.00127689906,56062.40083800444,39924.0,
store_90,2015-04-27,2015-03-23,60189.0,50135.0,57354.666666666664,49481.391304347824,58348.34858556658,56062.40083800444,60439.0,
store_90,2015-05-04,2015-03-23,67609.0,50135.0,57354.666666666664,49350.669565217395,67318.58451229923,56062.40083800444,65653.0,
store_90,2015-05-11,2015-03-23,46361.0,50135.0,57354.666666666664,49219.94782608696,45339.75076392053,56062.40083800444,46676.0,
store_90,2015-05-18,2015-03-23,66738.0,50135.0,57354.666666666664,49089.22608695652,64584.77951570216,56062.40083800444,61525.0,
store_90,2015-04-27,2015-04-20,60189.0,48278.0,56759.583333333336,48136.06722689076,58256.57094985624,56062.27820146103,60439.0,
store_90,2015-05-04,2015-04-20,67609.0,48278.0,56759.583333333336,47994.13445378151,67342.05858895957,56062.27820146103,65653.0,
store_90,2015-05-11,2015-04-20,46361.0,48278.0,56759.583333333336,47852.20168067227,45438.49472118518,56062.27820146103,46676.0,
store_90,2015-05-18,2015-04-20,66738.0,48278.0,56759.583333333336,47710.268907563026,64806.42362612361,56062.27820146103,61525.0,
store_90,2015-05-25,2015-04-20,45287.0,48278.0,56759.583333333336,47568.336134453784,44214.02246986508,56062.27820146103,44833.0,
store_90,2015-06-01,2015-04-20,63182.0,48278.0,56759.583333333336,47426.403361344535,60458.244438587586,56062.27820146103,70058.0,
store_90,2015-06-08,2015-04-20,52762.0,48278.0,56759.583333333336,47284.470588235294,51108.421706847,56062.27820146103,44130.0,
store_90,2015-06-15,2015-04-20,68730.0,48278.0,56759.583333333336,47142.53781512605,66377.89937171726,56062.27820146103,60183.0,
store_90,2015-05-25,2015-05-18,45287.0,66738.0,57909.583333333336,66750.76422764227,45312.91907164923,56182.936323549744,44833.0,
store_90,2015-06-01,2015-05-18,63182.0,66738.0,57909.583333333336,66763.52845528456,61607.152808791696,56182.936323549744,70058.0,
store_90,2015-06-08,2015-05-18,52762.0,66738.0,57909.583333333336,66776.29268292683,52212.89957125389,56182.936323549744,44130.0,
store_90,2015-06-15,2015-05-18,68730.0,66738.0,57909.583333333336,66789.05691056911,67626.97780847401,56182.936323549744,60183.0,
store_90,2015-06-22,2015-05-18,51722.0,66738.0,57909.583333333336,66801.82113821138,50201.37385878354,56182.936323549744,48953.0,
store_90,2015-06-29,2015-05-18,72866.0,66738.0,57909.583333333336,66814.58536585367,66044.54677413669,56182.936323549744,71357.0,
store_90,2015-07-06,2015-05-18,51551.0,66738.0,57909.583333333336,66827.34959349594,49746.281410555974,56182.936323549744,50096.0,
store_90,2015-07-13,2015-05-18,66924.0,66738.0,57909.583333333336,66840.1138211382,62695.68803304595,56182.936323549744,62770.0,
store_91,2015-02-02,2015-01-26,53251.0,52234.0,49429.583333333336,52297.46728971963,56320.0,49288.380760871565,54984.0,
store_91,2015-02-09,2015-01-26,43816.0,52234.0,49429.583333333336,52360.93457943925,45056.0,49299.97298620514,41769.0,
store_91,2015-02-16,2015-01-26,48763.0,52234.0,49429.583333333336,52424.40186915888,49152.0,49311.242309964815,51536.0,
store_91,2015-02-23,2015-01-26,43915.0,52234.0,49429.583333333336,52487.86915887851,43008.0,49322.19772657775,42737.0,
store_91,2015-03-02,2015-01-26,52838.0,52234.0,49429.583333333336,52551.33644859813,53248.0,49332.84797993125,53139.0,
store_91,2015-03-09,2015-01-26,43112.0,52234.0,49429.583333333336,52614.80373831776,43008.0,49343.20157035149,41554.0,
store_91,2015-03-16,2015-01-26,51302.0,52234.0,49429.583333333336,52678.27102803739,51200.0,49353.26676138801,47907.0,
store_91,2015-03-23,2015-01-26,42486.0,52234.0,49429.583333333336,52741.73831775701,45056.0,49363.05158640905,41857.0,
store_91,2015-03-02,2015-02-23,52838.0,43915.0,48278.75,43901.23423423423,53009.4406991571,49063.7596113073,53139.0,
store_91,2015-03-09,2015-02-23,43112.0,43915.0,48278.75,43887.46846846847,43450.10295648273,49071.03185808683,41554.0,
store_91,2015-03-16,2015-02-23,51302.0,43915.0,48278.75,43873.7027027027,52258.323606635444,49078.07671659838,47907.0,
store_91,2015-03-23,2015-02-23,42486.0,43915.0,48278.75,43859.93693693694,42151.75137262524,49084.90129680752,41857.0,
store_91,2015-03-30,2015-02-23,57611.0,43915.0,48278.75,43846.17117117117,58689.19583952673,49091.51248636579,53804.0,
store_91,2015-04-06,2015-02-23,38706.0,43915.0,48278.75,43832.40540540541,39738.80169635301,49097.91695756197,43526.0,
store_91,2015-04-13,2015-02-23,51900.0,43915.0,48278.75,43818.63963963964,53767.605079182336,49104.121174055996,58884.0,
store_91,2015-04-20,2015-02-23,42062.0,43915.0,48278.75,43804.873873873876,43161.525877349835,49110.13139740244,39688.0,
store_91,2015-03-30,2015-03-23,57611.0,42486.0,47828.5,42460.28695652174,58880.0,47841.44249166797,53804.0,
store_91,2015-04-06,2015-03-23,38706.0,42486.0,47828.5,42434.57391304348,40192.0,47778.90661778514,43526.0,
store_91,2015-04-13,2015-03-23,51900.0,42486.0,47828.5,42408.860869565215,54272.0,47716.37074390232,58884.0,
store_91,2015-04-20,2015-03-23,42062.0,42486.0,47828.5,42383.147826086955,43776.0,47653.8348700195,39688.0,
store_91,2015-04-27,2015-03-23,53647.0,42486.0,47828.5,42357.434782608696,54272.0,47591.29899613668,51883.0,
store_91,2015-05-04,2015-03-23,56750.0,42486.0,47828.5,42331.72173913044,58112.0,47528.76312225385,58457.0,
store_91,2015-05-11,2015-03-23,40247.0,42486.0,47828.5,42306.00869565218,42752.0,47466.227248371026,40447.0,
store_91,2015-05-18,2015-03-23,50932.0,42486.0,47828.5,42280.29565217391,52224.0,47403.691374488204,51811.0,
store_91,2015-04-27,2015-04-20,53647.0,42062.0,47480.166666666664,42033.58823529412,52224.0,47648.81933896379,51883.0,
store_91,2015-05-04,2015-04-20,56750.0,42062.0,47480.166666666664,42005.17647058824,56320.0,47580.858361899576,58457.0,
store_91,2015-05-11,2015-04-20,40247.0,42062.0,47480.166666666664,41976.76470588235,40960.0,47512.89738483536,40447.0,
store_91,2015-05-18,2015-04-20,50932.0,42062.0,47480.166666666664,41948.35294117647,50688.0,47444.93640777115,51811.0,
store_91,2015-05-25,2015-04-20,41970.0,42062.0,47480.166666666664,41919.94117647059,40960.0,47376.975430706945,43016.0,
store_91,2015-06-01,2015-04-20,52932.0,42062.0,47480.166666666664,41891.529411764706,51200.0,47309.01445364273,57943.0,
store_91,2015-06-08,2015-04-20,46941.0,42062.0,47480.166666666664,41863.117647058825,45056.0,47241.05347657852,41970.0,
store_91,2015-06-15,2015-04-20,53727.0,42062.0,47480.166666666664,41834.705882352944,52736.0,47173.09249951431,49209.0,
store_91,2015-05-25,2015-05-18,41970.0,50932.0,48466.083333333336,50976.62601626016,41363.52814432487,47727.277323512026,43016.0,
store_91,2015-06-01,2015-05-18,52932.0,50932.0,48466.083333333336,51021.25203252032,51887.763331908034,47704.12115362801,57943.0,
store_91,2015-06-08,2015-05-18,46941.0,50932.0,48466.083333333336,51065.87804878049,45281.15722393547,47680.964983744,41970.0,
store_91,2015-06-15,2015-05-18,53727.0,50932.0,48466.083333333336,51110.50406504065,52819.08624930732,47657.808813859985,49209.0,
store_91,2015-06-22,2015-05-18,38819.0,50932.0,48466.083333333336,51155.13008130081,39492.63226567654,47634.65264397597,45039.0,
store_91,2015-06-29,2015-05-18,55504.0,50932.0,48466.083333333336,51199.756097560974,52348.64075800008,47611.49647409195,53730.0,
store_91,2015-07-06,2015-05-18,47507.0,50932.0,48466.083333333336,51244.382113821135,46181.139902958064,47588.340304207944,41534.0,
store_91,2015-07-13,2015-05-18,55186.0,50932.0,48466.083333333336,51289.0081300813,52675.90718673554,47565.18413432393,49516.0,
store_92,2015-02-02,2015-01-26,37106.0,35474.0,35847.083333333336,35452.63551401869,37888.0,33348.61030853669,40061.0,
store_92,2015-02-09,2015-01-26,27435.0,35474.0,35847.083333333336,35431.27102803739,27136.0,33348.61030853669,27943.0,
store_92,2015-02-16,2015-01-26,35966.0,35474.0,35847.083333333336,35409.90654205607,36096.0,33348.61030853669,36087.0,
store_92,2015-02-23,2015-01-26,28234.0,35474.0,35847.083333333336,35388.542056074766,27648.0,33348.61030853669,27134.0,
store_92,2015-03-02,2015-01-26,37858.0,35474.0,35847.083333333336,35367.17757009346,37632.0,33348.61030853669,38770.0,
store_92,2015-03-09,2015-01-26,27578.0,35474.0,35847.083333333336,35345.81308411215,26880.0,33348.61030853669,25702.0,
store_92,2015-03-16,2015-01-26,36824.0,35474.0,35847.083333333336,35324.44859813084,35328.0,33348.61030853669,37140.0,
store_92,2015-03-23,2015-01-26,26925.0,35474.0,35847.083333333336,35303.08411214953,25856.0,33348.61030853669,25636.0,
store_92,2015-03-02,2015-02-23,37858.0,28234.0,34044.333333333336,28148.18018018018,37504.0,33303.1559293571,38770.0,
store_92,2015-03-09,2015-02-23,27578.0,28234.0,34044.333333333336,28062.36036036036,27008.0,33303.1559293571,25702.0,
store_92,2015-03-16,2015-02-23,36824.0,28234.0,34044.333333333336,27976.54054054054,35200.0,33303.1559293571,37140.0,
store_92,2015-03-23,2015-02-23,26925.0,28234.0,34044.333333333336,27890.72072072072,25984.0,33303.1559293571,25636.0,
store_92,2015-03-30,2015-02-23,43245.0,28234.0,34044.333333333336,27804.900900900902,40832.0,33303.1559293571,38287.0,
store_92,2015-04-06,2015-02-23,23482.0,28234.0,34044.333333333336,27719.08108108108,25216.0,33303.1559293571,29126.0,
store_92,2015-04-13,2015-02-23,39537.0,28234.0,34044.333333333336,27633.26126126126,37632.0,33303.1559293571,41885.0,
store_92,2015-04-20,2015-02-23,26308.0,28234.0,34044.333333333336,27547.441441441442,25728.0,33303.1559293571,22491.0,
store_92,2015-03-30,2015-03-23,43245.0,26925.0,32556.75,26830.782608695652,40448.0,33274.428138754054,38287.0,
store_92,2015-04-06,2015-03-23,23482.0,26925.0,32556.75,26736.565217391304,25088.0,33274.428138754054,29126.0,
store_92,2015-04-13,2015-03-23,39537.0,26925.0,32556.75,26642.347826086956,37376.0,33274.428138754054,41885.0,
store_92,2015-04-20,2015-03-23,26308.0,26925.0,32556.75,26548.130434782608,25600.0,33274.428138754054,22491.0,
store_92,2015-04-27,2015-03-23,34759.0,26925.0,32556.75,26453.91304347826,34304.0,33274.428138754054,36691.0,
store_92,2015-05-04,2015-03-23,38987.0,26925.0,32556.75,26359.695652173912,40448.0,33274.428138754054,41770.0,
store_92,2015-05-11,2015-03-23,26328.0,26925.0,32556.75,26265.478260869564,26112.0,33274.428138754054,25754.0,
store_92,2015-05-18,2015-03-23,37289.0,26925.0,32556.75,26171.260869565216,37376.0,33274.428138754054,35128.0,
store_92,2015-04-27,2015-04-20,34759.0,26308.0,32541.5,26211.764705882353,34742.70422116143,33275.032111024906,36691.0,
store_92,2015-05-04,2015-04-20,38987.0,26308.0,32541.5,26115.529411764706,40106.419399120976,33275.032111024906,41770.0,
store_92,2015-05-11,2015-04-20,26328.0,26308.0,32541.5,26019.29411764706,26351.815651255405,33275.032111024906,25754.0,
store_92,2015-05-18,2015-04-20,37289.0,26308.0,32541.5,25923.058823529413,38403.26008283225,33275.032111024906,35128.0,
store_92,2015-05-25,2015-04-20,25518.0,26308.0,32541.5,25826.823529411766,24549.305374849835,33275.032111024906,26921.0,
store_92,2015-06-01,2015-04-20,36017.0,26308.0,32541.5,25730.58823529412,34146.59846046038,33275.032111024906,39860.0,
store_92,2015-06-08,2015-04-20,28718.0,26308.0,32541.5,25634.352941176472,27911.80835617012,33275.032111024906,25829.0,
store_92,2015-06-15,2015-04-20,37651.0,26308.0,32541.5,25538.117647058825,36657.5217836363,33275.032111024906,34911.0,
store_92,2015-05-25,2015-05-18,25518.0,37289.0,33260.0,37285.170731707316,24267.540968754995,33309.131436258685,26921.0,
store_92,2015-06-01,2015-05-18,36017.0,37289.0,33260.0,37281.34146341463,33874.87989703595,33309.131436258685,39860.0,
store_92,2015-06-08,2015-05-18,28718.0,37289.0,33260.0,37277.51219512195,27859.204351695662,33309.131436258685,25829.0,
store_92,2015-06-15,2015-05-18,37651.0,37289.0,33260.0,37273.68292682927,36548.07361879613,33309.131436258685,34911.0,
store_92,2015-06-22,2015-05-18,26714.0,37289.0,33260.0,37269.85365853659,26234.66535939006,33309.131436258685,26911.0,
store_92,2015-06-29,2015-05-18,40550.0,37289.0,33260.0,37266.0243902439,38834.81204151466,33309.131436258685,40796.0,
store_92,2015-07-06,2015-05-18,28503.0,37289.0,33260.0,37262.19512195122,28384.538528465542,33309.131436258685,30428.0,
store_92,2015-07-13,2015-05-18,37758.0,37289.0,33260.0,37258.365853658535,37476.77136608343,33309.131436258685,37095.0,
store_93,2015-02-02,2015-01-26,47012.0,47299.0,45810.5,47327.35514018692,47053.33316989887,41642.60005380186,48565.0,
store_93,2015-02-09,2015-01-26,41623.0,47299.0,45810.5,47355.71028037383,42969.5992120256,41642.60005380186,36281.0,
store_93,2015-02-16,2015-01-26,43916.0,47299.0,45810.5,47384.06542056075,42880.34586818035,41642.60005380186,44767.0,
store_93,2015-02-23,2015-01-26,40152.0,47299.0,45810.5,47412.42056074766,40023.96111669486,41642.60005380186,38350.0,
store_93,2015-03-02,2015-01-26,48087.0,47299.0,45810.5,47440.77570093458,48376.14287011684,41642.60005380186,44212.0,
store_93,2015-03-09,2015-01-26,38745.0,47299.0,45810.5,47469.13084112149,38428.40714839072,41642.60005380186,36590.0,
store_93,2015-03-16,2015-01-26,48301.0,47299.0,45810.5,47497.48598130841,47748.831053518625,41642.60005380186,43776.0,
store_93,2015-03-23,2015-01-26,39453.0,47299.0,45810.5,47525.84112149533,38796.61191030707,41642.60005380186,35496.0,
store_93,2015-03-02,2015-02-23,48087.0,40152.0,43785.25,40114.94594594595,48377.88032043232,41691.57348005827,44212.0,
store_93,2015-03-09,2015-02-23,38745.0,40152.0,43785.25,40077.89189189189,38391.01766127993,41691.57348005827,36590.0,
store_93,2015-03-16,2015-02-23,48301.0,40152.0,43785.25,40040.83783783784,47757.104415549504,41691.57348005827,43776.0,
store_93,2015-03-23,2015-02-23,39453.0,40152.0,43785.25,40003.78378378379,38755.386127189406,41691.57348005827,35496.0,
store_93,2015-03-30,2015-02-23,48432.0,40152.0,43785.25,39966.72972972973,47297.62964842195,41691.57348005827,49269.0,
store_93,2015-04-06,2015-02-23,34383.0,40152.0,43785.25,39929.67567567567,32614.462317547444,41691.57348005827,39447.0,
store_93,2015-04-13,2015-02-23,47054.0,40152.0,43785.25,39892.62162162162,46596.523375985984,41691.57348005827,43652.0,
store_93,2015-04-20,2015-02-23,36920.0,40152.0,43785.25,39855.56756756757,35907.91404174869,41691.57348005827,30286.0,
store_93,2015-03-30,2015-03-23,48432.0,39453.0,43591.333333333336,39411.15652173913,47292.97831747276,43774.07248550038,49269.0,
store_93,2015-04-06,2015-03-23,34383.0,39453.0,43591.333333333336,39369.31304347826,32623.632650146224,43808.943926622174,39447.0,
store_93,2015-04-13,2015-03-23,47054.0,39453.0,43591.333333333336,39327.46956521739,46604.39998804823,43843.81536774397,43652.0,
store_93,2015-04-20,2015-03-23,36920.0,39453.0,43591.333333333336,39285.62608695652,35933.541400927825,43878.686808865765,30286.0,
store_93,2015-04-27,2015-03-23,45768.0,39453.0,43591.333333333336,39243.782608695656,43431.74953525204,43913.55824998756,45491.0,
store_93,2015-05-04,2015-03-23,50807.0,39453.0,43591.333333333336,39201.93913043478,48630.660332747284,43948.429691109355,47433.0,
store_93,2015-05-11,2015-03-23,36463.0,39453.0,43591.333333333336,39160.09565217391,35530.113419220346,43983.30113223115,35811.0,
store_93,2015-05-18,2015-03-23,51207.0,39453.0,43591.333333333336,39118.252173913046,48346.98388448941,44018.172573352946,46686.0,
store_93,2015-04-27,2015-04-20,45768.0,36920.0,42839.833333333336,36858.27731092437,43910.32074503,41758.48850358322,45491.0,
store_93,2015-05-04,2015-04-20,50807.0,36920.0,42839.833333333336,36796.554621848736,48790.88998741061,41758.48850358322,47433.0,
store_93,2015-05-11,2015-04-20,36463.0,36920.0,42839.833333333336,36734.83193277311,35818.37680739592,41758.48850358322,35811.0,
store_93,2015-05-18,2015-04-20,51207.0,36920.0,42839.833333333336,36673.10924369748,48344.61545996528,41758.48850358322,46686.0,
store_93,2015-05-25,2015-04-20,38256.0,36920.0,42839.833333333336,36611.38655462185,37274.001753108336,41758.48850358322,35990.0,
store_93,2015-06-01,2015-04-20,46950.0,36920.0,42839.833333333336,36549.663865546216,45281.104755621396,41758.48850358322,50297.0,
store_93,2015-06-08,2015-04-20,41180.0,36920.0,42839.833333333336,36487.94117647059,38722.58459394154,41758.48850358322,33724.0,
store_93,2015-06-15,2015-04-20,50160.0,36920.0,42839.833333333336,36426.21848739496,47927.03119031109,41758.48850358322,41760.0,
store_93,2015-05-25,2015-05-18,38256.0,51207.0,43801.666666666664,51263.439024390245,38755.29937588156,44055.74192095411,35990.0,
store_93,2015-06-01,2015-05-18,46950.0,51207.0,43801.666666666664,51319.87804878049,47061.0978978615,44090.552056501925,50297.0,
store_93,2015-06-08,2015-05-18,41180.0,51207.0,43801.666666666664,51376.31707317073,40633.95148567911,44125.36219204973,33724.0,
store_93,2015-06-15,2015-05-18,50160.0,51207.0,43801.666666666664,51432.756097560974,49976.41301113249,44160.172327597546,41760.0,
store_93,2015-06-22,2015-05-18,40030.0,51207.0,43801.666666666664,51489.19512195122,40112.661039630155,44194.98246314536,37161.0,
store_93,2015-06-29,2015-05-18,50892.0,51207.0,43801.666666666664,51545.634146341465,47529.93149996469,44229.79259869317,50252.0,
store_93,2015-07-06,2015-05-18,40391.0,51207.0,43801.666666666664,51602.07317073171,40841.312245306064,44264.60273424099,37575.0,
store_93,2015-07-13,2015-05-18,46126.0,51207.0,43801.666666666664,51658.51219512195,46357.0279963545,44299.41286978879,43171.0,
store_94,2015-02-02,2015-01-26,50678.0,47176.0,49528.916666666664,47159.97196261682,53754.510475844836,48373.31124221547,55308.0,
store_94,2015-02-09,2015-01-26,35355.0,47176.0,49528.916666666664,47143.943925233645,37005.07733013488,48432.63435842311,33344.0,
store_94,2015-02-16,2015-01-26,48577.0,47176.0,49528.916666666664,47127.91588785047,49887.4059120429,48491.95747463073,49213.0,
store_94,2015-02-23,2015-01-26,35502.0,47176.0,49528.916666666664,47111.88785046729,35483.378345665325,48551.28059083837,35148.0,
store_94,2015-03-02,2015-01-26,53483.0,47176.0,49528.916666666664,47095.85981308411,54198.47372067425,48610.603707046,56204.0,
store_94,2015-03-09,2015-01-26,38028.0,47176.0,49528.916666666664,47079.831775700935,37348.825745651025,48669.926823253634,33268.0,
store_94,2015-03-16,2015-01-26,50297.0,47176.0,49528.916666666664,47063.80373831776,50620.709778428216,48729.24993946126,51480.0,
store_94,2015-03-23,2015-01-26,36085.0,47176.0,49528.916666666664,47047.77570093458,37552.52885342999,48788.573055668894,38880.0,
store_94,2015-03-02,2015-02-23,53483.0,35502.0,45963.916666666664,35381.37837837838,53630.00788894761,44977.60697165167,56204.0,
store_94,2015-03-09,2015-02-23,38028.0,35502.0,45963.916666666664,35260.75675675676,37078.18569070608,44977.60697165167,33268.0,
store_94,2015-03-16,2015-02-23,50297.0,35502.0,45963.916666666664,35140.13513513513,50108.3331513461,44977.60697165167,51480.0,
store_94,2015-03-23,2015-02-23,36085.0,35502.0,45963.916666666664,35019.51351351351,37017.24255121095,44977.60697165167,38880.0,
store_94,2015-03-30,2015-02-23,60885.0,35502.0,45963.916666666664,34898.89189189189,58725.04486325978,44977.60697165167,56385.0,
store_94,2015-04-06,2015-02-23,31675.0,35502.0,45963.916666666664,34778.27027027027,28398.81947824222,44977.60697165167,38171.0,
store_94,2015-04-13,2015-02-23,54231.0,35502.0,45963.916666666664,34657.64864864865,55441.99227488294,44977.60697165167,57020.0,
store_94,2015-04-20,2015-02-23,34949.0,35502.0,45963.916666666664,34537.02702702703,36226.17603132814,44977.60697165167,29282.0,
store_94,2015-03-30,2015-03-23,60885.0,36085.0,44310.666666666664,35973.64347826087,58750.84409201353,44969.9296066082,56385.0,
store_94,2015-04-06,2015-03-23,31675.0,36085.0,44310.666666666664,35862.28695652174,28336.421625035997,44969.9296066082,38171.0,
store_94,2015-04-13,2015-03-23,54231.0,36085.0,44310.666666666664,35750.93043478261,55421.65786072794,44969.9296066082,57020.0,
store_94,2015-04-20,2015-03-23,34949.0,36085.0,44310.666666666664,35639.57391304348,36268.29335034183,44969.9296066082,29282.0,
store_94,2015-04-27,2015-03-23,50301.0,36085.0,44310.666666666664,35528.217391304344,49046.045444685886,44969.9296066082,53020.0,
store_94,2015-05-04,2015-03-23,53013.0,36085.0,44310.666666666664,35416.860869565215,52300.1057302214,44969.9296066082,54415.0,
store_94,2015-05-11,2015-03-23,33166.0,36085.0,44310.666666666664,35305.504347826085,33241.91503231074,44969.9296066082,35037.0,
store_94,2015-05-18,2015-03-23,51020.0,36085.0,44310.666666666664,35194.147826086955,51587.782290783696,44969.9296066082,49814.0,
store_94,2015-04-27,2015-04-20,50301.0,34949.0,44145.416666666664,34831.84033613445,49575.161397760734,44975.78511276025,53020.0,
store_94,2015-05-04,2015-04-20,53013.0,34949.0,44145.416666666664,34714.68067226891,52741.56293969306,44975.78511276025,54415.0,
store_94,2015-05-11,2015-04-20,33166.0,34949.0,44145.416666666664,34597.52100840336,33629.7462412566,44975.78511276025,35037.0,
store_94,2015-05-18,2015-04-20,51020.0,34949.0,44145.416666666664,34480.361344537814,51845.87992648703,44975.78511276025,49814.0,
store_94,2015-05-25,2015-04-20,35758.0,34949.0,44145.416666666664,34363.20168067227,34160.707530160544,44975.78511276025,34144.0,
store_94,2015-06-01,2015-04-20,51610.0,34949.0,44145.416666666664,34246.04201680672,49685.56386014712,44975.78511276025,56147.0,
store_94,2015-06-08,2015-04-20,36785.0,34949.0,44145.416666666664,34128.882352941175,38400.18158443322,44975.78511276025,33888.0,
store_94,2015-06-15,2015-04-20,55712.0,34949.0,44145.416666666664,34011.72268907563,52962.05367748117,44975.78511276025,49945.0,
store_94,2015-05-25,2015-05-18,35758.0,51020.0,45594.416666666664,51037.30894308943,34164.50760086794,45043.68191967038,34144.0,
store_94,2015-06-01,2015-05-18,51610.0,51020.0,45594.416666666664,51054.617886178865,49622.6813772187,45043.68191967038,56147.0,
store_94,2015-06-08,2015-05-18,36785.0,51020.0,45594.416666666664,51071.92682926829,38481.00296484422,45043.68191967038,33888.0,
store_94,2015-06-15,2015-05-18,55712.0,51020.0,45594.416666666664,51089.23577235772,53050.6714968941,45043.68191967038,49945.0,
store_94,2015-06-22,2015-05-18,36509.0,51020.0,45594.416666666664,51106.544715447155,36744.006810107734,45043.68191967038,36093.0,
store_94,2015-06-29,2015-05-18,57973.0,51020.0,45594.416666666664,51123.85365853659,55572.6746122252,45043.68191967038,55827.0,
store_94,2015-07-06,2015-05-18,39249.0,51020.0,45594.416666666664,51141.16260162602,39006.007418385096,45043.68191967038,38840.0,
store_94,2015-07-13,2015-05-18,54565.0,51020.0,45594.416666666664,51158.471544715445,54053.839190473496,45043.68191967038,52643.0,
store_95,2015-02-02,2015-01-26,37247.0,33025.0,35970.583333333336,32969.14953271028,36642.94820777507,32745.7547411285,43071.0,
store_95,2015-02-09,2015-01-26,28006.0,33025.0,35970.583333333336,32913.299065420564,28997.563676624486,32745.7547411285,31333.0,
store_95,2015-02-16,2015-01-26,31920.0,33025.0,35970.583333333336,32857.44859813084,32680.952094410655,32745.7547411285,39794.0,
store_95,2015-02-23,2015-01-26,27336.0,33025.0,35970.583333333336,32801.59813084112,26904.264142806096,32745.7547411285,32084.0,
store_95,2015-03-02,2015-01-26,35034.0,33025.0,35970.583333333336,32745.747663551403,35313.29871848271,32745.7547411285,42328.0,
store_95,2015-03-09,2015-01-26,27572.0,33025.0,35970.583333333336,32689.89719626168,27569.08888745228,32745.7547411285,29875.0,
store_95,2015-03-16,2015-01-26,32641.0,33025.0,35970.583333333336,32634.046728971964,34127.39511992465,32745.7547411285,39223.0,
store_95,2015-03-23,2015-01-26,27859.0,33025.0,35970.583333333336,32578.196261682242,27640.961832819434,32745.7547411285,27613.0,
store_95,2015-03-02,2015-02-23,35034.0,27336.0,33763.416666666664,27230.90990990991,35199.973157600034,31110.272238430083,42328.0,
store_95,2015-03-09,2015-02-23,27572.0,27336.0,33763.416666666664,27125.81981981982,27453.40957395896,31110.272238430083,29875.0,
store_95,2015-03-16,2015-02-23,32641.0,27336.0,33763.416666666664,27020.72972972973,34012.29763594673,31110.272238430083,39223.0,
store_95,2015-03-23,2015-02-23,27859.0,27336.0,33763.416666666664,26915.63963963964,27525.389908604622,31110.272238430083,27613.0,
store_95,2015-03-30,2015-02-23,40174.0,27336.0,33763.416666666664,26810.54954954955,36102.93622724995,31110.272238430083,40463.0,
store_95,2015-04-06,2015-02-23,27382.0,27336.0,33763.416666666664,26705.45945945946,28563.316105715137,31110.272238430083,32558.0,
store_95,2015-04-13,2015-02-23,35075.0,27336.0,33763.416666666664,26600.36936936937,35262.95595041498,31110.272238430083,33684.0,
store_95,2015-04-20,2015-02-23,26099.0,27336.0,33763.416666666664,26495.27927927928,26283.729135967078,31110.272238430083,22376.0,
store_95,2015-03-30,2015-03-23,40174.0,27859.0,30588.416666666668,27762.11304347826,35947.0507844324,30540.379357221085,40463.0,
store_95,2015-04-06,2015-03-23,27382.0,27859.0,30588.416666666668,27665.22608695652,28443.10568143461,30540.379357221085,32558.0,
store_95,2015-04-13,2015-03-23,35075.0,27859.0,30588.416666666668,27568.339130434782,35075.53712255337,30540.379357221085,33684.0,
store_95,2015-04-20,2015-03-23,26099.0,27859.0,30588.416666666668,27471.452173913043,26130.656182255814,30540.379357221085,22376.0,
store_95,2015-04-27,2015-03-23,34424.0,27859.0,30588.416666666668,27374.565217391304,34361.613105938646,30540.379357221085,37119.0,
store_95,2015-05-04,2015-03-23,35996.0,27859.0,30588.416666666668,27277.678260869565,37651.20993172669,30540.379357221085,34826.0,
store_95,2015-05-11,2015-03-23,26833.0,27859.0,30588.416666666668,27180.791304347826,26110.182537341607,30540.379357221085,24868.0,
store_95,2015-05-18,2015-03-23,33606.0,27859.0,30588.416666666668,27083.904347826086,33670.6246811861,30540.379357221085,30210.0,
store_95,2015-04-27,2015-04-20,34424.0,26099.0,31362.083333333332,25990.579831932773,34520.33179164768,30968.557624509365,37119.0,
store_95,2015-05-04,2015-04-20,35996.0,26099.0,31362.083333333332,25882.159663865546,37744.92456376761,30968.557624509365,34826.0,
store_95,2015-05-11,2015-04-20,26833.0,26099.0,31362.083333333332,25773.73949579832,26118.01680720398,30968.557624509365,24868.0,
store_95,2015-05-18,2015-04-20,33606.0,26099.0,31362.083333333332,25665.319327731093,33751.35244794354,30968.557624509365,30210.0,
store_95,2015-05-25,2015-04-20,26238.0,26099.0,31362.083333333332,25556.899159663866,25471.510382175882,30968.557624509365,25867.0,
store_95,2015-06-01,2015-04-20,33981.0,26099.0,31362.083333333332,25448.47899159664,34464.8810654463,30968.557624509365,37409.0,
store_95,2015-06-08,2015-04-20,30141.0,26099.0,31362.083333333332,25340.058823529413,29717.165251843242,30968.557624509365,24400.0,
store_95,2015-06-15,2015-04-20,36104.0,26099.0,31362.083333333332,25231.638655462186,35310.80246687538,30968.557624509365,31596.0,
store_95,2015-05-25,2015-05-18,26238.0,33606.0,31891.25,33562.13821138212,25450.134960441752,31872.98307820552,25867.0,
store_95,2015-06-01,2015-05-18,33981.0,33606.0,31891.25,33518.276422764226,34419.09428428511,31872.98307820552,37409.0,
store_95,2015-06-08,2015-05-18,30141.0,33606.0,31891.25,33474.41463414634,29643.70225795803,31872.98307820552,24400.0,
store_95,2015-06-15,2015-05-18,36104.0,33606.0,31891.25,33430.55284552846,35212.168193789694,31872.98307820552,31596.0,
store_95,2015-06-22,2015-05-18,28774.0,33606.0,31891.25,33386.69105691057,27755.517354586478,31872.98307820552,27907.0,
store_95,2015-06-29,2015-05-18,40648.0,33606.0,31891.25,33342.829268292684,39955.78513721014,31872.98307820552,42858.0,
store_95,2015-07-06,2015-05-18,29727.0,33606.0,31891.25,33298.9674796748,28862.41661875294,31872.98307820552,29033.0,
store_95,2015-07-13,2015-05-18,34614.0,33606.0,31891.25,33255.10569105691,33854.83985368803,31872.98307820552,34709.0,
store_96,2015-02-02,2015-01-26,51907.0,48271.0,47666.333333333336,48273.7476635514,52592.39523572803,43159.71376042302,52866.0,
store_96,2015-02-09,2015-01-26,39175.0,48271.0,47666.333333333336,48276.495327102806,41652.066131953674,43159.71376042302,36677.0,
store_96,2015-02-16,2015-01-26,45319.0,48271.0,47666.333333333336,48279.2429906542,43853.837186898534,43159.71376042302,49573.0,
store_96,2015-02-23,2015-01-26,37437.0,48271.0,47666.333333333336,48281.990654205605,37527.45963724408,43159.71376042302,37124.0,
store_96,2015-03-02,2015-01-26,51532.0,48271.0,47666.333333333336,48284.73831775701,53173.34745659571,43159.71376042302,50134.0,
store_96,2015-03-09,2015-01-26,38784.0,48271.0,47666.333333333336,48287.48598130841,39695.2381935187,43159.71376042302,35689.0,
store_96,2015-03-16,2015-01-26,50900.0,48271.0,47666.333333333336,48290.233644859814,52853.379529161524,43159.71376042302,49685.0,
store_96,2015-03-23,2015-01-26,37022.0,48271.0,47666.333333333336,48292.98130841122,37334.21779359245,43159.71376042302,35715.0,
store_96,2015-03-02,2015-02-23,51532.0,37437.0,45023.666666666664,37342.045045045044,53505.98354254327,43195.1664465386,50134.0,
store_96,2015-03-09,2015-02-23,38784.0,37437.0,45023.666666666664,37247.09009009009,39706.55313575353,43195.1664465386,35689.0,
store_96,2015-03-16,2015-02-23,50900.0,37437.0,45023.666666666664,37152.13513513513,52952.80219593461,43195.1664465386,49685.0,
store_96,2015-03-23,2015-02-23,37022.0,37437.0,45023.666666666664,37057.18018018018,37352.59409788405,43195.1664465386,35715.0,
store_96,2015-03-30,2015-02-23,51673.0,37437.0,45023.666666666664,36962.22522522522,46156.17103391326,43195.1664465386,50115.0,
store_96,2015-04-06,2015-02-23,33693.0,37437.0,45023.666666666664,36867.27027027027,33185.274632441215,43195.1664465386,37902.0,
store_96,2015-04-13,2015-02-23,51560.0,37437.0,45023.666666666664,36772.31531531532,51155.85225544654,43195.1664465386,52559.0,
store_96,2015-04-20,2015-02-23,35641.0,37437.0,45023.666666666664,36677.36036036036,37658.35530179734,43195.1664465386,31231.0,
store_96,2015-03-30,2015-03-23,51673.0,37022.0,44098.416666666664,36926.739130434784,45380.86161247354,43234.155801846864,50115.0,
store_96,2015-04-06,2015-03-23,33693.0,37022.0,44098.416666666664,36831.47826086957,32766.31172415389,43234.155801846864,37902.0,
store_96,2015-04-13,2015-03-23,51560.0,37022.0,44098.416666666664,36736.217391304344,50855.66856985431,43234.155801846864,52559.0,
store_96,2015-04-20,2015-03-23,35641.0,37022.0,44098.416666666664,36640.95652173913,37452.54948158342,43234.155801846864,31231.0,
store_96,2015-04-27,2015-03-23,45868.0,37022.0,44098.416666666664,36545.69565217391,46744.60812073867,43234.155801846864,46996.0,
store_96,2015-05-04,2015-03-23,52013.0,37022.0,44098.416666666664,36450.434782608696,54149.93552346501,43234.155801846864,53616.0,
store_96,2015-05-11,2015-03-23,36400.0,37022.0,44098.416666666664,36355.17391304348,37209.648081002204,43234.155801846864,35805.0,
store_96,2015-05-18,2015-03-23,49621.0,37022.0,44098.416666666664,36259.913043478264,50407.81311131789,43234.155801846864,46068.0,
store_96,2015-04-27,2015-04-20,45868.0,35641.0,43720.25,35537.336134453784,46507.858080099766,43238.682052437616,46996.0,
store_96,2015-05-04,2015-04-20,52013.0,35641.0,43720.25,35433.67226890756,53688.21124894776,43238.682052437616,53616.0,
store_96,2015-05-11,2015-04-20,36400.0,35641.0,43720.25,35330.008403361346,37020.33829325302,43238.682052437616,35805.0,
store_96,2015-05-18,2015-04-20,49621.0,35641.0,43720.25,35226.34453781512,50258.05532843053,43238.682052437616,46068.0,
store_96,2015-05-25,2015-04-20,33887.0,35641.0,43720.25,35122.68067226891,32531.373783528146,43238.682052437616,35653.0,
store_96,2015-06-01,2015-04-20,47098.0,35641.0,43720.25,35019.01680672269,46941.63759753426,43238.682052437616,57184.0,
store_96,2015-06-08,2015-04-20,38731.0,35641.0,43720.25,34915.35294117647,38494.21460906351,43238.682052437616,31529.0,
store_96,2015-06-15,2015-04-20,51496.0,35641.0,43720.25,34811.68907563025,50541.423072043865,43238.682052437616,43330.0,
store_96,2015-05-25,2015-05-18,33887.0,49621.0,44558.916666666664,49634.365853658535,32176.772450978897,43317.8571724796,35653.0,
store_96,2015-06-01,2015-05-18,47098.0,49621.0,44558.916666666664,49647.73170731707,46667.41133225622,43317.8571724796,57184.0,
store_96,2015-06-08,2015-05-18,38731.0,49621.0,44558.916666666664,49661.09756097561,38301.991627518415,43317.8571724796,31529.0,
store_96,2015-06-15,2015-05-18,51496.0,49621.0,44558.916666666664,49674.46341463415,50426.07214699823,43317.8571724796,43330.0,
store_96,2015-06-22,2015-05-18,35856.0,49621.0,44558.916666666664,49687.829268292684,35785.5137316106,43317.8571724796,35679.0,
store_96,2015-06-29,2015-05-18,53854.0,49621.0,44558.916666666664,49701.19512195122,50830.55956480136,43317.8571724796,52995.0,
store_96,2015-07-06,2015-05-18,39726.0,49621.0,44558.916666666664,49714.560975609755,40122.50014602007,43317.8571724796,35125.0,
store_96,2015-07-13,2015-05-18,52610.0,49621.0,44558.916666666664,49727.92682926829,51885.698950932594,43317.8571724796,50657.0,
store_97,2015-02-02,2015-01-26,39625.0,42751.0,37360.916666666664,42645.08411214953,40723.633339865155,37222.42683301759,51567.0,
store_97,2015-02-09,2015-01-26,30590.0,42751.0,37360.916666666664,42539.168224299065,33053.136334568066,37222.42683301759,40290.0,
store_97,2015-02-16,2015-01-26,37768.0,42751.0,37360.916666666664,42433.2523364486,37862.31226064179,37222.42683301759,48031.0,
store_97,2015-02-23,2015-01-26,29527.0,42751.0,37360.916666666664,42327.33644859813,30601.214312670927,37222.42683301759,40314.0,
store_97,2015-03-02,2015-01-26,41608.0,42751.0,37360.916666666664,42221.42056074766,41629.77097401842,37222.42683301759,50695.0,
store_97,2015-03-09,2015-01-26,27914.0,42751.0,37360.916666666664,42115.504672897194,28175.74051986012,37222.42683301759,38206.0,
store_97,2015-03-16,2015-01-26,38747.0,42751.0,37360.916666666664,42009.588785046726,39006.56518067298,37222.42683301759,49631.0,
store_97,2015-03-23,2015-01-26,28841.0,42751.0,37360.916666666664,41903.67289719626,28202.852175686166,37222.42683301759,37815.0,
store_97,2015-03-02,2015-02-23,41608.0,29527.0,35672.5,29305.765765765766,40974.857295291804,36339.220541055074,50695.0,
store_97,2015-03-09,2015-02-23,27914.0,29527.0,35672.5,29084.53153153153,27466.340689741686,36339.220541055074,38206.0,
store_97,2015-03-16,2015-02-23,38747.0,29527.0,35672.5,28863.297297297297,38378.45242591761,36339.220541055074,49631.0,
store_97,2015-03-23,2015-02-23,28841.0,29527.0,35672.5,28642.063063063062,27553.87866226587,36339.220541055074,37815.0,
store_97,2015-03-30,2015-02-23,42437.0,29527.0,35672.5,28420.828828828828,40728.02637316471,36339.220541055074,52819.0,
store_97,2015-04-06,2015-02-23,23720.0,29527.0,35672.5,28199.594594594593,23281.7411912737,36339.220541055074,41293.0,
store_97,2015-04-13,2015-02-23,40599.0,29527.0,35672.5,27978.36036036036,38753.246351645445,36339.220541055074,49578.0,
store_97,2015-04-20,2015-02-23,27636.0,29527.0,35672.5,27757.126126126124,27106.505327296574,36339.220541055074,33398.0,
store_97,2015-03-30,2015-03-23,42437.0,28841.0,35299.083333333336,28621.49565217391,41581.855739372564,35666.1730666791,52819.0,
store_97,2015-04-06,2015-03-23,23720.0,28841.0,35299.083333333336,28401.991304347826,23936.244068811986,35666.1730666791,41293.0,
store_97,2015-04-13,2015-03-23,40599.0,28841.0,35299.083333333336,28182.486956521738,39711.046891778584,35666.1730666791,49578.0,
store_97,2015-04-20,2015-03-23,27636.0,28841.0,35299.083333333336,27962.982608695653,27243.81699595306,35666.1730666791,33398.0,
store_97,2015-04-27,2015-03-23,40177.0,28841.0,35299.083333333336,27743.478260869564,38611.71942827094,35666.1730666791,48153.0,
store_97,2015-05-04,2015-03-23,39998.0,28841.0,35299.083333333336,27523.97391304348,40912.23265296929,35666.1730666791,55213.0,
store_97,2015-05-11,2015-03-23,28661.0,28841.0,35299.083333333336,27304.46956521739,29610.71385856861,35666.1730666791,40242.0,
store_97,2015-05-18,2015-03-23,39570.0,28841.0,35299.083333333336,27084.965217391305,40407.23418450582,35666.1730666791,53861.0,
store_97,2015-04-27,2015-04-20,40177.0,27636.0,34084.333333333336,27413.747899159665,38801.716624667504,35029.481092030466,48153.0,
store_97,2015-05-04,2015-04-20,39998.0,27636.0,34084.333333333336,27191.495798319327,41301.183798801925,35029.481092030466,55213.0,
store_97,2015-05-11,2015-04-20,28661.0,27636.0,34084.333333333336,26969.243697478993,29656.721932346096,35029.481092030466,40242.0,
store_97,2015-05-18,2015-04-20,39570.0,27636.0,34084.333333333336,26746.991596638654,40779.32664140916,35029.481092030466,53861.0,
store_97,2015-05-25,2015-04-20,26222.0,27636.0,34084.333333333336,26524.73949579832,26605.586733274344,35029.481092030466,38516.0,
store_97,2015-06-01,2015-04-20,38478.0,27636.0,34084.333333333336,26302.487394957985,37231.11160036108,35029.481092030466,58354.0,
store_97,2015-06-08,2015-04-20,30194.0,27636.0,34084.333333333336,26080.235294117647,31170.67058590528,35029.481092030466,38287.0,
store_97,2015-06-15,2015-04-20,42285.0,27636.0,34084.333333333336,25857.983193277312,41573.675557073046,35029.481092030466,49530.0,
store_97,2015-05-25,2015-05-18,26222.0,39570.0,34992.333333333336,39452.0,26084.833444012147,35142.44781143485,38516.0,
store_97,2015-06-01,2015-05-18,38478.0,39570.0,34992.333333333336,39334.0,36526.72993689931,35035.1741868274,58354.0,
store_97,2015-06-08,2015-05-18,30194.0,39570.0,34992.333333333336,39216.0,31001.57977835332,34927.90056221994,38287.0,
store_97,2015-06-15,2015-05-18,42285.0,39570.0,34992.333333333336,39098.0,41179.3018313894,34820.62693761249,49530.0,
store_97,2015-06-22,2015-05-18,29167.0,39570.0,34992.333333333336,38980.0,29610.08718066512,34713.353313005035,41142.0,
store_97,2015-06-29,2015-05-18,42657.0,39570.0,34992.333333333336,38862.0,39775.90401240962,34606.07968839758,59290.0,
store_97,2015-07-06,2015-05-18,29860.0,39570.0,34992.333333333336,38744.0,30283.179473057804,34498.80606379012,41967.0,
store_97,2015-07-13,2015-05-18,39903.0,39570.0,34992.333333333336,38626.0,39462.04129157546,34391.532439182665,50491.0,
store_98,2015-02-02,2015-01-26,31196.0,31886.0,30436.0,31854.158878504673,32728.55278654305,29600.27566562772,33410.0,
store_98,2015-02-09,2015-01-26,23828.0,31886.0,30436.0,31822.317757009347,24131.809033694546,29600.27566562772,23786.0,
store_98,2015-02-16,2015-01-26,30330.0,31886.0,30436.0,31790.47663551402,26423.97501139934,29600.27566562772,30533.0,
store_98,2015-02-23,2015-01-26,24462.0,31886.0,30436.0,31758.635514018693,22991.98496634183,29600.27566562772,24243.0,
store_98,2015-03-02,2015-01-26,31964.0,31886.0,30436.0,31726.794392523363,32669.884404473247,29600.27566562772,32141.0,
store_98,2015-03-09,2015-01-26,24522.0,31886.0,30436.0,31694.953271028036,22639.778898882425,29600.27566562772,22772.0,
store_98,2015-03-16,2015-01-26,33154.0,31886.0,30436.0,31663.11214953271,31979.939662878045,29600.27566562772,30912.0,
store_98,2015-03-23,2015-01-26,24129.0,31886.0,30436.0,31631.271028037383,22286.9095955624,29600.27566562772,23721.0,
store_98,2015-03-02,2015-02-23,31964.0,24462.0,28944.75,24364.423423423425,32695.355360958125,29527.504439825505,32141.0,
store_98,2015-03-09,2015-02-23,24522.0,24462.0,28944.75,24266.846846846845,22503.987089225444,29527.504439825505,22772.0,
store_98,2015-03-16,2015-02-23,33154.0,24462.0,28944.75,24169.27027027027,31806.13929327322,29527.504439825505,30912.0,
store_98,2015-03-23,2015-02-23,24129.0,24462.0,28944.75,24071.693693693695,22146.96814264747,29527.504439825505,23721.0,
store_98,2015-03-30,2015-02-23,34648.0,24462.0,28944.75,23974.117117117115,33330.878432939586,29527.504439825505,34235.0,
store_98,2015-04-06,2015-02-23,23570.0,24462.0,28944.75,23876.54054054054,23945.417587588294,29527.504439825505,26333.0,
store_98,2015-04-13,2015-02-23,33892.0,24462.0,28944.75,23778.963963963964,33952.37279667644,29527.504439825505,34052.0,
store_98,2015-04-20,2015-02-23,24242.0,24462.0,28944.75,23681.38738738739,24012.99558314937,29527.504439825505,21677.0,
store_98,2015-03-30,2015-03-23,34648.0,24129.0,28404.333333333332,24031.921739130434,33122.05904155684,29500.206854255866,34235.0,
store_98,2015-04-06,2015-03-23,23570.0,24129.0,28404.333333333332,23934.84347826087,23410.99278399721,29500.206854255866,26333.0,
store_98,2015-04-13,2015-03-23,33892.0,24129.0,28404.333333333332,23837.765217391305,34382.099648705,29500.206854255866,34052.0,
store_98,2015-04-20,2015-03-23,24242.0,24129.0,28404.333333333332,23740.68695652174,24476.94935306904,29500.206854255866,21677.0,
store_98,2015-04-27,2015-03-23,31431.0,24129.0,28404.333333333332,23643.608695652172,31881.655153519187,29500.206854255866,34026.0,
store_98,2015-05-04,2015-03-23,34346.0,24129.0,28404.333333333332,23546.53043478261,33786.487249659884,29500.206854255866,33394.0,
store_98,2015-05-11,2015-03-23,19715.0,24129.0,28404.333333333332,23449.452173913043,20522.438020525144,29500.206854255866,24499.0,
store_98,2015-05-18,2015-03-23,25222.0,24129.0,28404.333333333332,23352.373913043477,26919.777949632487,29500.206854255866,30383.0,
store_98,2015-04-27,2015-04-20,31431.0,24242.0,28328.083333333332,24149.134453781513,31809.472042556008,29474.001552786227,34026.0,
store_98,2015-05-04,2015-04-20,34346.0,24242.0,28328.083333333332,24056.268907563026,33729.67855782983,29474.001552786227,33394.0,
store_98,2015-05-11,2015-04-20,19715.0,24242.0,28328.083333333332,23963.40336134454,20461.771719878314,29474.001552786227,24499.0,
store_98,2015-05-18,2015-04-20,25222.0,24242.0,28328.083333333332,23870.537815126052,26914.053979443062,29474.001552786227,30383.0,
store_98,2015-05-25,2015-04-20,17834.0,24242.0,28328.083333333332,23777.67226890756,17466.88958083492,29474.001552786227,20964.0,
store_98,2015-06-01,2015-04-20,25417.0,24242.0,28328.083333333332,23684.806722689074,26246.658868997805,29474.001552786227,34048.0,
store_98,2015-06-08,2015-04-20,20282.0,24242.0,28328.083333333332,23591.941176470587,20088.28224564803,29474.001552786227,22744.0,
store_98,2015-06-15,2015-04-20,28486.0,24242.0,28328.083333333332,23499.0756302521,29046.160097331845,29474.001552786227,30495.0,
store_98,2015-05-25,2015-05-18,17834.0,25222.0,28402.916666666668,25140.121951219513,16863.15246541332,29419.042810920073,20964.0,
store_98,2015-06-01,2015-05-18,25417.0,25222.0,28402.916666666668,25058.243902439026,25708.527700384348,29419.042810920073,34048.0,
store_98,2015-06-08,2015-05-18,20282.0,25222.0,28402.916666666668,24976.365853658535,19717.775381918913,29419.042810920073,22744.0,
store_98,2015-06-15,2015-05-18,28486.0,25222.0,28402.916666666668,24894.48780487805,28717.10698918265,29419.042810920073,30495.0,
store_98,2015-06-22,2015-05-18,19953.0,25222.0,28402.916666666668,24812.60975609756,19489.066213192284,29419.042810920073,27431.0,
store_98,2015-06-29,2015-05-18,28633.0,25222.0,28402.916666666668,24730.731707317074,26414.917727533015,29419.042810920073,35372.0,
store_98,2015-07-06,2015-05-18,21616.0,25222.0,28402.916666666668,24648.853658536584,20099.80473752491,29419.042810920073,24256.0,
store_98,2015-07-13,2015-05-18,28152.0,25222.0,28402.916666666668,24566.975609756097,27623.72584677841,29419.042810920073,29729.0,
store_99,2015-02-02,2015-01-26,55888.0,56573.0,52931.666666666664,56527.08411214953,57795.79875639688,48796.71230416403,60033.0,
store_99,2015-02-09,2015-01-26,40932.0,56573.0,52931.666666666664,56481.168224299065,41482.75709143156,48796.71230416403,39978.0,
store_99,2015-02-16,2015-01-26,53463.0,56573.0,52931.666666666664,56435.2523364486,53536.00280668681,48796.71230416403,54794.0,
store_99,2015-02-23,2015-01-26,40441.0,56573.0,52931.666666666664,56389.33644859813,39288.25864766471,48796.71230416403,40861.0,
store_99,2015-03-02,2015-01-26,60676.0,56573.0,52931.666666666664,56343.42056074766,60200.94764075616,48796.71230416403,60981.0,
store_99,2015-03-09,2015-01-26,41351.0,56573.0,52931.666666666664,56297.504672897194,40948.58821839977,48796.71230416403,38826.0,
store_99,2015-03-16,2015-01-26,57895.0,56573.0,52931.666666666664,56251.588785046726,56770.93271494564,48796.71230416403,54252.0,
store_99,2015-03-23,2015-01-26,40136.0,56573.0,52931.666666666664,56205.67289719626,38601.0647230986,48796.71230416403,38705.0,
store_99,2015-03-02,2015-02-23,60676.0,40441.0,49227.166666666664,40251.40540540541,60162.59197721456,48771.46056829647,60981.0,
store_99,2015-03-09,2015-02-23,41351.0,40441.0,49227.166666666664,40061.81081081081,40933.79836472069,48771.46056829647,38826.0,
store_99,2015-03-16,2015-02-23,57895.0,40441.0,49227.166666666664,39872.21621621621,56759.36068269382,48771.46056829647,54252.0,
store_99,2015-03-23,2015-02-23,40136.0,40441.0,49227.166666666664,39682.62162162162,38568.19828434509,48771.46056829647,38705.0,
store_99,2015-03-30,2015-02-23,58803.0,40441.0,49227.166666666664,39493.02702702703,57602.82610411369,48771.46056829647,59665.0,
store_99,2015-04-06,2015-02-23,35768.0,40441.0,49227.166666666664,39303.43243243243,35375.734811482456,48771.46056829647,42832.0,
store_99,2015-04-13,2015-02-23,58393.0,40441.0,49227.166666666664,39113.83783783784,55242.5180391202,48771.46056829647,55393.0,
store_99,2015-04-20,2015-02-23,39287.0,40441.0,49227.166666666664,38924.24324324324,38635.13609686619,48771.46056829647,31617.0,
store_99,2015-03-30,2015-03-23,58803.0,40136.0,49494.916666666664,39950.34782608696,57802.56095090955,48806.72783625177,59665.0,
store_99,2015-04-06,2015-03-23,35768.0,40136.0,49494.916666666664,39764.69565217391,35261.4743798596,48806.72783625177,42832.0,
store_99,2015-04-13,2015-03-23,58393.0,40136.0,49494.916666666664,39579.04347826087,55635.240196463696,48806.72783625177,55393.0,
store_99,2015-04-20,2015-03-23,39287.0,40136.0,49494.916666666664,39393.391304347824,39040.263753610794,48806.72783625177,31617.0,
store_99,2015-04-27,2015-03-23,54563.0,40136.0,49494.916666666664,39207.739130434784,55307.01142556981,48806.72783625177,54644.0,
store_99,2015-05-04,2015-03-23,59434.0,40136.0,49494.916666666664,39022.086956521736,58297.12896188837,48806.72783625177,57671.0,
store_99,2015-05-11,2015-03-23,38543.0,40136.0,49494.916666666664,38836.434782608696,38366.29485310269,48806.72783625177,39693.0,
store_99,2015-05-18,2015-03-23,59383.0,40136.0,49494.916666666664,38650.782608695656,58608.79025738214,48806.72783625177,56472.0,
store_99,2015-04-27,2015-04-20,54563.0,39287.0,48586.083333333336,39100.4537815126,55363.028284244356,48767.63518363221,54644.0,
store_99,2015-05-04,2015-04-20,59434.0,39287.0,48586.083333333336,38913.90756302521,58368.784174377266,48767.63518363221,57671.0,
store_99,2015-05-11,2015-04-20,38543.0,39287.0,48586.083333333336,38727.361344537814,38463.59586846724,48767.63518363221,39693.0,
store_99,2015-05-18,2015-04-20,59383.0,39287.0,48586.083333333336,38540.815126050424,58652.04195774891,48767.63518363221,56472.0,
store_99,2015-05-25,2015-04-20,39002.0,39287.0,48586.083333333336,38354.268907563026,39307.47532750459,48767.63518363221,39191.0,
store_99,2015-06-01,2015-04-20,54094.0,39287.0,48586.083333333336,38167.72268907563,55371.08942488757,48767.63518363221,63292.0,
store_99,2015-06-08,2015-04-20,42438.0,39287.0,48586.083333333336,37981.17647058824,43923.532335049495,48767.63518363221,36467.0,
store_99,2015-06-15,2015-04-20,58652.0,39287.0,48586.083333333336,37794.63025210084,56580.00186932966,48767.63518363221,53103.0,
store_99,2015-05-25,2015-05-18,39002.0,59383.0,50352.666666666664,59365.90243902439,39528.18699202696,48903.41523058825,39191.0,
store_99,2015-06-01,2015-05-18,54094.0,59383.0,50352.666666666664,59348.80487804878,55313.448359979266,48903.41523058825,63292.0,
store_99,2015-06-08,2015-05-18,42438.0,59383.0,50352.666666666664,59331.70731707317,44106.269950374575,48903.41523058825,36467.0,
store_99,2015-06-15,2015-05-18,58652.0,59383.0,50352.666666666664,59314.60975609756,56742.95394050642,48903.41523058825,53103.0,
store_99,2015-06-22,2015-05-18,42022.0,59383.0,50352.666666666664,59297.51219512195,41946.35319400609,48903.41523058825,40414.0,
store_99,2015-06-29,2015-05-18,61646.0,59383.0,50352.666666666664,59280.41463414634,60131.300438282386,48903.41523058825,62516.0,
store_99,2015-07-06,2015-05-18,39570.0,59383.0,50352.666666666664,59263.31707317073,39443.67230526019,48903.41523058825,40590.0,
store_99,2015-07-13,2015-05-18,52792.0,59383.0,50352.666666666664,59246.21951219512,51747.23861333768,48903.41523058825,53713.0,
