unique_id,ds,cutoff,y,Naive,WindowAverage,RWD,AutoARIMA,AutoETS,SeasonalNaive,SeasWA,Best-Fit,Equal-All,Equal-Best3,InverseMSE,InverseMSE-Best3
store_1,2015-02-02,2015-01-26,29690.0,30008.0,31189.583333333332,29980.48598130841,31384.246530609395,29168.291470960063,31555.0,,31384.246530609395,26183.658188030167,30702.512667189818,30986.221704675238,31164.41803380633
store_1,2015-02-09,2015-01-26,24477.0,30008.0,31189.583333333332,29952.971962616823,23810.633609343233,29168.291470960063,24257.0,,23810.633609343233,24055.21148232192,25745.308360101095,25903.695968222302,24535.91381075917
store_1,2015-02-16,2015-01-26,26902.0,30008.0,31189.583333333332,29925.457943925234,26477.63763317203,29168.291470960063,29040.0,,26477.63763317203,25115.567197341523,28228.643034710694,28073.186214293404,27369.237044107467
store_1,2015-02-23,2015-01-26,25566.0,30008.0,31189.583333333332,29897.943925233645,25328.448397256674,29168.291470960063,25597.0,,25328.448397256674,24455.609589540527,26697.913289405577,26896.443882190546,25836.674245220125
store_1,2015-03-02,2015-01-26,31369.0,30008.0,31189.583333333332,29870.429906542056,31456.522336824477,29168.291470960063,30836.0,,31456.522336824477,26075.546721094273,30486.937935928177,30889.93539798966,31049.802671497124
store_1,2015-03-09,2015-01-26,23767.0,30008.0,31189.583333333332,29842.915887850468,23290.985367040383,29168.291470960063,23115.0,,23290.985367040383,23802.110865597748,25191.42561266681,25435.821692538033,23936.481363654413
store_1,2015-03-16,2015-01-26,27073.0,30008.0,31189.583333333332,29815.40186915888,26926.38379092697,29168.291470960063,28573.0,,26926.38379092697,25097.237209197032,28222.558420629008,28210.28965292269,27559.129215370012
store_1,2015-03-23,2015-01-26,23788.0,30008.0,31189.583333333332,29787.88785046729,23950.890749082937,29168.291470960063,22628.0,,23950.890749082937,23818.950486263373,25249.06074001433,25680.160270376862,24260.779525793212
store_1,2015-03-02,2015-02-23,31369.0,25566.0,28962.833333333332,25499.45945945946,31439.54895947344,27527.188675207584,30836.0,,31439.54895947344,24261.5757753534,29934.245878227004,29878.977795804538,30847.31328367249
store_1,2015-03-09,2015-02-23,23767.0,25566.0,28962.833333333332,25432.91891891892,23276.620788900935,27527.188675207584,23115.0,,23276.620788900935,21982.937388051538,24639.60315470284,24423.186870615285,23735.708244992766
store_1,2015-03-16,2015-02-23,27073.0,25566.0,28962.833333333332,25366.37837837838,26922.715289552485,27527.188675207584,28573.0,,26922.715289552485,23274.016525210252,27674.30132158669,27200.05545727108,27365.39280027492
store_1,2015-03-23,2015-02-23,23788.0,25566.0,28962.833333333332,25299.837837837837,23929.795468978486,27527.188675207584,22628.0,,23929.795468978486,21987.665045051035,24694.994714728688,24658.146320358013,24055.57843269166
store_1,2015-03-30,2015-02-23,33019.0,25566.0,28962.833333333332,25233.297297297297,32424.700053024535,27527.188675207584,30142.0,,32424.700053024535,24265.14562269468,30031.296242744036,30235.34140509492,31338.896158428262
store_1,2015-04-06,2015-02-23,19546.0,25566.0,28962.833333333332,25166.756756756757,19293.16633927529,27527.188675207584,23776.0,,19293.16633927529,21470.27787208185,23532.118338160955,22508.46491470863,21264.167512686974
store_1,2015-04-13,2015-02-23,27563.0,25566.0,28962.833333333332,25100.216216216217,28894.71202985535,27527.188675207584,31411.0,,28894.71202985535,23923.135750658927,29277.633568354307,28664.57814371933,29302.809496629194
store_1,2015-04-20,2015-02-23,20670.0,25566.0,28962.833333333332,25033.675675675677,20393.739481105596,27527.188675207584,18690.0,,20393.739481105596,20881.919595046027,22203.642718771058,22174.00600029402,20841.10796537933
store_1,2015-03-30,2015-03-23,33019.0,23788.0,26808.5,23708.31304347826,32432.327130528894,26609.817923907,30142.0,,32432.327130528894,23355.565442559164,29728.048351478632,29731.42855251453,31236.964951004295
store_1,2015-04-06,2015-03-23,19546.0,23788.0,26808.5,23628.626086956523,19298.34230746205,26609.817923907,23776.0,,19298.34230746205,20558.46947404651,23228.05341045635,22002.308038924824,21160.623776664328
store_1,2015-04-13,2015-03-23,27563.0,23788.0,26808.5,23548.93913043478,28901.220003932303,26609.817923907,31411.0,,28901.220003932303,23009.63957975344,28974.0126426131,28158.084804000224,29200.14205672934
store_1,2015-04-20,2015-03-23,20670.0,23788.0,26808.5,23469.252173913042,20401.822208125832,26609.817923907,18690.0,,20401.822208125832,19966.77032942084,21900.546710677612,21667.298596927605,20739.476519320575
store_1,2015-04-27,2015-03-23,28627.0,23788.0,26808.5,23389.565217391304,28110.92860411205,26609.817923907,29569.0,,28110.92860411205,22610.830249344333,28096.582176006348,27428.956290190436,28264.781005076304
store_1,2015-05-04,2015-03-23,29272.0,23788.0,26808.5,23309.878260869566,28047.011686287144,26609.817923907,31910.0,,28047.011686287144,22924.74398158053,28855.609870064713,27795.295801131622,28750.72294164568
store_1,2015-05-11,2015-03-23,19705.0,23788.0,26808.5,23230.191304347827,19111.503065365192,26609.817923907,22439.0,,19111.503065365192,20283.858899088573,22720.106996424063,21646.42350693491,20736.158247970423
store_1,2015-05-18,2015-03-23,27740.0,23788.0,26808.5,23150.50434782609,28090.535976703897,26609.817923907,28187.0,,28090.535976703897,22376.336892633855,27629.117966870297,27161.441332905368,27939.667542732037
store_1,2015-04-27,2015-04-20,28627.0,20670.0,26119.166666666668,20566.789915966387,28104.118989543407,25396.876740454223,29569.0,,28104.118989543407,21489.42175894724,27689.998576665872,26804.771235197008,28118.894046668804
store_1,2015-05-04,2015-04-20,29272.0,20670.0,26119.166666666668,20463.579831932773,28015.435300831574,25396.876740454223,31910.0,,28015.435300831574,21796.436934269317,28440.7706804286,27156.818789395264,28588.54249274987
store_1,2015-05-11,2015-04-20,19705.0,20670.0,26119.166666666668,20360.36974789916,19102.351559951803,25396.876740454223,22439.0,,19102.351559951803,19155.394959281693,22312.742766802006,21017.449973213254,20588.730613292377
store_1,2015-05-18,2015-04-20,27740.0,20670.0,26119.166666666668,20257.159663865546,28097.748725064535,25396.876740454223,28187.0,,28097.748725064535,21246.85025657871,27227.20848850625,26538.91532907804,27803.005575263192
store_1,2015-05-25,2015-04-20,22653.0,20670.0,26119.166666666668,20153.949579831933,21506.51293512569,25396.876740454223,22891.0,,21506.51293512569,19533.929417439787,23264.796558526636,22292.00621261047,22272.31775593329
store_1,2015-06-01,2015-04-20,26600.0,20670.0,26119.166666666668,20050.73949579832,27958.210085989034,25396.876740454223,32072.0,,27958.210085989034,21752.427569844032,28475.695608814418,27124.31074130808,28587.432973623854
store_1,2015-06-08,2015-04-20,23342.0,20670.0,26119.166666666668,19947.529411764706,22259.76862627526,25396.876740454223,21174.0,,22259.76862627526,19366.763063594408,22943.548455576492,22359.180677826913,22380.613552164483
store_1,2015-06-15,2015-04-20,27314.0,20670.0,26119.166666666668,19844.319327731093,27127.64403821181,25396.876740454223,26158.0,,27127.64403821181,20759.429539009114,26227.506926222006,25667.35723715599,26707.173325081712
store_1,2015-05-25,2015-05-18,22653.0,27740.0,26011.583333333332,27697.62601626016,21535.602063945636,25825.883696596757,22891.0,,21535.602063945636,21671.67073001941,23417.49525351413,23461.55191775955,22341.469301421374
store_1,2015-06-01,2015-05-18,26600.0,27740.0,26011.583333333332,27655.252032520326,28117.32868407932,25825.883696596757,32072.0,,28117.32868407932,23917.43539236139,28671.737460225355,28364.0862427901,28742.127924444347
store_1,2015-06-08,2015-05-18,23342.0,27740.0,26011.583333333332,27612.878048780487,22162.072403763923,25825.883696596757,21174.0,,22162.072403763923,21503.773926067784,23053.985366786892,23474.127572729878,22366.35592310156
store_1,2015-06-15,2015-05-18,27314.0,27740.0,26011.583333333332,27570.50406504065,27031.402075466598,25825.883696596757,26158.0,,27031.402075466598,22905.33902434819,26338.428590687785,26787.702481536966,26693.872420162403
store_1,2015-06-22,2015-05-18,21823.0,27740.0,26011.583333333332,27528.130081300813,22272.039923417848,25825.883696596757,22763.0,,22272.039923417848,21734.376719235534,23620.3078733382,23797.761591166134,22797.085633252027
store_1,2015-06-29,2015-05-18,31175.0,27740.0,26011.583333333332,27485.756097560974,30949.650218861178,25825.883696596757,29994.0,,30949.650218861178,24000.981906621746,28923.17797181931,29420.014454550404,30136.77316126948
store_1,2015-07-06,2015-05-18,23041.0,27740.0,26011.583333333332,27443.38211382114,23732.918196559232,25825.883696596757,24021.0,,23732.918196559232,22110.681048615777,24526.600631051995,24745.346420856757,24041.89448106484
store_1,2015-07-13,2015-05-18,28548.0,27740.0,26011.583333333332,27401.0081300813,30103.367040923535,25825.883696596757,29183.0,,30103.367040923535,23752.120314419273,28370.750245840096,28846.60040669492,29397.109143138125
store_10,2015-02-02,2015-01-26,44247.0,42446.0,42274.833333333336,42439.57943925234,45940.654434436394,38597.747015559886,45831.0,,45940.654434436394,36789.97346036885,43456.46714999876,44394.74977898008,45052.51626211754
store_10,2015-02-09,2015-01-26,34477.0,42446.0,42274.833333333336,42433.15887850467,32418.823237452976,38597.747015559886,31637.0,,32418.823237452976,32829.65178069298,34217.856751004285,35276.71661045955,32951.93132768952
store_10,2015-02-16,2015-01-26,41773.0,42446.0,42274.833333333336,42426.73831775701,42582.18089713475,38597.747015559886,42214.0,,42582.18089713475,35791.642794826425,41131.309304231545,42112.25443087032,42024.59768461731
store_10,2015-02-23,2015-01-26,34313.0,42446.0,42274.833333333336,42420.31775700935,33915.412652373314,38597.747015559886,33237.0,,33915.412652373314,33270.187251182266,35250.0532226444,36290.17117410641,34298.32968360581
store_10,2015-03-02,2015-01-26,45950.0,42446.0,42274.833333333336,42413.897196261685,47338.29747257147,38597.747015559886,45587.0,,47338.29747257147,36951.11071681805,43841.01482937711,45019.09164335439,45883.85454991294
store_10,2015-03-09,2015-01-26,35299.0,42446.0,42274.833333333336,42407.47663551402,34854.3832697143,38597.747015559886,30311.0,,34854.3832697143,32984.4914648745,34587.710095091395,36199.87136980834,34179.84794385927
store_10,2015-03-16,2015-01-26,44068.0,42446.0,42274.833333333336,42401.056074766355,44866.62435396045,38597.747015559886,42120.0,,44866.62435396045,36100.89439680286,41861.457123173444,43190.33568519585,43458.12955846871
store_10,2015-03-23,2015-01-26,35014.0,42446.0,42274.833333333336,42394.63551401869,34894.30749939656,38597.747015559886,34022.0,,34894.30749939656,33518.50333747263,35838.01817165215,36903.37365574885,35114.88401174878
store_10,2015-03-02,2015-02-23,45950.0,34313.0,39930.583333333336,34233.54054054054,47340.6585694764,38600.02426621155,45587.0,,47340.6585694764,34286.40095850883,43842.560945229314,43508.436469454595,45885.62709853582
store_10,2015-03-09,2015-02-23,35299.0,34313.0,39930.583333333336,34154.08108108108,34866.6782150334,38600.02426621155,30311.0,,34866.6782150334,30310.766699379907,34592.56749374831,34688.15020203862,34187.954359815354
store_10,2015-03-16,2015-02-23,44068.0,34313.0,39930.583333333336,34074.62162162162,44872.52668386491,38600.02426621155,42120.0,,44872.52668386491,33415.82227214734,41864.18365002549,41669.70495093818,43462.16001350206
store_10,2015-03-23,2015-02-23,35014.0,34313.0,39930.583333333336,33995.16216216216,34893.54127365222,38600.02426621155,34022.0,,34893.54127365222,30822.044433622752,35838.521846621254,35373.70078757848,35114.66256509986
store_10,2015-03-30,2015-02-23,52685.0,34313.0,39930.583333333336,33915.7027027027,50371.13483235137,38600.02426621155,45017.0,,50371.13483235137,34592.49216208556,44662.71969952097,44833.665919847095,47678.16350487561
store_10,2015-04-06,2015-02-23,28742.0,34313.0,39930.583333333336,33836.24324324324,29019.2129412695,38600.02426621155,33555.0,,29019.2129412695,29893.4376834368,33724.74573582702,32452.60236793041,31254.70039047101
store_10,2015-04-13,2015-02-23,43910.0,34313.0,39930.583333333336,33756.78378378379,45377.22869552026,38600.02426621155,45641.0,,45377.22869552026,33945.51715412128,43206.08432057727,42537.02675243828,44646.970806249796
store_10,2015-04-20,2015-02-23,32842.0,34313.0,39930.583333333336,33677.32432432433,33495.19053242041,38600.02426621155,25024.0,,33495.19053242041,29291.44606518423,32373.071599543982,33014.744728523045,32017.623737804865
store_10,2015-03-30,2015-03-23,52685.0,35014.0,39506.666666666664,34943.4,50333.59689975907,38645.57044127683,45017.0,,50333.59689975907,34780.03342967179,44665.38911367863,44922.049462849085,47659.57133113218
store_10,2015-04-06,2015-03-23,28742.0,35014.0,39506.666666666664,34872.8,29004.12827573214,38645.57044127683,33555.0,,29004.12827573214,30085.452197667946,33734.89957233632,32552.481114964034,31250.424522835114
store_10,2015-04-13,2015-03-23,43910.0,35014.0,39506.666666666664,34802.2,45354.26173335005,38645.57044127683,45641.0,,45354.26173335005,34137.671263041935,43213.61072487562,42633.82686809196,44637.669150110596
store_10,2015-04-20,2015-03-23,32842.0,35014.0,39506.666666666664,34731.6,33454.11572822676,38645.57044127683,25024.0,,33454.11572822676,29482.27897659575,32374.562056501192,33103.5536482224,31996.77643849846
store_10,2015-04-27,2015-03-23,45832.0,35014.0,39506.666666666664,34661.0,42914.68244446114,38645.57044127683,42611.0,,42914.68244446114,33336.13136462923,41390.41762857932,40890.93424519679,42339.517691667184
store_10,2015-05-04,2015-03-23,46521.0,35014.0,39506.666666666664,34590.4,45010.749253166636,38645.57044127683,44773.0,,45010.749253166636,33934.34090873002,42809.77323148115,42291.56349727683,44205.89391943344
store_10,2015-05-11,2015-03-23,31975.0,35014.0,39506.666666666664,34519.8,30824.55837884087,38645.57044127683,31215.0,,30824.55837884087,29960.79935525491,33561.7096067059,32966.68451982,31837.596221904336
store_10,2015-05-18,2015-03-23,42326.0,35014.0,39506.666666666664,34449.2,41654.73102203664,38645.57044127683,39851.0,,41654.73102203664,32731.59544714002,40050.43382110449,39758.97956677229,40859.680399510915
store_10,2015-04-27,2015-04-20,45832.0,32842.0,39443.333333333336,32755.52100840336,43032.306509034985,38684.843894193014,42611.0,,43032.306509034985,32767.0006778521,41442.716801076,40617.7272124092,42419.12178162489
store_10,2015-05-04,2015-04-20,46521.0,32842.0,39443.333333333336,32669.04201680672,44995.67075844859,38684.843894193014,44773.0,,44995.67075844859,33343.98428611166,42817.8382175472,41953.33409684491,44200.88624864262
store_10,2015-05-11,2015-04-20,31975.0,32842.0,39443.333333333336,32582.563025210085,30820.905715445115,38684.843894193014,31215.0,,30820.905715445115,29369.806566883075,33573.58320321271,32632.675026737117,31839.873713595345
store_10,2015-05-18,2015-04-20,42326.0,32842.0,39443.333333333336,32496.084033613446,41676.3671064798,38684.843894193014,39851.0,,41676.3671064798,32141.946909659942,40070.73700022427,39435.85001431545,40878.08211286874
store_10,2015-05-25,2015-04-20,35550.0,32842.0,39443.333333333336,32409.605042016807,32771.13850616039,38684.843894193014,32771.0,,32771.13850616039,29845.988682243362,34742.32746678447,33843.144302662506,33464.732600462754
store_10,2015-06-01,2015-04-20,48375.0,32842.0,39443.333333333336,32323.126050420167,46995.61253084343,38684.843894193014,45157.0,,46995.61253084343,33635.13082982713,43612.485475012145,42957.413844436276,45570.178158615134
store_10,2015-06-08,2015-04-20,34310.0,32842.0,39443.333333333336,32236.647058823528,31573.275877022897,38684.843894193014,29955.0,,31573.275877022897,29247.871451910396,33404.37325707197,32733.781145354653,32010.75759510858
store_10,2015-06-15,2015-04-20,44493.0,32842.0,39443.333333333336,32150.168067226892,44076.74396862594,38684.843894193014,44066.0,,44076.74396862594,33037.584180482736,42275.862620939646,41339.8170515553,43441.68592522623
store_10,2015-05-25,2015-05-18,35550.0,42326.0,40430.333333333336,42319.439024390245,32632.338413366444,38766.34315854041,32771.0,,32632.338413366444,32749.350561375773,34723.22719063562,35426.55252264617,33385.79220453176
store_10,2015-06-01,2015-05-18,48375.0,42326.0,40430.333333333336,42312.87804878049,48084.73664376778,38766.34315854041,45157.0,,48084.73664376778,36725.32731206028,44002.69326743606,45137.13068768726,46274.16787093488
store_10,2015-06-08,2015-05-18,34310.0,42326.0,40430.333333333336,42306.31707317073,33562.19323361566,38766.34315854041,29955.0,,33562.19323361566,32478.026685522877,34094.51213071869,35352.16567651475,33288.45960855239
store_10,2015-06-15,2015-05-18,44493.0,42326.0,40430.333333333336,42299.756097560974,44663.28636739749,38766.34315854041,44066.0,,44663.28636739749,36078.81699383317,42498.54317531263,43290.85980913521,43825.22723036085
store_10,2015-06-22,2015-05-18,33625.0,42326.0,40430.333333333336,42293.19512195122,33766.02431391006,38766.34315854041,34683.0,,33766.02431391006,33180.69941824786,35738.45582415015,36322.20956294384,34577.27399949283
store_10,2015-06-29,2015-05-18,48849.0,42326.0,40430.333333333336,42286.634146341465,47575.158943031776,38766.34315854041,45864.0,,47575.158943031776,36749.781368749565,44068.50070052406,45020.79006064208,46122.547176065775
store_10,2015-07-06,2015-05-18,34122.0,42326.0,40430.333333333336,42280.07317073171,34552.22990933132,38766.34315854041,35790.0,,34552.22990933132,33449.28279599096,36369.52435595724,36903.311172158814,35349.89219968699
store_10,2015-07-13,2015-05-18,48072.0,42326.0,40430.333333333336,42273.51219512195,46439.52863853441,38766.34315854041,42255.0,,46439.52863853441,36070.10247507573,42486.957265691606,43807.649803527835,44513.88447434666
store_11,2015-02-02,2015-01-26,52899.0,51237.0,49188.916666666664,51291.97196261682,49738.6809615274,47963.00152882413,51312.0,,49738.6809615274,42961.65301709071,50079.86587606469,50027.44990086347,50023.57408264781
store_11,2015-02-09,2015-01-26,41481.0,51237.0,49188.916666666664,51346.943925233645,42260.11061510269,48038.12202175266,39508.0,,42260.11061510269,40225.58474696509,43652.34242725645,44727.78959517658,42646.66196090183
store_11,2015-02-16,2015-01-26,47036.0,51237.0,49188.916666666664,51401.91588785047,43148.393412822435,48113.24251468118,47742.0,,43148.393412822435,41547.35264028868,46693.1033598297,46517.1920000115,45114.0085498399
store_11,2015-02-23,2015-01-26,40567.0,51237.0,49188.916666666664,51456.88785046729,39591.53055995557,48188.36300760971,40885.0,,39591.53055995557,40078.24258352846,43221.815742207415,43794.792205638514,41316.02079006171
store_11,2015-03-02,2015-01-26,53090.0,51237.0,49188.916666666664,51511.85981308411,52531.32103840101,48263.483500538234,48617.0,,52531.32103840101,43049.94014552714,50112.41256835589,50870.36173133159,51124.02704736507
store_11,2015-03-09,2015-01-26,43288.0,51237.0,49188.916666666664,51566.831775700935,43271.96740884323,48338.603993466764,38788.0,,43271.96740884323,40341.61712066823,43749.628025169965,45108.3884400554,43105.12192579769
store_11,2015-03-16,2015-01-26,50914.0,51237.0,49188.916666666664,51621.80373831776,52827.253330584936,48413.72448639529,45608.0,,52827.253330584936,42699.528317423516,49208.05666575053,50522.80945729094,50606.36686050028
store_11,2015-03-23,2015-01-26,42915.0,51237.0,49188.916666666664,51676.77570093458,43229.945724748366,48488.84497932382,40849.0,,43229.945724748366,40667.21186738192,44422.62079713834,45460.54693827609,43559.11823938531
store_11,2015-03-02,2015-02-23,53090.0,40567.0,46360.75,40523.86486486487,53320.56309291107,47950.40759702497,48617.0,,53320.56309291107,39619.940793542984,49432.771030970354,48983.218757074275,51193.013254349324
store_11,2015-03-09,2015-02-23,43288.0,40567.0,46360.75,40480.72972972973,43665.069863649114,48020.846805462344,38788.0,,43665.069863649114,36840.3423426916,42937.9399545497,43035.66629436456,42928.973636525116
store_11,2015-03-16,2015-02-23,50914.0,40567.0,46360.75,40437.59459459459,53248.432811326784,48091.28601389972,45608.0,,53248.432811326784,39187.58048854587,48405.727603775595,48453.546376767605,50447.59286961733
store_11,2015-03-23,2015-02-23,42915.0,40567.0,46360.75,40394.45945945946,43367.60326683588,48161.725222337096,40849.0,,43367.60326683588,37100.07684980463,43525.78442227862,43255.88905621014,43224.898502453005
store_11,2015-03-30,2015-02-23,53823.0,40567.0,46360.75,40351.32432432433,47771.98356001293,48232.16443077447,51688.0,,47771.98356001293,39281.6031878731,48606.91118667097,47039.96694550473,48474.73099633767
store_11,2015-04-06,2015-02-23,35079.0,40567.0,46360.75,40308.18918918919,36316.966911064264,48302.60363921185,40363.0,,36316.966911064264,36031.215677066466,41013.57230368808,40039.616024334515,38748.718079855535
store_11,2015-04-13,2015-02-23,52304.0,40567.0,46360.75,40265.05405405405,52135.24126306636,48373.04284764923,51168.0,,52135.24126306636,39838.44116639566,49887.99708768878,48904.21947107879,51053.64516326111
store_11,2015-04-20,2015-02-23,39722.0,40567.0,46360.75,40221.91891891892,41765.26511249213,48443.48205608661,32643.0,,41765.26511249213,35714.48801249966,40256.33837083071,41179.84204188841,40322.20959086642
store_11,2015-03-30,2015-03-23,53823.0,42915.0,46378.166666666664,42893.782608695656,47245.754931957206,48058.44333185,51688.0,,47245.754931957206,39882.7353627385,48437.30719954129,47219.173377474806,48151.67912875691
store_11,2015-04-06,2015-03-23,35079.0,42915.0,46378.166666666664,42872.565217391304,35859.84640871453,48126.603710729876,40363.0,,35859.84640871453,36645.02600050034,40867.0043584604,40251.29481773407,38468.43089824619
store_11,2015-04-13,2015-03-23,52304.0,42915.0,46378.166666666664,42851.34782608696,52000.955794339876,48194.76408960975,51168.0,,52000.955794339876,40501.17633952903,49849.04082033551,49261.43570717034,50973.13099954846
store_11,2015-04-20,2015-03-23,39722.0,42915.0,46378.166666666664,42830.13043478261,41652.297373438014,48262.924468489626,32643.0,,41652.297373438014,36383.074134768125,40224.48801336822,41548.23441562513,40254.88701650377
store_11,2015-04-27,2015-03-23,47276.0,42915.0,46378.166666666664,42808.913043478264,47124.33647798429,48331.08484736949,47374.0,,47124.33647798429,39275.928719356954,46958.83438155032,46462.498102819634,47071.82888056895
store_11,2015-05-04,2015-03-23,54335.0,42915.0,46378.166666666664,42787.69565217391,54678.88827557233,48399.24522624937,53028.0,,54678.88827557233,41169.570831523175,51361.68498074633,50782.427302884855,53063.44549489435
store_11,2015-05-11,2015-03-23,39397.0,42915.0,46378.166666666664,42766.47826086957,38720.19565064862,48467.40560512924,39902.0,,38720.19565064862,37021.32088333058,41666.787439105094,41474.78484408235,40131.07363763164
store_11,2015-05-18,2015-03-23,53807.0,42915.0,46378.166666666664,42745.260869565216,52212.7699426651,48535.56598400912,47036.0,,52212.7699426651,39974.68049470087,48542.31220311059,48689.01556599046,50141.87503437672
store_11,2015-04-27,2015-04-20,47276.0,39722.0,46093.166666666664,39674.663865546216,46891.73113962386,48033.14321656221,47374.0,,46891.73113962386,38255.52926977128,46786.299268763505,45741.00854565822,46885.62663726205
store_11,2015-05-04,2015-04-20,54335.0,39722.0,46093.166666666664,39627.32773109244,54546.65374090702,48097.33061830278,53028.0,,54546.65374090702,40159.211250995555,51222.60680252456,50102.9710663187,52939.3535440729
store_11,2015-05-11,2015-04-20,39397.0,39722.0,46093.166666666664,39579.991596638654,38444.207221774304,48161.51802004335,39902.0,,38444.207221774304,35986.12621501757,41479.791296146985,40728.5757570534,39918.025575206615
store_11,2015-05-18,2015-04-20,53807.0,39722.0,46093.166666666664,39532.65546218488,52139.15612303193,48225.705421783925,47036.0,,52139.15612303193,38964.09766766677,48422.77426323286,48030.29445258438,50054.05807212079
store_11,2015-05-25,2015-04-20,36103.0,39722.0,46093.166666666664,39485.31932773109,35269.64974206156,48289.8928235245,37220.0,,35269.64974206156,35154.2897942834,39527.605469576076,38869.21668022711,37328.95445710761
store_11,2015-06-01,2015-04-20,46680.0,39722.0,46093.166666666664,39437.98319327731,46498.649561201586,48354.080225265076,54827.0,,46498.649561201586,39276.125663772946,49139.60540928941,46828.53244507405,48378.1620720985
store_11,2015-06-08,2015-04-20,42737.0,39722.0,46093.166666666664,39390.64705882353,41146.921184890314,48418.26762700565,33488.0,,41146.921184890314,35465.57179105516,40242.69595051899,40867.409038701495,40096.6894316543
store_11,2015-06-15,2015-04-20,52524.0,39722.0,46093.166666666664,39343.31092436975,50008.35427308007,48482.45502874622,42296.0,,50008.35427308007,37992.18384183753,46132.506979915575,46295.98269311968,47631.5706705918
store_11,2015-05-25,2015-05-18,36103.0,53807.0,47162.5,53875.71544715447,35763.05480199954,48289.17213210885,37220.0,,35763.05480199954,39445.34891160898,40048.51826733318,41706.9475076212,37792.85457089798
store_11,2015-06-01,2015-05-18,46680.0,53807.0,47162.5,53944.43089430894,46897.6488488133,48353.39566024715,54827.0,,46897.6488488133,43570.28220048134,49629.04961627109,49634.33053714963,48783.64310468564
store_11,2015-06-08,2015-05-18,42737.0,53807.0,47162.5,54013.14634146341,41366.91739895379,48417.619188385455,33488.0,,41366.91739895379,39750.740418400375,40672.47246631793,43603.576380629274,40391.40186575887
store_11,2015-06-15,2015-05-18,52524.0,53807.0,47162.5,54081.86178861788,50224.1077232184,48481.84271652376,42296.0,,50224.1077232184,42293.330318337146,46560.869241072796,49040.39548956079,47923.6576469075
store_11,2015-06-22,2015-05-18,40470.0,53807.0,47162.5,54150.577235772354,38605.02756526885,48546.06624466206,41160.0,,38605.02756526885,40490.16729224332,42309.17585508962,43684.88984480658,40469.103280740965
store_11,2015-06-29,2015-05-18,57177.0,53807.0,47162.5,54219.29268292683,51308.216822516944,48610.289772800366,52054.0,,51308.216822516944,43880.18561117773,50174.90560750564,51185.40328941073,50867.11745192073
store_11,2015-07-06,2015-05-18,43324.0,53807.0,47162.5,54288.0081300813,41643.28026082794,48674.51330093867,39535.0,,41643.28026082794,40730.04309883541,42780.26008694264,44791.61169000572,41970.74264056592
store_11,2015-07-13,2015-05-18,52864.0,53807.0,47162.5,54356.723577235774,50794.22516954712,48738.736829076974,50783.0,,50794.22516954712,43663.16936797998,49579.908389849035,50768.554536045005,50253.04367042968
store_12,2015-02-02,2015-01-26,44373.0,44789.0,41018.416666666664,44834.46728971963,44047.00946821393,40521.30726352386,44229.0,,44047.00946821393,37062.742955446294,43098.1420449602,43610.352454627166,43732.62210611141
store_12,2015-02-09,2015-01-26,34338.0,44789.0,41018.416666666664,44879.93457943925,35442.02554539981,40587.72708177264,32980.0,,35442.02554539981,34242.44341046834,36480.14740402216,37389.57205465975,35558.86496758093
store_12,2015-02-16,2015-01-26,43891.0,44789.0,41018.416666666664,44925.40186915888,42831.20415279256,40654.14690002141,41905.0,,42831.20415279256,36589.0242269485,41918.20693981974,42626.96187730302,42418.16673596645
store_12,2015-02-23,2015-01-26,38313.0,44789.0,41018.416666666664,44970.86915887851,36802.007034532915,40720.566718270195,34896.0,,36802.007034532915,34742.40851119261,37572.14123373319,38415.55808300928,36880.70110754662
store_12,2015-03-02,2015-01-26,47292.0,44789.0,41018.416666666664,45016.33644859813,50146.517590860516,40786.98653651897,47363.0,,50146.517590860516,38445.751034663466,46175.97808584239,47262.07462536504,48475.15809931128
store_12,2015-03-09,2015-01-26,35201.0,44789.0,41018.416666666664,45061.80373831776,34154.22335076171,40853.40635476775,30603.0,,34154.22335076171,33782.835730073406,35258.54667247612,36379.34858666523,34184.95286773301
store_12,2015-03-16,2015-01-26,45128.0,44789.0,41018.416666666664,45107.27102803739,45202.24900625434,40919.826173016525,41326.0,,45202.24900625434,36908.966124853556,42515.555224307,43771.511502890105,43871.305571609795
store_12,2015-03-23,2015-01-26,32858.0,44789.0,41018.416666666664,45152.73831775701,33678.978333485255,40986.24599126531,33162.0,,33678.978333485255,34112.48275845346,35953.13166671731,36580.310514458346,34424.36173856845
store_12,2015-03-02,2015-02-23,47292.0,38313.0,39434.166666666664,38298.48648648649,48615.721251441995,40687.096755014696,47363.0,,48615.721251441995,36101.638737087116,45137.62930603622,45349.06480400744,47270.64394256318
store_12,2015-03-09,2015-02-23,35201.0,38313.0,39434.166666666664,38283.97297297297,36253.00695819732,40751.74529196855,30603.0,,36253.00695819732,31948.413127115073,35430.05787495466,36303.95177635633,35397.42792220971
store_12,2015-03-16,2015-02-23,45128.0,38313.0,39434.166666666664,38269.45945945946,45592.569809582885,40816.39382892242,41326.0,,45592.569809582885,34821.65568066163,42117.578825416516,42824.357793833544,43946.090803636194
store_12,2015-03-23,2015-02-23,32858.0,38313.0,39434.166666666664,38254.94594594595,32800.57957851532,40881.04236587628,33162.0,,32800.57957851532,31835.104936714888,35132.24874839399,34984.5954061685,33654.28846647644
store_12,2015-03-30,2015-02-23,45652.0,38313.0,39434.166666666664,38240.43243243243,42348.519930745664,40945.690902830145,43281.0,,42348.519930745664,34651.82999038213,41687.89553247078,41510.761398460185,42210.508404484055
store_12,2015-04-06,2015-02-23,27379.0,38313.0,39434.166666666664,38225.91891891892,27171.66337843977,41010.339439784,33856.0,,27171.66337843977,31144.44120054419,33487.27668170214,32251.75658096788,30056.66748382641
store_12,2015-04-13,2015-02-23,43709.0,38313.0,39434.166666666664,38211.40540540541,43521.044127928515,41074.987976737866,38762.0,,43521.044127928515,34188.08631096264,40572.40359819839,41366.94009754709,42009.66476040494
store_12,2015-04-20,2015-02-23,31494.0,38313.0,39434.166666666664,38196.89189189189,32589.24962742682,41139.63651369173,24295.0,,32589.24962742682,30566.849242811015,32106.138764697826,33427.75314020766,31587.417912152094
store_12,2015-03-30,2015-03-23,45652.0,32858.0,39944.5,32796.556521739134,41771.76633863305,40807.18569654684,43281.0,,41771.76633863305,33065.57265098843,41665.75544621101,40436.56727355118,41886.07733513835
store_12,2015-04-06,2015-03-23,27379.0,32858.0,39944.5,32735.11304347826,26566.411007652816,40869.77289655384,33856.0,,26566.411007652816,29547.113849669273,33455.63700255094,31159.429675312236,29713.25867005915
store_12,2015-04-13,2015-03-23,43709.0,32858.0,39944.5,32673.66956521739,43123.89627581119,40932.36009656084,38762.0,,43123.89627581119,32613.48941965563,40610.13209193706,40376.57046742374,41804.835722754084
store_12,2015-04-20,2015-03-23,31494.0,32858.0,39944.5,32612.22608695652,32222.955475848226,40994.94729656785,24295.0,,32222.955475848226,28989.661265624654,32154.15182528274,32449.37559508977,31403.134795081685
store_12,2015-04-27,2015-03-23,44464.0,32858.0,39944.5,32550.782608695652,43275.7572121853,41057.53449657485,44063.0,,43275.7572121853,33392.79633106511,42427.752404061765,41333.25685853667,43057.47710362699
store_12,2015-05-04,2015-03-23,46517.0,32858.0,39944.5,32489.339130434782,45880.6561439908,41120.12169658185,45318.0,,45880.6561439908,33944.37385300106,43714.38538133026,42864.14803495366,45064.7351942958
store_12,2015-05-11,2015-03-23,31351.0,32858.0,39944.5,32427.895652173913,31584.86767806561,41182.708896588854,31195.0,,31584.86767806561,29884.710318118337,34241.45589268854,33270.82460263973,32477.082382329714
store_12,2015-05-18,2015-03-23,45703.0,32858.0,39944.5,32366.452173913043,42914.3180402186,41245.296096595855,40320.0,,42914.3180402186,32806.93804438964,41059.6060134062,40532.96763271398,42003.71268099582
store_12,2015-04-27,2015-04-20,44464.0,31494.0,39135.666666666664,31423.159663865546,43530.20270317568,40688.37379582739,44063.0,,43530.20270317568,32904.91468993361,42242.95645661411,41171.404848662474,43132.39597798325
store_12,2015-05-04,2015-04-20,46517.0,31494.0,39135.666666666664,31352.319327731093,46154.09866306368,40746.45218311283,45318.0,,46154.09866306368,33457.21954865346,43535.92177657678,42710.84198628523,45152.30446142287
store_12,2015-05-11,2015-04-20,31351.0,31494.0,39135.666666666664,31281.47899159664,31766.98702954883,40804.53057039826,31195.0,,31766.98702954883,29382.523322601483,34032.551232071826,33070.07054275277,32503.838245693514
store_12,2015-05-18,2015-04-20,45703.0,31494.0,39135.666666666664,31210.638655462186,43209.505908883926,40862.60895768369,40320.0,,43209.505908883926,32318.91716981378,40888.39085851686,40388.50633446639,42105.76248750454
store_12,2015-05-25,2015-04-20,34178.0,31494.0,39135.666666666664,31139.798319327732,33407.58954059496,40920.68734496913,35113.0,,33407.58954059496,30172.963124508355,35885.418735753876,34551.20605782771,34447.43038497244
store_12,2015-06-01,2015-04-20,42052.0,31494.0,39135.666666666664,31068.95798319328,42217.93854098689,40978.76573225456,47027.0,,42217.93854098689,33131.761274728764,42793.53506921785,40995.433860018275,42902.39835470232
store_12,2015-06-08,2015-04-20,36442.0,31494.0,39135.666666666664,30998.117647058825,34310.86688198629,41036.84411953999,28906.0,,34310.86688198629,29411.642187893107,34117.511182884315,33981.71701978717,33700.61392461988
store_12,2015-06-15,2015-04-20,48944.0,31494.0,39135.666666666664,30927.277310924368,46666.20175074711,41094.92250682542,39027.0,,46666.20175074711,32620.724033594794,41609.62280580459,41928.36747013685,44126.752485644625
store_12,2015-05-25,2015-05-18,34178.0,45703.0,39729.0,45749.9837398374,33752.914694856096,40997.810379607705,35113.0,,33752.914694856096,34435.10125918589,36198.304898285365,36940.147950193044,34746.72409889906
store_12,2015-06-01,2015-05-18,42052.0,45703.0,39729.0,45796.96747967479,42612.79838551089,41056.78858242877,47027.0,,42612.79838551089,37417.936349659205,43122.932795170294,43418.34893336923,43234.67792751613
store_12,2015-06-08,2015-05-18,36442.0,45703.0,39729.0,45843.95121951219,34700.1619816734,41115.766785249834,28906.0,,34700.1619816734,33713.98285520506,34445.05399389113,36410.639077809705,34029.1878542378
store_12,2015-06-15,2015-05-18,48944.0,45703.0,39729.0,45890.93495934959,47127.333885033775,41174.7449880709,39027.0,,47127.333885033775,36950.28769035061,41961.11129501126,44402.582457502736,44503.16372429993
store_12,2015-06-22,2015-05-18,35200.0,45703.0,39729.0,45937.918699186994,34507.80139674079,41233.723190891964,33776.0,,34507.80139674079,34412.49189811711,36004.267132246925,37136.72304592476,34958.98279488806
store_12,2015-06-29,2015-05-18,49214.0,45703.0,39729.0,45984.90243902439,48068.10357197902,41292.70139371303,47910.0,,48068.10357197902,38383.95820067378,45235.701190659674,46368.22596977854,47059.254250018974
store_12,2015-07-06,2015-05-18,32244.0,45703.0,39729.0,46031.88617886179,33108.18396700568,41351.67959653409,30573.0,,33108.18396700568,33785.24996320022,34470.06132233523,35913.412685516305,33331.1826567296
store_12,2015-07-13,2015-05-18,44226.0,45703.0,39729.0,46078.86991869919,41624.02397673593,41410.657799355155,42009.0,,41624.02397673593,36650.6502421129,41120.67465891197,42137.84920690045,41486.19884971324
store_13,2015-02-02,2015-01-26,40285.0,39287.0,33660.166666666664,39277.97196261682,39704.41949073014,31328.12623883219,43173.0,,39704.41949073014,32347.240622692258,38068.515243187445,39405.349274229455,40073.85662598483
store_13,2015-02-09,2015-01-26,23653.0,39287.0,33660.166666666664,39268.943925233645,26648.837257191142,31328.12623883219,24121.0,,26648.837257191142,27759.153441131948,27365.987832007777,28879.534177394307,26214.70597027546
store_13,2015-02-16,2015-01-26,37808.0,39287.0,33660.166666666664,39259.91588785047,39325.73564678023,31328.12623883219,39037.0,,39325.73564678023,31699.706348589934,36563.62062853747,38048.48280429394,38289.004099457066
store_13,2015-02-23,2015-01-26,23978.0,39287.0,33660.166666666664,39250.88785046729,25869.75338427007,31328.12623883219,22620.0,,25869.75338427007,27430.847734319457,26605.959874367418,28143.3637457559,25247.166570523823
store_13,2015-03-02,2015-01-26,42647.0,39287.0,33660.166666666664,39241.85981308411,40487.05191425787,31328.12623883219,40642.0,,40487.05191425787,32092.31494754869,37485.72605103002,38957.03203209846,39487.18009756338
store_13,2015-03-09,2015-01-26,24017.0,39287.0,33660.166666666664,39232.831775700935,26122.469586005453,31328.12623883219,21260.0,,26122.469586005453,27270.084895315034,26236.865274945878,27839.05004021061,24848.2825984608
store_13,2015-03-16,2015-01-26,40500.0,39287.0,33660.166666666664,39223.80373831776,40970.768132707395,31328.12623883219,36874.0,,40970.768132707395,31620.552110932,36390.96479051319,38034.43233422137,38274.15647186091
store_13,2015-03-23,2015-01-26,26258.0,39287.0,33660.166666666664,39214.77570093458,27391.58586128303,31328.12623883219,23245.0,,27391.58586128303,27732.37920967378,27321.570700038406,28899.768868715615,26246.830766639272
store_13,2015-03-02,2015-02-23,42647.0,23978.0,32275.666666666668,23831.37837837838,39260.24174809691,31326.00957211494,40642.0,,39260.24174809691,27330.470909322412,37076.083773403945,35986.07467845787,38875.501195022065
store_13,2015-03-09,2015-02-23,24017.0,23978.0,32275.666666666668,23684.756756756757,24891.543600716883,31326.00957211494,21260.0,,24891.543600716883,22487.99665660789,25825.851057610605,24855.962903665117,24234.55239910254
store_13,2015-03-16,2015-02-23,40500.0,23978.0,32275.666666666668,23538.135135135137,39674.380932678345,31326.00957211494,36874.0,,39674.380932678345,26809.4560437993,35958.130168264426,35015.99635145487,37627.80083944382
store_13,2015-03-23,2015-02-23,26258.0,23978.0,32275.666666666668,23391.513513513513,26060.007728643075,31326.00957211494,23245.0,,26060.007728643075,22896.599640134027,26877.005766919337,25857.441258160583,25582.936207993487
store_13,2015-03-30,2015-02-23,42892.0,23978.0,32275.666666666668,23244.891891891893,43226.774125771335,31326.00957211494,42412.0,,43226.774125771335,28066.19175092069,38988.261232628756,37961.07230205041,41535.45316376026
store_13,2015-04-06,2015-02-23,24219.0,23978.0,32275.666666666668,23098.27027027027,21403.57065592547,31326.00957211494,24378.0,,21403.57065592547,22351.359594996764,25702.526742680137,24404.51267793818,23699.433743373116
store_13,2015-04-13,2015-02-23,39199.0,23978.0,32275.666666666668,22951.64864864865,37307.87130649872,31326.00957211494,37937.0,,37307.87130649872,26539.45659913271,35523.62695953788,34386.75267506828,36858.56932957466
store_13,2015-04-20,2015-02-23,24885.0,23978.0,32275.666666666668,22805.027027027027,23678.707417299825,31326.00957211494,20035.0,,23678.707417299825,22014.058669015492,25013.238996471588,23970.300054253425,23157.344583111517
store_13,2015-03-30,2015-03-23,42892.0,26258.0,32495.666666666668,26136.304347826088,43394.17383756226,31394.643605566125,42412.0,,43394.17383756226,28870.112636803016,39066.93914770946,38450.740669523075,41626.82487167644
store_13,2015-04-06,2015-03-23,24219.0,26258.0,32495.666666666668,26014.608695652172,21397.45324755335,31394.643605566125,24378.0,,21397.45324755335,23134.05317363404,25723.36561770649,24830.42047170006,23704.32567527411
store_13,2015-04-13,2015-03-23,39199.0,26258.0,32495.666666666668,25892.91304347826,37802.0375340684,31394.643605566125,37937.0,,37802.0375340684,27397.18012139706,35711.22704654484,35003.93162589773,37112.79929071252
store_13,2015-04-20,2015-03-23,24885.0,26258.0,32495.666666666668,25771.217391304348,24099.582286867968,31394.643605566125,20035.0,,24099.582286867968,22864.872850057873,25176.408630811362,24561.65360636416,23375.046619985387
store_13,2015-04-27,2015-03-23,38103.0,26258.0,32495.666666666668,25649.521739130436,36504.79843669705,31394.643605566125,39416.0,,36504.79843669705,27388.375778294325,35771.81401408772,34927.683711843354,37037.0231681431
store_13,2015-05-04,2015-03-23,38626.0,26258.0,32495.666666666668,25527.82608695652,36694.139275281705,31394.643605566125,38424.0,,36694.139275281705,27256.325090638715,35504.26096028261,34699.27021702094,36748.56779607791
store_13,2015-05-11,2015-03-23,23345.0,26258.0,32495.666666666668,25406.130434782608,21439.927763150816,31394.643605566125,23552.0,,21439.927763150816,22935.19549573803,25462.19045623898,24557.66675475015,23406.73397673038
store_13,2015-05-18,2015-03-23,38386.0,26258.0,32495.666666666668,25284.434782608696,38086.49789781093,31394.643605566125,36662.0,,38086.49789781093,27168.74899323606,35381.04716779235,34691.17928094005,36762.53865003494
store_13,2015-04-27,2015-04-20,38103.0,24885.0,32528.416666666668,24755.85714285714,36968.159512238635,31453.730225740623,39416.0,,36968.159512238635,27143.88050678615,35945.96324599309,34934.33915575588,37274.79543203869
store_13,2015-05-04,2015-04-20,38626.0,24885.0,32528.416666666668,24626.714285714286,37282.07395328073,31453.730225740623,38424.0,,37282.07395328073,27028.5621616289,35719.93472634045,34752.50422294695,37048.42671302422
store_13,2015-05-11,2015-04-20,23345.0,24885.0,32528.416666666668,24497.571428571428,21909.585807413925,31453.730225740623,23552.0,,21909.585807413925,22689.472018341807,25638.438677718183,24565.561177013544,23647.644607860857
store_13,2015-05-18,2015-04-20,38386.0,24885.0,32528.416666666668,24368.428571428572,38628.35820617287,31453.730225740623,36662.0,,38628.35820617287,26932.276238572675,35581.36281063783,34725.82985786022,37039.43440828826
store_13,2015-05-25,2015-04-20,24462.0,24885.0,32528.416666666668,24239.285714285714,21923.15120177091,31453.730225740623,25810.0,,21923.15120177091,22977.08340120913,26395.627142503843,25212.608315530564,24525.787703887883
store_13,2015-06-01,2015-04-20,35234.0,24885.0,32528.416666666668,24110.14285714286,33532.54857438083,31453.730225740623,39793.0,,33532.54857438083,26614.691189132995,34926.426266707145,33694.84501332118,35707.997480791084
store_13,2015-06-08,2015-04-20,25890.0,24885.0,32528.416666666668,23981.0,23439.49892848763,31453.730225740623,20426.0,,23439.49892848763,22387.663688699275,25106.409718076084,24188.793486969254,23203.79202913959
store_13,2015-06-15,2015-04-20,40599.0,24885.0,32528.416666666668,23851.85714285714,38671.78673045971,31453.730225740623,35191.0,,38671.78673045971,26654.54153796059,35105.50565206677,34271.467022887,36493.4069700359
store_13,2015-05-25,2015-05-18,24462.0,38386.0,33589.75,38370.82113821138,22155.663982650836,31550.002451152028,25810.0,,22155.663982650836,27123.176796002033,26505.22214460095,27547.482474689103,24652.809009710523
store_13,2015-06-01,2015-05-18,35234.0,38386.0,33589.75,38355.64227642276,33928.42347817769,31550.002451152028,39793.0,,33928.42347817769,30800.40260082178,35090.47530977657,36100.30767135863,35916.437379695184
store_13,2015-06-08,2015-05-18,25890.0,38386.0,33589.75,38340.46341463415,23683.289924355475,31550.002451152028,20426.0,,23683.289924355475,26567.929398591663,25219.764125169168,26545.449189836458,23336.43432213105
store_13,2015-06-15,2015-05-18,40599.0,38386.0,33589.75,38325.28455284553,39052.99561098628,31550.002451152028,35191.0,,39052.99561098628,30870.71894499769,35264.66602071277,36688.891401893576,36694.53742070657
store_13,2015-06-22,2015-05-18,25963.0,38386.0,33589.75,38310.10569105691,24450.968863605052,31550.002451152028,26491.0,,24450.968863605052,27539.68957225914,27497.32377158569,28611.166453158818,26059.577591806414
store_13,2015-06-29,2015-05-18,43134.0,38386.0,33589.75,38294.92682926829,38409.23273509779,31550.002451152028,41140.0,,38409.23273509779,31624.273145074014,37033.0783954166,38186.38540118231,38669.46207131614
store_13,2015-07-06,2015-05-18,26070.0,38386.0,33589.75,38279.74796747968,25086.325132685433,31550.002451152028,25576.0,,25086.325132685433,27495.40365018816,27404.109194612483,28581.15308112482,26023.12831895013
store_13,2015-07-13,2015-05-18,41746.0,38386.0,33589.75,38264.56910569106,37177.36910290178,31550.002451152028,37705.0,,37177.36910290178,30953.241522820696,35477.4571846846,36711.09144246492,36729.912532810005
store_14,2015-02-02,2015-01-26,36308.0,35480.0,34152.833333333336,35450.96261682243,36197.49628149302,31919.713553842696,39049.0,,36197.49628149302,30321.429397927353,35722.0699451119,36302.529912185,36564.68050646555
store_14,2015-02-09,2015-01-26,26159.0,35480.0,34152.833333333336,35421.92523364486,29127.077103420437,31919.713553842696,27063.0,,29127.077103420437,27594.935603463047,29369.93021908771,29884.702621738994,28839.67549449469
store_14,2015-02-16,2015-01-26,35484.0,35480.0,34152.833333333336,35392.88785046729,35171.6121012065,31919.713553842696,36466.0,,35171.6121012065,29797.578119835685,34519.108551683064,35203.2914796411,35245.104522781985
store_14,2015-02-23,2015-01-26,26485.0,35480.0,34152.833333333336,35363.85046728972,26428.39287172121,31919.713553842696,26582.0,,26428.39287172121,27132.398603740992,28310.035475187968,28233.17571717457,26855.15411977884
store_14,2015-03-02,2015-01-26,36700.0,35480.0,34152.833333333336,35334.81308411215,37372.01818751996,31919.713553842696,39594.0,,37372.01818751996,30550.48259411545,36295.24391378755,37079.09335520457,37507.423583501506
store_14,2015-03-09,2015-01-26,25284.0,35480.0,34152.833333333336,35305.77570093458,25587.13708178795,31919.713553842696,25637.0,,25587.13708178795,26868.92280998551,27714.616878543548,27560.628448854,26049.30662658232
store_14,2015-03-16,2015-01-26,37329.0,35480.0,34152.833333333336,35276.73831775701,36836.48760804524,31919.713553842696,38175.0,,36836.48760804524,30262.96754471118,35643.73372062931,36489.91417457073,36801.94976905237
store_14,2015-03-23,2015-01-26,26197.0,35480.0,34152.833333333336,35247.700934579436,26162.658852919114,31919.713553842696,23202.0,,26162.658852919114,26594.986667810652,27094.790802253934,27412.61636461718,25874.990064702797
store_14,2015-03-02,2015-02-23,36700.0,26485.0,32642.916666666668,26375.972972972973,37179.21729887233,31881.801266235383,39594.0,,37179.21729887233,27736.98688639248,36218.33952170257,35876.823740666085,37371.03948632913
store_14,2015-03-09,2015-02-23,25284.0,26485.0,32642.916666666668,26266.945945945947,25354.605499809742,31881.801266235383,25637.0,,25354.605499809742,24038.324196951104,27624.46892201504,26331.03005929299,25885.373409181197
store_14,2015-03-16,2015-02-23,37329.0,26485.0,32642.916666666668,26157.91891891892,36694.57855269594,31881.801266235383,38175.0,,36694.57855269594,27433.887914930987,35583.793272977106,35308.0599375576,36700.85388652379
store_14,2015-03-23,2015-02-23,26197.0,26485.0,32642.916666666668,26048.891891891893,25963.908504341332,31881.801266235383,23202.0,,25963.908504341332,23746.359761305037,27015.903256858903,26193.57902886615,25734.480633357463
store_14,2015-03-30,2015-02-23,42762.0,26485.0,32642.916666666668,25939.864864864863,40886.823661368406,31881.801266235383,38258.0,,40886.823661368406,28013.48663701933,37008.874975867926,37726.564771773716,39627.28601965294
store_14,2015-04-06,2015-02-23,22129.0,26485.0,32642.916666666668,25830.837837837837,21319.60436030102,31881.801266235383,26957.0,,21319.60436030102,23588.16573300584,26719.4685421788,24241.115062813005,23398.34491412527
store_14,2015-04-13,2015-02-23,38748.0,26485.0,32642.916666666668,25721.81081081081,37800.53518808426,31881.801266235383,38337.0,,37800.53518808426,27552.723418828158,36006.44548477321,35952.43974579954,37505.867178021406
store_14,2015-04-20,2015-02-23,25121.0,26485.0,32642.916666666668,25612.783783783783,24787.470890657944,31881.801266235383,22759.0,,24787.470890657944,23452.710372477683,26476.090718964442,25405.15814213325,24814.427647614415
store_14,2015-03-30,2015-03-23,42762.0,26197.0,31743.666666666668,26089.260869565216,41014.945450470994,31875.577557418634,38258.0,,41014.945450470994,27882.635792017358,37049.50766929654,37740.15237514349,39715.68252413935
store_14,2015-04-06,2015-03-23,22129.0,26197.0,31743.666666666668,25981.521739130436,21429.764685006754,31875.577557418634,26957.0,,21429.764685006754,23454.93294974607,26754.11408080846,24244.4299151297,23474.287003632413
store_14,2015-04-13,2015-03-23,38748.0,26197.0,31743.666666666668,25873.782608695652,37874.31316411145,31875.577557418634,38337.0,,37874.31316411145,27414.477142413198,36028.96357384336,35934.87290535928,37556.58187746995
store_14,2015-04-20,2015-03-23,25121.0,26197.0,31743.666666666668,25766.043478260868,24841.169099019815,31875.577557418634,22759.0,,24841.169099019815,23311.779543052282,26491.915552146147,25376.098579028203,24851.219108196357
store_14,2015-04-27,2015-03-23,35378.0,26197.0,31743.666666666668,25658.304347826088,34348.16109039074,31875.577557418634,34514.0,,34348.16109039074,26333.81566604316,33579.24621593646,33144.41181745275,34211.34027460142
store_14,2015-05-04,2015-03-23,39645.0,26197.0,31743.666666666668,25550.565217391304,39584.221902312944,31875.577557418634,39986.0,,39584.221902312944,27848.147334827077,37148.59981991052,37224.18415704287,39130.52451298949
store_14,2015-05-11,2015-03-23,23952.0,26197.0,31743.666666666668,25442.82608695652,24161.828786965776,31875.577557418634,23226.0,,24161.828786965776,23235.271299715372,26421.135448128138,25058.21971091054,24490.13373423255
store_14,2015-05-18,2015-03-23,37315.0,26197.0,31743.666666666668,25335.08695652174,36777.69778078641,31875.577557418634,34099.0,,36777.69778078641,26575.43270877049,34250.75844606834,34444.49343061981,35798.25023171286
store_14,2015-04-27,2015-04-20,35378.0,25121.0,31558.833333333332,25007.840336134454,34686.27778866302,31881.72263888221,34514.0,,34686.27778866302,26109.95344243043,33694.00014251508,33232.40920814268,34446.2262720512
store_14,2015-05-04,2015-04-20,39645.0,25121.0,31558.833333333332,24894.680672268907,39863.479961501274,31881.72263888221,39986.0,,39863.479961501274,27615.102372283673,37243.73420012783,37277.98236497633,39324.59814124318
store_14,2015-05-11,2015-04-20,23952.0,25121.0,31558.833333333332,24781.52100840336,24400.15878903183,31881.72263888221,23226.0,,24400.15878903183,22995.605109950102,26502.62714263801,25088.145303251116,24655.82799449966
store_14,2015-05-18,2015-04-20,37315.0,25121.0,31558.833333333332,24668.361344537814,36982.99105753822,31881.72263888221,34099.0,,36982.99105753822,26330.272624898796,34321.23789880681,34455.09117719708,35941.036945160355
store_14,2015-05-25,2015-04-20,25378.0,25121.0,31558.833333333332,24555.201680672268,24470.66994574894,31881.72263888221,24339.0,,24470.66994574894,23132.34679980525,26897.130861543716,25333.85218126586,24966.803701052875
store_14,2015-06-01,2015-04-20,35827.0,25121.0,31558.833333333332,24442.04201680672,34804.79606221146,31881.72263888221,38077.0,,34804.79606221146,26555.056293033387,34921.17290036456,33966.0617565719,35367.403357557276
store_14,2015-06-08,2015-04-20,26980.0,25121.0,31558.833333333332,24328.882352941175,27081.15973987213,31881.72263888221,24039.0,,27081.15973987213,23430.085437861264,27667.294126251447,26766.027019179684,26706.26550049173
store_14,2015-06-15,2015-04-20,39935.0,25121.0,31558.833333333332,24215.722689075632,38976.71852060992,31881.72263888221,36088.0,,38976.71852060992,26834.571025985868,35648.81371983071,35967.161005970534,37791.83992005532
store_14,2015-05-25,2015-05-18,25378.0,37315.0,32546.666666666668,37304.65853658537,24492.921155175667,31960.910237555956,24339.0,,24492.921155175667,26851.30808514052,26930.94379757721,26799.975836826707,24987.865122657815
store_14,2015-06-01,2015-05-18,35827.0,37315.0,32546.666666666668,37294.31707317073,34831.54276083208,31960.910237555956,38077.0,,34831.54276083208,30289.348105460776,34956.48433279601,35440.4907315506,35391.5819352425
store_14,2015-06-08,2015-05-18,26980.0,37315.0,32546.666666666668,37283.9756097561,27096.7280489678,31960.910237555956,24039.0,,27096.7280489678,27177.4686518495,27698.879428841254,28239.734425232604,26722.69302298081
store_14,2015-06-15,2015-05-18,39935.0,37315.0,32546.666666666668,37273.634146341465,38999.197653897085,31960.910237555956,36088.0,,38999.197653897085,30597.629814923024,35682.702630484346,37450.56476934118,37813.05938324745
store_14,2015-06-22,2015-05-18,24475.0,37315.0,32546.666666666668,37263.29268292683,24207.448107105723,31960.910237555956,25090.0,,24207.448107105723,26911.90252775074,27086.119448220557,26780.147256948436,24966.760757937845
store_14,2015-06-29,2015-05-18,41285.0,37315.0,32546.666666666668,37252.95121951219,37655.97952280027,31960.910237555956,39347.0,,37655.97952280027,30868.358235219297,36321.29658678541,37313.22509658672,37649.089330886316
store_14,2015-07-06,2015-05-18,27656.0,37315.0,32546.666666666668,37242.60975609756,27997.409234844417,31960.910237555956,26163.0,,27997.409234844417,27603.656556452086,28707.106490800124,29171.56630058,27847.3707369903
store_14,2015-07-13,2015-05-18,37624.0,37315.0,32546.666666666668,37232.26829268293,37046.13852941776,31960.910237555956,37116.0,,37046.13852941776,30459.56910376047,35374.34958899124,36524.51695496047,36700.8833525869
store_15,2015-02-02,2015-01-26,64075.0,64020.0,60233.0,64050.7570093458,67716.41712233907,53569.24994595139,66831.0,,67716.41712233907,53774.346296805175,62705.555689430155,64688.06252254911,65482.2322274233
store_15,2015-02-09,2015-01-26,49653.0,64020.0,60233.0,64081.51401869159,52241.640037145015,53569.24994595139,47174.0,,52241.640037145015,48759.91485739828,50994.963327698795,54647.79353989438,51435.043921473436
store_15,2015-02-16,2015-01-26,62092.0,64020.0,60233.0,64112.27102803739,62612.54716879137,53569.24994595139,58010.0,,62612.54716879137,51793.866877540015,58063.932371580915,61051.53741072764,60387.95986897806
store_15,2015-02-23,2015-01-26,48896.0,64020.0,60233.0,64143.02803738318,50664.854789353165,53569.24994595139,45417.0,,50664.854789353165,48292.447538955385,49883.70157843485,53664.79975907352,50052.243805028804
store_15,2015-03-02,2015-01-26,66390.0,64020.0,60233.0,64173.785046728975,69313.88447190663,53569.24994595139,61955.0,,69313.88447190663,53323.559923512425,61612.71147261933,64762.035074013445,65569.90726817725
store_15,2015-03-09,2015-01-26,50820.0,64020.0,60233.0,64204.542056074766,53151.32383394796,53569.24994595139,42346.0,,53151.32383394796,48217.730833710586,49688.85792663311,54405.409105035054,51080.23307197769
store_15,2015-03-16,2015-01-26,64245.0,64020.0,60233.0,64235.299065420564,66918.3838069921,53569.24994595139,54174.0,,66918.3838069921,51878.561831194864,58220.5445843145,62544.6361903466,62460.554982902875
store_15,2015-03-23,2015-01-26,49961.0,64020.0,60233.0,64266.056074766355,51559.37718954276,53569.24994595139,44272.0,,51559.37718954276,48274.24045860864,49800.20904516471,53934.82761131481,50414.13976725057
store_15,2015-03-02,2015-02-23,66390.0,48896.0,58388.416666666664,48789.3963963964,67581.38194931726,53666.27455246448,61955.0,,67581.38194931726,48468.06708069211,61067.552167260576,60956.41454323722,64445.56931343895
store_15,2015-03-09,2015-02-23,50820.0,48896.0,58388.416666666664,48682.792792792796,51652.23677924134,53666.27455246448,42346.0,,51652.23677924134,43375.96011302361,49221.503777235266,50696.84554969914,50109.2771375303
store_15,2015-03-16,2015-02-23,64245.0,48896.0,58388.416666666664,48576.18918918919,65464.46959982715,53666.27455246448,54174.0,,65464.46959982715,47023.62142973535,57768.24805076387,58844.6912293339,61519.283039328424
store_15,2015-03-23,2015-02-23,49961.0,48896.0,58388.416666666664,48469.585585585584,50067.485539177505,53666.27455246448,44272.0,,50067.485539177505,43394.25176341346,49335.253363880656,50204.43635544499,49447.91207838476
store_15,2015-03-30,2015-02-23,73825.0,48896.0,58388.416666666664,48362.98198198198,68102.05849610039,53666.27455246448,64347.0,,68102.05849610039,48823.247385316216,62038.44434952162,61499.32935418463,65259.6669373794
store_15,2015-04-06,2015-02-23,41585.0,48896.0,58388.416666666664,48256.37837837838,44177.60347701199,53666.27455246448,43516.0,,44177.60347701199,42414.38186778878,47119.959343158815,47311.09986155271,45428.38993868643
store_15,2015-04-13,2015-02-23,65132.0,48896.0,58388.416666666664,48149.77477477478,65796.5127167929,53666.27455246448,58073.0,,65796.5127167929,47567.13981581412,59178.59575641912,59511.56609321899,62506.76256014727
store_15,2015-04-20,2015-02-23,46017.0,48896.0,58388.416666666664,48043.17117117117,47018.72601067372,53666.27455246448,34899.0,,47018.72601067372,41558.798342996575,45194.66685437939,47410.78523908325,45595.18264129207
store_15,2015-03-30,2015-03-23,73825.0,49961.0,57128.75,49867.36521739131,67943.91192825808,53816.2801556313,64347.0,,67943.91192825808,49009.186757325806,62035.73069462979,61551.15436330411,65177.582856098175
store_15,2015-04-06,2015-03-23,41585.0,49961.0,57128.75,49773.73043478261,43974.19725705701,53816.2801556313,43516.0,,43974.19725705701,42595.70826392442,47102.15913756277,47342.85141330483,45316.56482549471
store_15,2015-04-13,2015-03-23,65132.0,49961.0,57128.75,49680.09565217391,65603.91824240593,53816.2801556313,58073.0,,65603.91824240593,47751.863435744446,59164.3994660124,59549.5871253979,62402.042063428205
store_15,2015-04-20,2015-03-23,46017.0,49961.0,57128.75,49586.46086956522,46834.01285504078,53816.2801556313,34899.0,,46834.01285504078,41746.50055431962,45183.09767022403,47453.69900606705,45495.641118374595
store_15,2015-04-27,2015-03-23,64397.0,49961.0,57128.75,49492.82608695652,63120.72191765928,53816.2801556313,58899.0,,63120.72191765928,47488.368308606725,58612.00069109686,58482.28953648549,60933.256472128545
store_15,2015-05-04,2015-03-23,68947.0,49961.0,57128.75,49399.19130434783,70428.17633034609,53816.2801556313,58531.0,,70428.17633034609,48466.34254147502,60925.15216199246,61854.906130220596,65662.52464357676
store_15,2015-05-11,2015-03-23,45889.0,49961.0,57128.75,49305.55652173913,46378.22690922988,53816.2801556313,42059.0,,46378.22690922988,42664.116226657185,47417.83568828706,48223.80194785749,46608.82973713283
store_15,2015-05-18,2015-03-23,64600.0,49961.0,57128.75,49211.921739130434,64516.54933681362,53816.2801556313,53191.0,,64516.54933681362,46832.21446165362,57174.60983081497,58307.10055731632,60724.27312922915
store_15,2015-04-27,2015-04-20,64397.0,46017.0,56890.916666666664,45893.36974789916,62729.07836212078,57257.971172742735,58899.0,,62729.07836212078,46812.47656420419,59628.683178287836,57935.96911359413,61176.92737884439
store_15,2015-05-04,2015-04-20,68947.0,46017.0,56890.916666666664,45769.73949579832,70238.82045499806,57313.88631687033,58531.0,,70238.82045499806,47823.051847761904,62027.90225728946,61406.68990588293,66047.26277842167
store_15,2015-05-11,2015-04-20,45889.0,46017.0,56890.916666666664,45646.10924369748,45930.1621604673,57369.80146099794,42059.0,,45930.1621604673,41987.56993311848,48452.98787382174,47657.10884799197,46831.704949930965
store_15,2015-05-18,2015-04-20,64600.0,46017.0,56890.916666666664,45522.47899159664,64277.30896874712,57425.71660512554,53191.0,,64277.30896874712,46189.20303316228,58298.008524624216,57841.582667285125,61092.51096813783
store_15,2015-05-25,2015-04-20,46705.0,46017.0,56890.916666666664,45398.8487394958,43997.244199647044,57481.631749253145,41143.0,,43997.244199647044,41561.23447929466,47540.625316300066,46608.740612791225,45397.09508873281
store_15,2015-06-01,2015-04-20,65367.0,46017.0,56890.916666666664,45275.21848739496,63280.75526244371,57537.54689338074,62056.0,,63280.75526244371,47293.91961569801,60958.10071860815,58612.866146553155,62203.03285249663
store_15,2015-06-08,2015-04-20,50879.0,46017.0,56890.916666666664,45151.58823529412,49154.600313952105,57593.46203750835,38952.0,,49154.600313952105,41965.65246477446,48566.68745048682,48711.60298785147,48370.085319339865
store_15,2015-06-15,2015-04-20,67110.0,46017.0,56890.916666666664,45027.95798319328,63908.555680937774,57649.37718163595,53836.0,,63908.555680937774,46189.97250177623,58464.64428752457,57737.22595219795,61010.0162679724
store_15,2015-05-25,2015-05-18,46705.0,64600.0,58484.0,64631.471544715445,44379.88283070273,57781.74111253834,41143.0,,44379.88283070273,47288.585069708075,47768.207981080355,50470.696782080246,45692.2234018694
store_15,2015-06-01,2015-05-18,65367.0,64600.0,58484.0,64662.9430894309,63676.72969091634,57841.410349126374,62056.0,,63676.72969091634,53045.86901849623,61191.380013347574,62495.71034591125,62507.47089354649
store_15,2015-06-08,2015-05-18,50879.0,64600.0,58484.0,64694.41463414634,49427.40823113904,57901.07958571441,38952.0,,49427.40823113904,47722.700350142826,48760.162605617814,52551.204983761185,48594.13466311677
store_15,2015-06-15,2015-05-18,67110.0,64600.0,58484.0,64725.88617886179,64166.843653433054,57960.748822302456,53836.0,,64166.843653433054,51967.63980779961,58654.530825245165,61584.62905486237,61225.0707686756
store_15,2015-06-22,2015-05-18,49397.0,64600.0,58484.0,64757.35772357724,47290.05594157256,58020.41805889049,45643.0,,47290.05594157256,48399.26167486289,50317.82466682101,52509.1035359803,48527.16943040938
store_15,2015-06-29,2015-05-18,71508.0,64600.0,58484.0,64788.829268292684,63283.53084943586,58080.08729547853,71537.0,,63283.53084943586,54396.206773315294,64300.2060483048,63684.79302516886,64154.47439030954
store_15,2015-07-06,2015-05-18,50093.0,64600.0,58484.0,64820.30081300813,46868.10868062635,58139.75653206657,44970.0,,46868.10868062635,48268.88086081443,49992.6217375643,52234.12916044072,48134.48676704935
store_15,2015-07-13,2015-05-18,65151.0,64600.0,58484.0,64851.772357723574,59316.899918095674,58199.425768654604,56231.0,,59316.899918095674,51669.014006353405,57915.775228916755,59680.312791519806,58545.36284704917
store_16,2015-02-02,2015-01-26,71638.0,73455.0,65283.833333333336,73463.44859813084,73945.95311634816,64039.111062865704,0.0,,73945.95311634816,50026.76373009686,67756.29917084906,64617.375023737404,71279.17170086465
store_16,2015-02-09,2015-01-26,56710.0,73455.0,65283.833333333336,73471.89719626168,55934.534808867385,64039.111062865704,39453.0,,55934.534808867385,53091.053771618295,61752.49306835547,59081.44788868745,58439.28234505279
store_16,2015-02-16,2015-01-26,55487.0,73455.0,65283.833333333336,73480.34579439252,53730.81398559404,64039.111062865704,98128.0,,53730.81398559404,61159.58631088366,61017.91946059769,63712.9478151423,56868.30492068326
store_16,2015-02-23,2015-01-26,62481.0,73455.0,65283.833333333336,73488.79439252337,60718.41175613324,64039.111062865704,59149.0,,60718.41175613324,56590.59293497937,63347.118717444086,63527.96542524802,61849.588498966325
store_16,2015-03-02,2015-01-26,73503.0,73455.0,65283.833333333336,73497.24299065421,73718.73685012129,64039.111062865704,58905.0,,73718.73685012129,58414.1320338535,67680.56041544011,70308.00900896233,71117.19491100898
store_16,2015-03-09,2015-01-26,56724.0,73455.0,65283.833333333336,73505.69158878505,56650.81942831891,64039.111062865704,55480.0,,56650.81942831891,55487.77934475757,61991.25460817265,61039.01522506542,58949.90372444785
store_16,2015-03-16,2015-01-26,67822.0,73455.0,65283.833333333336,73514.14018691589,68465.66199197138,64039.111062865704,62001.0,,68465.66199197138,58108.39236786947,65929.53546272346,67865.54589298097,67372.40930862096
store_16,2015-03-23,2015-01-26,56370.0,73455.0,65283.833333333336,73522.58878504673,54576.82722694536,64039.111062865704,51464.0,,54576.82722694536,54620.1943440273,61299.923874381464,59559.15913778575,57471.40658802896
store_16,2015-03-02,2015-02-23,73503.0,62481.0,62858.833333333336,62390.27927927928,74709.70224012675,62879.73374239493,58905.0,,74709.70224012675,54889.221227876325,66816.08977195167,68602.38278022467,71310.03807573066
store_16,2015-03-09,2015-02-23,56724.0,62481.0,62858.833333333336,62299.55855855856,57535.50932874289,62879.73374239493,55480.0,,57535.50932874289,51933.51928043282,61091.35880149038,59269.5283354501,59066.985752308145
store_16,2015-03-16,2015-02-23,67822.0,62481.0,62858.833333333336,62208.83783783784,69337.39502839957,62879.73374239493,62001.0,,69337.39502839957,54538.114277423665,65025.32070137594,66081.03430595237,67480.25471239844
store_16,2015-03-23,2015-02-23,56370.0,62481.0,62858.833333333336,62118.117117117115,55176.66365585664,62879.73374239493,51464.0,,55176.66365585664,50996.90683552886,60305.076910528296,57624.113229464245,57385.42370481987
store_16,2015-03-30,2015-02-23,74327.0,62481.0,62858.833333333336,62027.3963963964,70387.45687084919,62879.73374239493,75019.0,,70387.45687084919,56521.917191853405,65375.34131552582,67898.7618383733,68228.81752092604
store_16,2015-04-06,2015-02-23,49141.0,62481.0,62858.833333333336,61936.67567567567,47699.72584113969,62879.73374239493,55657.0,,47699.72584113969,50501.85265607766,57812.76430562265,54109.49906793026,52055.30185531633
store_16,2015-04-13,2015-02-23,67989.0,62481.0,62858.833333333336,61845.954954954956,68655.51795128192,62879.73374239493,63349.0,,68655.51795128192,54581.434283137874,64798.02834233672,65826.90724357942,66994.16160884654
store_16,2015-04-20,2015-02-23,54385.0,62481.0,62858.833333333336,61755.23423423423,53202.84413303802,62879.73374239493,42805.0,,53202.84413303802,49426.09220614293,59647.13706958876,55707.41119709486,55978.33716401113
store_16,2015-03-30,2015-03-23,74327.0,56370.0,63407.25,56229.29565217391,70614.06086818765,62937.2012488226,75019.0,,70614.06086818765,54939.54396702631,65652.83737233674,67084.45695308986,68476.95569199213
store_16,2015-04-06,2015-03-23,49141.0,56370.0,63407.25,56088.59130434783,47973.351296220055,62937.2012488226,55657.0,,47973.351296220055,48919.05626419864,58105.93418168089,53315.64649355012,52336.96044684283
store_16,2015-04-13,2015-03-23,67989.0,56370.0,63407.25,55947.88695652174,68723.71277819121,62937.2012488226,63349.0,,68723.71277819121,52962.15014050507,65022.721342337936,64921.39250920484,67129.37384667773
store_16,2015-04-20,2015-03-23,54385.0,56370.0,63407.25,55807.18260869565,53276.10268622697,62937.2012488226,42805.0,,53276.10268622697,47800.390934820745,59873.51797834986,54800.39124662531,56117.15920558175
store_16,2015-04-27,2015-03-23,68884.0,56370.0,63407.25,55666.47826086957,68436.08194735156,62937.2012488226,67579.0,,68436.08194735156,53485.14449386339,64926.844398724716,65164.45894448297,66924.32902565064
store_16,2015-05-04,2015-03-23,74472.0,56370.0,63407.25,55525.77391304348,74312.72028674996,62937.2012488226,72007.0,,74312.72028674996,54937.135064088,66885.72384519085,68664.65645495706,71113.63742845744
store_16,2015-05-11,2015-03-23,54248.0,56370.0,63407.25,55385.06956521739,52343.42573393447,62937.2012488226,55738.0,,52343.42573393447,49454.42093542492,59562.62566091902,55552.11573133328,55452.27714756094
store_16,2015-05-18,2015-03-23,68786.0,56370.0,63407.25,55244.36521739131,67830.94925607424,62937.2012488226,61189.0,,67830.94925607424,52425.537960326874,64725.13350163228,64182.774299621975,66492.94507415147
store_16,2015-04-27,2015-04-20,68884.0,54385.0,62214.75,54232.34453781512,69842.47198191118,62241.75496772679,67579.0,,69842.47198191118,52927.90306963615,64766.32564987932,65415.44235648593,67656.26015406926
store_16,2015-05-04,2015-04-20,74472.0,54385.0,62214.75,54079.68907563025,74973.51047277125,62241.75496772679,72007.0,,74973.51047277125,54271.67207373261,66476.67181349934,68524.4553678979,71314.04908431093
store_16,2015-05-11,2015-04-20,54248.0,54385.0,62214.75,53927.033613445376,53702.186131969574,62241.75496772679,55738.0,,53702.186131969574,48886.96067330596,59386.23036656545,55776.1863501549,56150.254300085384
store_16,2015-05-18,2015-04-20,68786.0,54385.0,62214.75,53774.378151260506,68532.62994578102,62241.75496772679,61189.0,,68532.62994578102,51762.50186639547,64329.711637835935,64061.98521580909,66722.50654675244
store_16,2015-05-25,2015-04-20,55348.0,54385.0,62214.75,53621.72268907563,52737.002874503385,62241.75496772679,57008.0,,52737.002874503385,48886.890075900825,59064.50261407672,55370.89503808702,55462.19931061236
store_16,2015-06-01,2015-04-20,65782.0,54385.0,62214.75,53469.06722689076,65889.06082618407,62241.75496772679,74366.0,,65889.06082618407,53223.66186011452,63448.521931303614,63952.120065501964,64837.97227962212
store_16,2015-06-08,2015-04-20,56810.0,54385.0,62214.75,53316.41176470588,56216.64828597905,62241.75496772679,50661.0,,56216.64828597905,48433.65214548739,60224.38441790194,56540.825350327264,57942.751442492474
store_16,2015-06-15,2015-04-20,68918.0,54385.0,62214.75,53163.75630252101,66181.41468475574,62241.75496772679,59838.0,,66181.41468475574,51146.38227928622,63545.973217494175,62647.595251140694,65046.38402892039
store_16,2015-05-25,2015-05-18,55348.0,68786.0,63887.583333333336,68755.39024390244,52491.58245766688,63656.99379707536,57008.0,,52491.58245766688,53512.221404568285,60012.05319602518,58038.20771700575,55730.37494683163
store_16,2015-06-01,2015-05-18,65782.0,68786.0,63887.583333333336,68724.78048780488,65886.03309386349,63656.99379707536,74366.0,,65886.03309386349,57901.055816011,64476.87007475739,66756.42866478191,65278.94359448875
store_16,2015-06-08,2015-05-18,56810.0,68786.0,63887.583333333336,68694.17073170732,56720.63071510201,63656.99379707536,50661.0,,56720.63071510201,53200.91122531686,61421.73594850356,59620.61079330155,58745.15761296421
store_16,2015-06-15,2015-05-18,68918.0,68786.0,63887.583333333336,68663.56097560975,66620.0056897671,63656.99379707536,59838.0,,66620.0056897671,55921.73482796936,64721.527606725256,65703.30551650916,65802.17428963541
store_16,2015-06-22,2015-05-18,57526.0,68786.0,63887.583333333336,68632.9512195122,54837.72126708596,63656.99379707536,54039.0,,54837.72126708596,53405.74994528669,60794.09946583155,58963.144316158185,57402.87858935742
store_16,2015-06-29,2015-05-18,75120.0,68786.0,63887.583333333336,68602.34146341463,69871.26110883441,63656.99379707536,80368.0,,69871.26110883441,59310.31138609396,65805.27941308104,69423.48406037847,68119.91291163885
store_16,2015-07-06,2015-05-18,57999.0,68786.0,63887.583333333336,68571.73170731707,54731.7138352702,63656.99379707536,56685.0,,54731.7138352702,53759.86038185656,60758.7636552263,59163.41592754498,57327.30854416876
store_16,2015-07-13,2015-05-18,65600.0,68786.0,63887.583333333336,68541.12195121951,61147.41318367875,63656.99379707536,63919.0,,61147.41318367875,55705.44460932956,62897.33010469581,63231.47943314232,61900.900049703116
store_17,2015-02-02,2015-01-26,69276.0,62935.0,59381.166666666664,62896.48598130841,69432.33347414731,54488.50492600763,68760.0,,69432.33347414731,53984.784435447145,64226.946133384976,66725.22619754517,67946.99991112473
store_17,2015-02-09,2015-01-26,42914.0,62935.0,59381.166666666664,62857.97196261682,44095.12687384526,54488.50492600763,44349.0,,44095.12687384526,46872.39577559091,47644.210599950966,48317.925421140026,45065.30878517675
store_17,2015-02-16,2015-01-26,63157.0,62935.0,59381.166666666664,62819.457943925234,62773.673948883545,54488.50492600763,60808.0,,62773.673948883545,51886.54335506901,59356.72629163039,61519.93356670107,61481.67108593558
store_17,2015-02-23,2015-01-26,45981.0,62935.0,59381.166666666664,62780.943925233645,45273.81401144821,54488.50492600763,43832.0,,45273.81401144821,46955.91850419373,47864.772979151945,48778.24174993779,45643.70888618728
store_17,2015-03-02,2015-01-26,67027.0,62935.0,59381.166666666664,62742.42990654206,66152.57707667866,54488.50492600763,67469.0,,66152.57707667866,53309.81122512785,62703.36066756209,64775.10808608226,65534.759189925244
store_17,2015-03-09,2015-01-26,44062.0,62935.0,59381.166666666664,62703.91588785047,43713.456753097635,54488.50492600763,42245.0,,43713.456753097635,46495.29203337462,46815.65389303509,47620.08934178253,44209.95898887769
store_17,2015-03-16,2015-01-26,63364.0,62935.0,59381.166666666664,62665.40186915888,66029.09556702503,54488.50492600763,60653.0,,66029.09556702503,52307.45271840831,60390.20016434421,63096.16426323015,63453.538989185356
store_17,2015-03-23,2015-01-26,46102.0,62935.0,59381.166666666664,62626.88785046729,45195.234868941334,54488.50492600763,44260.0,,45195.234868941334,46983.82775886898,47981.24659831631,48830.487742258265,45720.89340754714
store_17,2015-03-02,2015-02-23,67027.0,45981.0,56727.333333333336,45791.13513513513,66268.2413753936,54537.64581642279,67469.0,,66268.2413753936,48110.62223718355,62758.29573060546,62479.78080439666,65610.67295823607
store_17,2015-03-09,2015-02-23,44062.0,45981.0,56727.333333333336,45601.27027027027,43693.679211235554,54537.64581642279,42245.0,,43693.679211235554,41255.13266160885,46825.44167588611,45247.58361654257,44201.9364889151
store_17,2015-03-16,2015-02-23,63364.0,45981.0,56727.333333333336,45411.40540540541,66019.80791100688,54537.64581642279,60653.0,,66019.80791100688,47047.17035230977,60403.48457580988,60719.22297462246,63452.01730070468
store_17,2015-03-23,2015-02-23,46102.0,45981.0,56727.333333333336,45221.54054054054,45186.2949957296,54537.64581642279,44260.0,,45186.2949957296,41701.97352657518,47994.646937384125,46444.05533585208,45719.58724767133
store_17,2015-03-30,2015-02-23,71257.0,45981.0,56727.333333333336,45031.67567567567,64148.14222507228,54537.64581642279,68602.0,,64148.14222507228,47861.11386435772,62429.26268049836,61642.51140806432,64630.03483970867
store_17,2015-04-06,2015-02-23,41812.0,45981.0,56727.333333333336,44841.81081081081,41414.93649316623,54537.64581642279,44578.0,,41414.93649316623,41154.38949339045,46843.52743652967,44615.12095873777,43475.92292332158
store_17,2015-04-13,2015-02-23,68699.0,45981.0,56727.333333333336,44651.94594594595,66879.19275662467,54537.64581642279,64750.0,,66879.19275662467,47646.73112176096,62055.612857682485,62068.34164394965,65189.5909351743
store_17,2015-04-20,2015-02-23,42500.0,45981.0,56727.333333333336,44462.08108108108,43603.21764853894,54537.64581642279,34084.0,,43603.21764853894,39913.61112562516,44074.954488320574,43199.08620508005,41745.59318349318
store_17,2015-03-30,2015-03-23,71257.0,46102.0,55669.666666666664,45919.791304347826,64469.81859273877,54557.770108692894,68602.0,,64469.81859273877,47903.0066674923,62543.19623381055,61797.74116882242,64831.11866225605
store_17,2015-04-06,2015-03-23,41812.0,46102.0,55669.666666666664,45737.58260869565,41508.60447444416,54557.770108692894,44578.0,,41508.60447444416,41164.80340835705,46881.45819437902,44657.18380523662,43535.70496639693
store_17,2015-04-13,2015-03-23,68699.0,46102.0,55669.666666666664,45555.37391304348,66817.14344011516,54557.770108692894,64750.0,,66817.14344011516,47635.99344693117,62041.63784960269,62033.27266003049,65152.87156608474
store_17,2015-04-20,2015-03-23,42500.0,46102.0,55669.666666666664,45373.1652173913,43616.32965458233,54557.770108692894,34084.0,,43616.32965458233,39914.7045210476,44086.03325442507,43201.97191941603,41755.45292841083
store_17,2015-04-27,2015-03-23,64587.0,46102.0,55669.666666666664,45190.95652173913,63203.319435971396,54557.770108692894,64048.0,,63203.319435971396,46967.387533295725,60603.02984822143,60042.539388023884,62706.83629008368
store_17,2015-05-04,2015-03-23,69677.0,46102.0,55669.666666666664,45008.747826086954,67891.39820493462,54557.770108692894,66596.0,,67891.39820493462,47975.083258054445,63015.0561045425,62970.565362030975,66361.54922135193
store_17,2015-05-11,2015-03-23,42194.0,46102.0,55669.666666666664,44826.53913043478,42987.80310214738,54557.770108692894,40995.0,,42987.80310214738,40734.11128684881,46180.19107028009,44488.71178520022,43398.57833911883
store_17,2015-05-18,2015-03-23,63149.0,46102.0,55669.666666666664,44644.330434782605,63209.90901930035,54557.770108692894,56300.0,,63209.90901930035,45783.382318491786,58022.55970933108,58177.96139154048,60432.1076907071
store_17,2015-04-27,2015-04-20,64587.0,42500.0,55512.583333333336,42293.64705882353,63191.01781392052,54608.941782001704,64048.0,,63191.01781392052,46022.027141154154,60615.98653197408,59611.60357926281,62703.621757204164
store_17,2015-05-04,2015-04-20,69677.0,42500.0,55512.583333333336,42087.294117647056,68537.73056999703,54608.941782001704,66596.0,,68537.73056999703,47120.36425756844,63247.55745066624,62866.39843111265,66766.5045627211
store_17,2015-05-11,2015-04-20,42194.0,42500.0,55512.583333333336,41880.94117647059,43228.48544933551,54608.941782001704,40995.0,,43228.48544933551,39817.9931058773,46277.47574377907,44180.79795081994,43552.14350016885
store_17,2015-05-18,2015-04-20,63149.0,42500.0,55512.583333333336,41674.58823529412,63899.62532948649,54608.941782001704,56300.0,,63899.62532948649,44927.96266858795,58269.52237049606,58092.33669084265,60863.94901089307
store_17,2015-05-25,2015-04-20,43490.0,42500.0,55512.583333333336,41468.23529411765,43113.51981495878,54608.941782001704,41936.0,,43113.51981495878,39877.04003205878,46552.82053232016,44319.751578725634,43757.66012737631
store_17,2015-06-01,2015-04-20,65898.0,42500.0,55512.583333333336,41261.882352941175,63018.95815374919,54608.941782001704,69989.0,,63018.95815374919,46698.766517432196,62538.96664525029,60865.42637281429,64344.33696291971
store_17,2015-06-08,2015-04-20,48189.0,42500.0,55512.583333333336,41055.529411764706,48175.802839344426,54608.941782001704,40070.0,,48175.802839344426,40274.69390949202,47618.24820711538,46375.36178419723,46346.04671139865
store_17,2015-06-15,2015-04-20,69577.0,42500.0,55512.583333333336,40849.17647058824,66278.1645218612,54608.941782001704,60638.0,,66278.1645218612,45769.55230111207,60508.36876795429,60251.51369626251,63613.85779443369
store_17,2015-05-25,2015-05-18,43490.0,63149.0,57035.833333333336,63117.23577235772,43226.264223920094,54770.35834006516,41936.0,,43226.264223920094,46176.384524239475,46644.20752132842,47206.3604186191,43841.43826658192
store_17,2015-06-01,2015-05-18,65898.0,63149.0,57035.833333333336,63085.471544715445,63276.14944839997,54770.35834006516,69989.0,,63276.14944839997,53043.687523787696,62678.50259615504,63835.18626848858,64517.63199363269
store_17,2015-06-08,2015-05-18,48189.0,63149.0,57035.833333333336,63053.70731707317,48193.09690353845,54770.35834006516,40070.0,,48193.09690353845,46610.28512771573,47677.81841453454,49236.687953665925,46370.67218617616
store_17,2015-06-15,2015-05-18,69577.0,63149.0,57035.833333333336,63021.9430894309,66316.51561108272,54770.35834006516,60638.0,,66316.51561108272,52133.09291055887,60574.957983715954,63134.48453033505,63651.532767757715
store_17,2015-06-22,2015-05-18,46558.0,63149.0,57035.833333333336,62990.17886178862,44287.57168985707,54770.35834006516,46033.0,,44287.57168985707,46895.13460357774,48363.64334330741,48696.51379860223,45704.147761265616
store_17,2015-06-29,2015-05-18,74788.0,63149.0,57035.833333333336,62958.41463414634,65540.78148768561,54770.35834006516,78019.0,,65540.78148768561,54496.19825646149,66110.04660925026,66855.60000493327,68282.82703121312
store_17,2015-07-06,2015-05-18,49688.0,63149.0,57035.833333333336,62926.650406504064,46951.273778729155,54770.35834006516,47100.0,,46951.273778729155,47419.0165512331,49607.21070626477,50272.66019271899,47668.724136914985
store_17,2015-07-13,2015-05-18,63333.0,63149.0,57035.833333333336,62894.88617886179,60545.53390972091,54770.35834006516,62023.0,,60545.53390972091,51488.37310885445,59112.96408326202,60577.35041231654,60482.48023555374
store_18,2015-02-02,2015-01-26,54359.0,55006.0,49688.25,55118.943925233645,54006.43332758422,48428.49217745046,52664.0,,54006.43332758422,44987.44563289547,52119.561109194736,53276.32155376767,53425.47816892842
store_18,2015-02-09,2015-01-26,39243.0,55006.0,49688.25,55231.88785046729,39357.1927831292,48560.50769152484,35637.0,,39357.1927831292,40497.262617874476,41560.814261043066,42537.41715614864,39840.417424162915
store_18,2015-02-16,2015-01-26,54335.0,55006.0,49688.25,55344.831775700935,53820.31204746506,48692.52320559923,48075.0,,53820.31204746506,44375.27386125217,50527.854015821686,52721.40356759892,52680.93796535248
store_18,2015-02-23,2015-01-26,40769.0,55006.0,49688.25,55457.77570093458,40619.987335304555,48824.53871967361,35367.0,,40619.987335304555,40709.07882227325,41891.74577843485,43319.24112104482,40784.18040051375
store_18,2015-03-02,2015-01-26,57607.0,55006.0,49688.25,55570.719626168226,57344.18898117238,48956.554233748,51942.0,,57344.18898117238,45501.10183444123,52991.47966039079,55319.6923009095,55918.893356548855
store_18,2015-03-09,2015-01-26,42579.0,55006.0,49688.25,55683.66355140187,40910.926174876484,49088.56974782239,33019.0,,40910.926174876484,40485.201353442964,41206.05872495883,43289.262373361955,40702.63770733839
store_18,2015-03-16,2015-01-26,57695.0,55006.0,49688.25,55796.607476635516,55558.813161397324,49220.58526189677,48124.0,,55558.813161397324,44770.60798570423,51123.68772046577,53862.87360985961,54035.25384751911
store_18,2015-03-23,2015-01-26,40654.0,55006.0,49688.25,55909.55140186916,40434.23307805485,49352.60077597116,35210.0,,40434.23307805485,40800.090750842166,41777.494359351615,43258.119496653475,40619.62472086205
store_18,2015-03-02,2015-02-23,57607.0,40769.0,47962.333333333336,40749.61261261261,57599.129304076894,48720.07678058273,51942.0,,57599.129304076894,41106.02171865793,52501.15421247008,53378.37223966908,55954.53617736778
store_18,2015-03-09,2015-02-23,42579.0,40769.0,47962.333333333336,40730.22522522522,41155.52755091479,48848.07461869853,33019.0,,41155.52755091479,36069.16581831027,40712.286961416045,41332.46287504507,40730.26446414655
store_18,2015-03-16,2015-02-23,57695.0,40769.0,47962.333333333336,40710.83783783784,55882.841589672025,48976.072456814334,48124.0,,55882.841589672025,40346.440745379645,50656.391641001785,51945.7000392144,54124.462537492516
store_18,2015-03-23,2015-02-23,40654.0,40769.0,47962.333333333336,40691.45045045045,40611.53626206471,49104.070294930134,35210.0,,40611.53626206471,36335.48433439695,41261.28986513268,41241.74195247108,40595.07337654537
store_18,2015-03-30,2015-02-23,62299.0,40769.0,47962.333333333336,40672.06306306306,57648.15523608634,49232.068133045934,50346.0,,57648.15523608634,40947.088537932665,51985.49618980656,53275.82084890412,55783.792533667074
store_18,2015-04-06,2015-02-23,34389.0,40769.0,47962.333333333336,40652.67567567567,34414.58101243398,49360.06597116173,35986.0,,34414.58101243398,35592.093713229246,39454.30478192244,37534.25096850903,35891.90685371466
store_18,2015-04-13,2015-02-23,56514.0,40769.0,47962.333333333336,40633.28828828829,54225.995154431905,49488.06380927753,48645.0,,54225.995154431905,40246.24008361872,50277.776162588416,51015.1921392002,52908.011002083185
store_18,2015-04-20,2015-02-23,38333.0,40769.0,47962.333333333336,40613.9009009009,38485.63507704064,49616.06164739334,27369.0,,38485.63507704064,34973.70442266689,37938.98947012466,39157.30579623061,37921.21209736154
store_18,2015-03-30,2015-03-23,62299.0,40654.0,48395.166666666664,40634.28695652174,58869.63659398837,49266.66499490211,50346.0,,58869.63659398837,41166.53645886841,52536.93442021834,54050.09097199588,56771.471875346135
store_18,2015-04-06,2015-03-23,34389.0,40654.0,48395.166666666664,40614.57391304348,35735.09445541742,49395.823932190215,35986.0,,35735.09445541742,35825.808423902534,40038.75370736136,38369.37871659952,36956.36843863433
store_18,2015-04-13,2015-03-23,56514.0,40654.0,48395.166666666664,40594.860869565215,54626.372749676346,49524.98286947832,48645.0,,54626.372749676346,40348.62616505522,50555.513138781,51285.53282232753,53259.06647808959
store_18,2015-04-20,2015-03-23,38333.0,40654.0,48395.166666666664,40575.147826086955,38719.973171604855,49654.14180676643,27369.0,,38719.973171604855,35052.48992444641,38161.37994609051,39325.78251083812,38143.53267580118
store_18,2015-04-27,2015-03-23,56722.0,40654.0,48395.166666666664,40555.434782608696,53415.368661009794,49783.30074405453,49607.0,,53415.368661009794,40344.32440776281,50472.51177589215,50658.19773405711,52445.970762777564
store_18,2015-05-04,2015-03-23,58894.0,40654.0,48395.166666666664,40535.72173913044,58736.52133485736,49912.45968134264,53584.0,,58736.52133485736,41688.267060285296,53571.89600050801,54344.825600062926,57091.79030947147
store_18,2015-05-11,2015-03-23,37945.0,40654.0,48395.166666666664,40516.00869565218,36988.190616155975,50041.618618630746,34905.0,,36988.190616155975,35928.56922815794,40096.11909427421,39067.793411957304,37786.534222681665
store_18,2015-05-18,2015-03-23,55724.0,40654.0,48395.166666666664,40496.29565217391,57277.80320266797,50170.77755591885,48379.0,,57277.80320266797,40767.57758248963,51350.65662311154,52926.757138103174,55279.99946963644
store_18,2015-04-27,2015-04-20,56722.0,38333.0,48231.333333333336,38294.445378151264,54720.212560872606,49732.67179147066,49607.0,,54720.212560872606,39845.52329483255,50852.848631401976,51135.42235423762,53442.27164239342
store_18,2015-05-04,2015-04-20,58894.0,38333.0,48231.333333333336,38255.89075630252,58720.2122093154,49860.74002805233,53584.0,,58720.2122093154,40997.88233242908,53511.848514216246,54009.68492740954,57063.76565992878
store_18,2015-05-11,2015-04-20,37945.0,38333.0,48231.333333333336,38217.336134453784,37951.985333533084,49988.80826463399,34905.0,,37951.985333533084,35375.35186656488,40362.77288895547,39332.97822444688,38518.41048410333
store_18,2015-05-18,2015-04-20,55724.0,38333.0,48231.333333333336,38178.78151260504,57573.36572037592,50116.87650121565,48379.0,,57573.36572037592,40116.05100964713,51394.56635123642,52780.390335693715,55493.777306148404
store_18,2015-05-25,2015-04-20,39659.0,38333.0,48231.333333333336,38140.226890756305,40560.71352083402,50244.94473779732,35259.0,,40560.71352083402,35824.174068960136,41350.34895138912,40984.84946330605,40587.33046994748
store_18,2015-06-01,2015-04-20,55436.0,38333.0,48231.333333333336,38101.67226890756,54504.13960891786,50373.01297437898,53673.0,,54504.13960891786,40459.45116936253,52136.157647417065,51458.287354875414,53806.57208914266
store_18,2015-06-08,2015-04-20,41493.0,38333.0,48231.333333333336,38063.117647058825,42925.41314182717,50501.08121096065,30782.0,,42925.41314182717,35547.992190454286,40646.2488250535,41986.608666801476,41835.15988125041
store_18,2015-06-15,2015-04-20,60544.0,38333.0,48231.333333333336,38024.56302521008,58845.15642620035,50629.14944754231,47481.0,,58845.15642620035,40220.60031889801,51519.163253177896,53495.65512258004,56362.37364175594
store_18,2015-05-25,2015-05-18,39659.0,55724.0,49946.25,55828.08943089431,40999.7892206625,50370.524112002335,35259.0,,40999.7892206625,41161.09325193702,42068.3464068875,43747.836172727984,41088.744348928754
store_18,2015-06-01,2015-05-18,55436.0,55724.0,49946.25,55932.17886178862,54293.061210973945,50500.22528101755,53673.0,,54293.061210973945,45724.10219339716,52637.437070324646,53831.80385576747,53803.9039825937
store_18,2015-06-08,2015-05-18,41493.0,55724.0,49946.25,56036.26829268293,42820.567714673365,50629.926450032755,30782.0,,42820.567714673365,40848.43035105558,41182.939238224455,44434.98427895725,41914.85705860588
store_18,2015-06-15,2015-05-18,60544.0,55724.0,49946.25,56140.35772357724,58955.70531833482,50759.62761904797,47481.0,,58955.70531833482,45572.42009442286,52127.65177277827,56085.90158747765,56609.0718370405
store_18,2015-06-22,2015-05-18,41836.0,55724.0,49946.25,56244.44715447154,40574.83905503503,50889.32878806318,34403.0,,40574.83905503503,41111.69499965282,41641.36301834501,43464.438955049685,40647.305327502836
store_18,2015-06-29,2015-05-18,58151.0,55724.0,49946.25,56348.53658536585,56278.87131793529,51019.0299570784,56186.0,,56278.87131793529,46500.38398005422,54137.040439311764,55377.21970071982,55672.25325401757
store_18,2015-07-06,2015-05-18,40266.0,55724.0,49946.25,56452.62601626016,40336.42292491224,51148.73112609361,35983.0,,40336.42292491224,41370.14715246657,42088.55764163741,43514.76831614676,40669.116869264086
store_18,2015-07-13,2015-05-18,50855.0,55724.0,49946.25,56556.71544715447,50044.29605227727,51278.432295108825,47748.0,,50044.29605227727,44471.09911350579,49246.18201742576,50709.15470302682,49734.7394422597
store_19,2015-02-02,2015-01-26,30353.0,33340.0,28758.5,33250.96261682243,32231.701104074415,26993.082960167154,41295.0,,32231.701104074415,27981.32095443771,33506.59468808052,32640.21225103278,33040.0154554483
store_19,2015-02-09,2015-01-26,21094.0,33340.0,28758.5,33161.92523364486,21473.46417663154,26902.92141112867,29678.0,,21473.46417663154,24759.25868877215,26018.1285292534,25793.024894870265,23716.70094977251
store_19,2015-02-16,2015-01-26,27731.0,33340.0,28758.5,33072.88785046729,26059.656013094285,26812.75986209019,37026.0,,26059.656013094285,26438.54338937882,29966.13862506149,28995.282369198245,28091.516347190212
store_19,2015-02-23,2015-01-26,23733.0,33340.0,28758.5,32983.85046728972,23199.38699145681,26722.59831305171,29287.0,,23199.38699145681,24898.76225311403,26402.995101502835,26564.9749211592,24788.732902520896
store_19,2015-03-02,2015-01-26,32990.0,33340.0,28758.5,32894.81308411215,35633.155103310375,26632.436764013226,38447.0,,35633.155103310375,27957.98642163368,33570.863955774534,33893.747019313516,34788.290195400026
store_19,2015-03-09,2015-01-26,22085.0,33340.0,28758.5,32805.77570093458,23789.12204083968,26542.275214974743,21959.0,,23789.12204083968,23884.95327953557,24096.799085271472,25882.170620383855,23877.828077632257
store_19,2015-03-16,2015-01-26,29974.0,33340.0,28758.5,32716.73831775701,29973.65616298628,26452.11366593626,30579.0,,29973.65616298628,25974.28687809708,29001.589942974177,30040.865579508663,29556.337871300064
store_19,2015-03-23,2015-01-26,22701.0,33340.0,28758.5,32627.70093457944,23208.410034314056,26361.952116897777,22432.0,,23208.410034314056,23818.366155113035,24000.787383737275,25620.598755426257,23541.093938045688
store_19,2015-03-02,2015-02-23,32990.0,23733.0,26856.583333333332,23560.62162162162,34331.31478313946,26452.245237267307,38447.0,,34331.31478313946,24768.68071076596,33076.85334013559,31486.012122476623,33881.048111863405
store_19,2015-03-09,2015-02-23,22085.0,23733.0,26856.583333333332,23388.243243243243,21802.390973483223,26359.698099820678,21959.0,,21802.390973483223,20585.559378554353,23373.696357767963,23127.548588900594,22507.023529522183
store_19,2015-03-16,2015-02-23,29974.0,23733.0,26856.583333333332,23215.864864864863,28417.79543406874,26267.150962374046,30579.0,,28417.79543406874,22724.199227805853,28421.315465480926,27492.969977155695,28476.586724531695
store_19,2015-03-23,2015-02-23,22701.0,23733.0,26856.583333333332,23043.486486486487,21479.81711877807,26174.603824927417,22432.0,,21479.81711877807,20531.35582336076,23362.140314568496,22979.936662700504,22344.165391255472
store_19,2015-03-30,2015-02-23,30542.0,23733.0,26856.583333333332,22871.108108108107,29107.199587290954,26082.056687480785,34527.0,,29107.199587290954,23310.992530887597,29905.418758257245,28293.8146175812,29606.544406066376
store_19,2015-04-06,2015-02-23,19488.0,23733.0,26856.583333333332,22698.72972972973,18699.830298517256,25989.509550034156,22754.0,,18699.830298517256,20104.521844516352,22481.11328285047,21593.62126495913,20492.863627416147
store_19,2015-04-13,2015-02-23,25678.0,23733.0,26856.583333333332,22526.35135135135,27131.91474396887,25896.962412587523,31804.0,,27131.91474396887,22564.11597732015,28277.625718852127,26915.66542877795,27766.373783572366
store_19,2015-04-20,2015-02-23,18159.0,23733.0,26856.583333333332,22353.972972972973,17523.657405072066,25804.41527514089,18055.0,,17523.657405072066,19189.51842664561,20461.024226737652,20358.16966926013,18847.200283699385
store_19,2015-03-30,2015-03-23,30542.0,22701.0,26951.833333333332,22525.64347826087,29105.813631856756,26178.127162213077,34527.0,,29105.813631856756,23141.34537223772,29936.980264689944,28200.978106788993,29619.883084915127
store_19,2015-04-06,2015-03-23,19488.0,22701.0,26951.833333333332,22350.28695652174,18698.93049097643,26086.970325926897,22754.0,,18698.93049097643,19934.717300965487,22513.30027230111,21500.93451053621,20506.737697883014
store_19,2015-04-13,2015-03-23,25678.0,22701.0,26951.833333333332,22174.930434782607,27129.708111070882,25995.813489640717,31804.0,,27129.708111070882,22393.897909832504,28309.840533570532,26822.238800924737,27779.57061503289
store_19,2015-04-20,2015-03-23,18159.0,22701.0,26951.833333333332,21999.573913043478,17522.924826108036,25904.656653354537,18055.0,,17522.924826108036,19019.284103691338,20494.193826487524,20265.382972770523,18861.60065122388
store_19,2015-04-27,2015-03-23,28582.0,22701.0,26951.833333333332,21824.217391304348,27857.5830582535,25813.499817068358,31981.0,,27857.5830582535,22447.019085708504,28550.69429177395,27157.632175538438,28275.746630274152
store_19,2015-05-04,2015-03-23,30553.0,22701.0,26951.833333333332,21648.86086956522,29960.107172072698,25722.342980782178,33319.0,,29960.107172072698,22900.44919367906,29667.150050951623,28348.462235723142,29918.44041824086
store_19,2015-05-11,2015-03-23,18401.0,22701.0,26951.833333333332,21473.504347826085,18190.15130163916,25631.186144495998,21833.0,,18190.15130163916,19540.096446756368,21884.779148711717,21008.958035981355,19933.66335779267
store_19,2015-05-18,2015-03-23,28753.0,22701.0,26951.833333333332,21298.147826086955,29869.83604678863,25540.029308209818,32859.0,,29869.83604678863,22745.692359202676,29422.955118332815,28196.093526017616,29749.760960815947
store_19,2015-04-27,2015-04-20,28582.0,18159.0,25377.333333333332,17951.36974789916,27858.47918913063,25514.408297669896,31981.0,,27858.47918913063,20977.370081147572,28451.295828933507,26276.25881202704,28231.907826434464
store_19,2015-05-04,2015-04-20,30553.0,18159.0,25377.333333333332,17743.73949579832,29960.837151024392,25419.102959593125,33319.0,,29960.837151024392,21425.57327710702,29566.313370205837,27463.92052706442,29873.872776201835
store_19,2015-05-11,2015-04-20,18401.0,18159.0,25377.333333333332,17536.10924369748,18190.758398591763,25323.797621516354,21833.0,,18190.758398591763,18059.999799591274,21782.51867336937,20121.26945166231,19888.396142038757
store_19,2015-05-18,2015-04-20,28753.0,18159.0,25377.333333333332,17328.47899159664,29870.48567357952,25228.492283439584,32859.0,,29870.48567357952,21260.39861170701,29319.325985673033,27305.34013937631,29703.90604332269
store_19,2015-05-25,2015-04-20,21160.0,18159.0,25377.333333333332,17120.8487394958,21346.851128093498,25133.186945362813,24318.0,,21346.851128093498,18779.317163755062,23599.346024485436,21951.75899451498,22429.67751833053
store_19,2015-06-01,2015-04-20,26776.0,18159.0,25377.333333333332,16913.21848739496,30560.595549616162,25037.881607286043,37561.0,,30560.595549616162,21944.146996804357,31053.159052300733,28197.025852415765,30965.52898760977
store_19,2015-06-08,2015-04-20,20767.0,18159.0,25377.333333333332,16705.58823529412,20390.997374131024,24942.576269209272,21653.0,,20390.997374131024,18175.499315995392,22328.85788111343,21080.52170220654,21288.307188487775
store_19,2015-06-15,2015-04-20,28009.0,18159.0,25377.333333333332,16497.95798319328,27690.220487373917,24847.2709311325,30639.0,,27690.220487373917,20458.68324786186,27725.49713950214,25829.069892776017,27784.021408465007
store_19,2015-05-25,2015-05-18,21160.0,28753.0,25658.833333333332,28638.252032520326,21348.463581292723,25238.787470512103,24318.0,,21348.463581292723,21993.619488236924,23635.08368393494,23797.86069564093,22446.460254167396
store_19,2015-06-01,2015-05-18,26776.0,28753.0,25658.833333333332,28523.50406504065,30608.47192367881,25145.03000801479,37561.0,,30608.47192367881,25178.54847572394,31104.8339772312,30073.830835585595,31013.831131565028
store_19,2015-06-08,2015-05-18,20767.0,28753.0,25658.833333333332,28408.756097560974,20349.991721500937,25051.272545517473,21653.0,,20349.991721500937,21410.693385416103,22351.421422339467,22920.973829129973,21276.726309024805
store_19,2015-06-15,2015-05-18,28009.0,28753.0,25658.833333333332,28294.0081300813,27649.857376732944,24957.515083020156,30639.0,,27649.857376732944,23707.459131881104,27748.790819917696,27677.58908107887,27773.105109176493
store_19,2015-06-22,2015-05-18,20248.0,28753.0,25658.833333333332,28179.260162601626,19912.69195188199,24863.75762052284,22780.0,,19912.69195188199,21449.649009762827,22518.81652413494,22809.580845659533,21150.416635250716
store_19,2015-06-29,2015-05-18,28940.0,28753.0,25658.833333333332,28064.51219512195,28226.042882155652,24770.000158025527,36976.0,,28226.042882155652,24635.48408123378,29990.681013393725,28738.24825061412,29244.38842843631
store_19,2015-07-06,2015-05-18,21603.0,28753.0,25658.833333333332,27949.764227642278,21306.387220304558,24676.24269552821,21970.0,,21306.387220304558,21473.46106811548,22650.87663861092,23357.89005004473,21923.329398041857
store_19,2015-07-13,2015-05-18,26303.0,28753.0,25658.833333333332,27835.0162601626,27915.18879896558,24582.485233030893,31828.0,,27915.18879896558,23796.07480364177,28108.55801066549,27883.617933612095,28104.991791623725
store_2,2015-02-02,2015-01-26,46923.0,42008.0,42290.916666666664,41918.66355140187,49446.5928569976,40247.62108874197,49556.0,,49446.5928569976,37923.97059482973,46416.73798191319,46799.074177640025,48390.81903406635
store_2,2015-02-09,2015-01-26,31894.0,42008.0,42290.916666666664,41829.32710280374,31140.70357150514,40247.62108874197,31086.0,,31140.70357150514,32657.509775673927,34158.10822008237,34687.63644290995,32205.584030994396
store_2,2015-02-16,2015-01-26,43542.0,42008.0,42290.916666666664,41739.990654205605,42687.91904462291,40247.62108874197,44949.0,,42687.91904462291,36274.77820774816,42628.18004445496,42922.71668859953,43226.899836829965
store_2,2015-02-23,2015-01-26,31178.0,42008.0,42290.916666666664,41650.654205607476,29917.7690456372,40247.62108874197,31413.0,,29917.7690456372,32503.9944295219,33859.46337812639,34292.85867464869,31697.09411457144
store_2,2015-03-02,2015-01-26,47602.0,42008.0,42290.916666666664,41561.31775700935,47814.29999797111,40247.62108874197,49346.0,,47814.29999797111,37609.73650148415,45802.64036223769,46085.09845342413,47474.9015061134
store_2,2015-03-09,2015-01-26,31700.0,42008.0,42290.916666666664,41471.98130841122,30143.729761158596,40247.62108874197,30709.0,,30143.729761158596,32410.17840356835,33700.116949966854,34172.00525710707,31554.884894079958
store_2,2015-03-16,2015-01-26,43190.0,42008.0,42290.916666666664,41382.64485981308,43785.7624982218,40247.62108874197,45126.0,,43785.7624982218,36405.8493019205,43053.12786232126,43364.223259656595,43856.047061744786
store_2,2015-03-23,2015-01-26,31762.0,42008.0,42290.916666666664,41293.30841121495,30438.081546908295,40247.62108874197,30976.0,,30438.081546908295,32464.846816218836,33887.23421188342,34343.90407796594,31804.13226857586
store_2,2015-03-02,2015-02-23,47602.0,31178.0,39763.333333333336,30994.315315315314,46933.86754799351,40174.82510247783,49346.0,,46933.86754799351,34055.76304273143,45484.89755015711,43761.85671218097,47013.762570581835
store_2,2015-03-09,2015-02-23,31700.0,31178.0,39763.333333333336,30810.630630630632,30676.92515378339,40174.82510247783,30709.0,,30676.92515378339,29044.67346003217,33853.58341875374,32384.40870680904,31820.22879679524
store_2,2015-03-16,2015-02-23,43190.0,31178.0,39763.333333333336,30626.945945945947,43231.86959712365,40174.82510247783,45126.0,,43231.86959712365,32871.56771126868,42844.231566533825,41151.165928513255,43562.721302440055
store_2,2015-03-23,2015-02-23,31762.0,31178.0,39763.333333333336,30443.26126126126,30173.394912768636,40174.82510247783,30976.0,,30173.394912768636,28958.40208712015,33774.74000508215,32234.340413065136,31659.433597198302
store_2,2015-03-30,2015-02-23,46966.0,31178.0,39763.333333333336,30259.576576576575,42709.76669693722,40174.82510247783,46812.0,,42709.76669693722,32985.357387046424,43232.19726647168,41383.369610942944,43913.08491402629
store_2,2015-04-06,2015-02-23,29619.0,31178.0,39763.333333333336,30075.891891891893,26719.627053785192,40174.82510247783,31375.0,,26719.627053785192,28469.525340212607,32756.48405208767,30986.624715438935,30030.908150454023
store_2,2015-04-13,2015-02-23,47331.0,31178.0,39763.333333333336,29892.207207207208,46118.77631227492,40174.82510247783,43538.0,,46118.77631227492,32952.163136470466,43277.20047158425,41765.27538414608,44463.62417939009
store_2,2015-04-20,2015-02-23,32188.0,31178.0,39763.333333333336,29708.522522522522,30520.271301023247,40174.82510247783,26269.0,,30520.271301023247,28230.56460847956,32321.36546783369,31016.30046816771,30110.45950733735
store_2,2015-03-30,2015-03-23,46966.0,31762.0,38813.666666666664,31589.782608695652,43098.53483992004,40112.21434691722,46812.0,,43098.53483992004,33169.74263745708,43340.91639561242,41599.987382219544,44105.41908090426
store_2,2015-04-06,2015-03-23,29619.0,31762.0,38813.666666666664,31417.565217391304,26642.24984255361,40112.21434691722,31375.0,,26642.24984255361,28588.956581932685,32709.821396490275,31025.018499692305,29983.683792973963
store_2,2015-04-13,2015-03-23,47331.0,31762.0,38813.666666666664,31245.347826086956,46168.140893196665,40112.21434691722,43538.0,,46168.140893196665,33091.33853326678,43272.78508003796,41853.31085900934,44481.53417630881
store_2,2015-04-20,2015-03-23,32188.0,31762.0,38813.666666666664,31073.130434782608,30635.3775398934,40112.21434691722,26269.0,,30635.3775398934,28380.769855465696,32338.863962270203,31130.533312067226,30162.155048667446
store_2,2015-04-27,2015-03-23,44224.0,31762.0,38813.666666666664,30900.91304347826,43366.70965896022,40112.21434691722,44381.0,,43366.70965896022,32762.35767371748,42619.974668625815,40980.01565172767,43351.17978637181
store_2,2015-05-04,2015-03-23,50065.0,31762.0,38813.666666666664,30728.695652173912,50092.91273706345,40112.21434691722,47450.0,,50092.91273706345,34137.06991468875,45885.04236132689,44393.34736596095,47934.0410924277
store_2,2015-05-11,2015-03-23,30507.0,31762.0,38813.666666666664,30556.478260869564,29063.931783791842,40112.21434691722,30102.0,,29063.931783791842,28630.041579749326,33092.71537690302,31536.51626584318,30761.090828964632
store_2,2015-05-18,2015-03-23,46638.0,31762.0,38813.666666666664,30384.260869565216,45184.15251068876,40112.21434691722,41732.0,,45184.15251068876,32569.756341976834,42342.788952535324,40909.6306428463,43313.1353623783
store_2,2015-04-27,2015-04-20,44224.0,32188.0,38657.916666666664,32025.1512605042,44285.40284991887,40068.70926254023,44381.0,,44285.40284991887,33086.597148518566,42911.704037486365,41442.08619499142,43818.12589859411
store_2,2015-05-04,2015-04-20,50065.0,32188.0,38657.916666666664,31862.3025210084,50792.57500983775,40068.70926254023,47450.0,,50792.57500983775,34431.35763715043,46103.76142412599,44771.99764723039,48288.42419597761
store_2,2015-05-11,2015-04-20,30507.0,32188.0,38657.916666666664,31699.453781512606,29728.37339854322,40068.70926254023,30102.0,,29728.37339854322,28920.6361584661,33299.69422036115,31902.390504248717,31097.37355076321
store_2,2015-05-18,2015-04-20,46638.0,32188.0,38657.916666666664,31536.605042016807,45874.50332731509,40068.70926254023,41732.0,,45874.50332731509,32865.39061407697,42558.40419661844,41286.223017734854,43662.7331802351
store_2,2015-05-25,2015-04-20,30470.0,32188.0,38657.916666666664,31373.756302521007,27454.701657160826,40068.70926254023,28269.0,,27454.701657160826,28287.44055555553,31930.80363990035,30499.087964378807,29256.280998947288
store_2,2015-06-01,2015-04-20,45946.0,32188.0,38657.916666666664,31210.907563025212,45126.29832111753,40068.70926254023,49230.0,,45126.29832111753,33783.11883047852,44808.33586121925,43029.87268823941,46029.619373831556
store_2,2015-06-08,2015-04-20,36658.0,32188.0,38657.916666666664,31048.058823529413,34572.5488724077,40068.70926254023,29527.0,,34572.5488724077,29437.46194644914,34722.75271164931,33553.499254979564,33375.86525369758
store_2,2015-06-15,2015-04-20,48624.0,32188.0,38657.916666666664,30885.210084033613,46236.99176080467,40068.70926254023,43726.0,,46236.99176080467,33108.97539629217,43343.90034111496,41919.874290987456,44580.72140126884
store_2,2015-05-25,2015-05-18,30470.0,46638.0,40149.333333333336,46597.92682926829,27707.15458033755,40174.82760742931,28269.0,,27707.15458033755,32790.891764338354,32050.327395922286,33170.92368185521,29398.662461817607
store_2,2015-06-01,2015-05-18,45946.0,46638.0,40149.333333333336,46557.85365853659,45227.50620132318,40174.82760742931,49230.0,,45227.50620132318,38282.50297151749,44877.444602917494,45653.544957836355,46094.27392387727
store_2,2015-06-08,2015-05-18,36658.0,46638.0,40149.333333333336,46517.78048780488,34691.89228324164,40174.82760742931,29527.0,,34691.89228324164,33956.97624454417,34797.906630223646,36194.106501275084,33449.839902970896
store_2,2015-06-15,2015-05-18,48624.0,46638.0,40149.333333333336,46477.70731707317,46323.30491391223,40174.82760742931,43726.0,,46323.30491391223,37641.31045310686,43408.04417378051,44557.75184911826,44637.72134570265
store_2,2015-06-22,2015-05-18,35186.0,46638.0,40149.333333333336,46437.634146341465,34162.82067568594,40174.82760742931,33129.0,,34162.82067568594,34384.516537541436,35822.216094371746,36972.74355304369,34499.70043430752
store_2,2015-06-29,2015-05-18,51896.0,46638.0,40149.333333333336,46397.560975609755,45701.12573546544,40174.82760742931,53939.0,,45701.12573546544,38999.97823597683,46604.98444763158,47114.83286678895,48065.64608270203
store_2,2015-07-06,2015-05-18,36203.0,46638.0,40149.333333333336,46357.48780487805,32093.177509533503,40174.82760742931,34169.0,,32093.177509533503,34225.9751793106,35479.00170565427,36456.21059373361,33817.711381037276
store_2,2015-07-13,2015-05-18,45596.0,46638.0,40149.333333333336,46317.41463414634,43355.814993200445,40174.82760742931,43826.0,,43355.814993200445,37208.77008115849,42452.21420020991,43431.68227569961,43149.38246833523
store_20,2015-02-02,2015-01-26,39324.0,38502.0,38929.25,38496.55140186916,42334.17832502929,36352.26588385445,39062.0,,42334.17832502929,33382.32080153612,39249.481402961246,40255.418719831476,40740.028952100634
store_20,2015-02-09,2015-01-26,29542.0,38502.0,38929.25,38491.102803738315,29574.43805675604,36352.26588385445,26300.0,,29574.43805675604,29735.57953490697,30742.234646870165,31585.271766951468,29455.413432476264
store_20,2015-02-16,2015-01-26,35618.0,38502.0,38929.25,38485.654205607476,36441.871000297695,36352.26588385445,36108.0,,36441.871000297695,32117.00586996566,36300.71229471738,36873.72236105433,36339.4427847256
store_20,2015-02-23,2015-01-26,29485.0,38502.0,38929.25,38480.20560747664,30557.983604358884,36352.26588385445,28452.0,,30557.983604358884,30181.95787081285,31787.416496071113,32500.239291864928,30647.406317103047
store_20,2015-03-02,2015-01-26,37424.0,38502.0,38929.25,38474.7570093458,38532.43318852237,36352.26588385445,35621.0,,38532.43318852237,32344.529440246086,36835.233024125606,37747.21838712524,37477.45596743473
store_20,2015-03-09,2015-01-26,30847.0,38502.0,38929.25,38469.30841121495,30042.502516851422,36352.26588385445,27206.0,,30042.502516851422,29928.760973131546,31200.256133568626,31994.43098552099,29990.103709559386
store_20,2015-03-16,2015-01-26,35290.0,38502.0,38929.25,38463.85981308411,34251.07637839101,36352.26588385445,33786.0,,34251.07637839101,31469.207439332793,34796.44742074849,35355.81767100574,34365.84813681959
store_20,2015-03-23,2015-01-26,28445.0,38502.0,38929.25,38458.411214953274,28023.534924113887,36352.26588385445,28718.0,,28023.534924113887,29854.7802889888,31031.266935989443,31369.927177540663,29178.30589503939
store_20,2015-03-02,2015-02-23,37424.0,29485.0,36029.833333333336,29398.513513513513,37864.68055064423,34272.10827466164,35621.0,,37864.68055064423,28953.0193817361,35919.262941768626,35648.78612668598,36830.48192926323
store_20,2015-03-09,2015-02-23,30847.0,29485.0,36029.833333333336,29312.027027027027,29606.12194055572,34272.10827466164,27206.0,,29606.12194055572,26558.72722508253,30361.41007173912,29998.111791888095,29483.94127924934
store_20,2015-03-16,2015-02-23,35290.0,29485.0,36029.833333333336,29225.54054054054,33742.7184668321,34272.10827466164,33786.0,,33742.7184668321,28077.314373623944,33933.608913831245,33319.77441686974,33815.880744758
store_20,2015-03-23,2015-02-23,28445.0,29485.0,36029.833333333336,29139.054054054053,27628.126764876186,34272.10827466164,28718.0,,27628.126764876186,26467.446060989314,30206.078346512608,29380.626251618418,28697.079024729323
store_20,2015-03-30,2015-02-23,45235.0,29485.0,36029.833333333336,29052.567567567567,42123.20431158703,34272.10827466164,37599.0,,42123.20431158703,29794.530498164222,37998.10419541622,38033.0787649306,39967.62589987617
store_20,2015-04-06,2015-02-23,25402.0,29485.0,36029.833333333336,28966.08108108108,25160.03560201134,34272.10827466164,29113.0,,25160.03560201134,26146.579755869625,29515.047958890988,28297.346909712716,27303.935076295562
store_20,2015-04-13,2015-02-23,34792.0,29485.0,36029.833333333336,28879.594594594593,35091.95897643786,34272.10827466164,41420.0,,35091.95897643786,29311.213597003916,36928.022417033164,35542.012255899164,36742.09262947811
store_20,2015-04-20,2015-02-23,26360.0,29485.0,36029.833333333336,28793.108108108107,25661.370863769756,34272.10827466164,23167.0,,25661.370863769756,25344.060082838972,27700.159712810462,27259.12437524264,25969.43750194079
store_20,2015-03-30,2015-03-23,45235.0,28445.0,34028.583333333336,28352.478260869564,42564.20889378361,34234.52999724466,37599.0,,42564.20889378361,29317.68578360445,38132.579630342756,37943.02593715995,40231.67239032221
store_20,2015-04-06,2015-03-23,25402.0,28445.0,34028.583333333336,28259.956521739132,25606.06028395785,34234.52999724466,29113.0,,25606.06028395785,25669.590019467854,29651.19676040083,28209.189300199894,27571.036768448226
store_20,2015-04-13,2015-03-23,34792.0,28445.0,34028.583333333336,28167.434782608696,35493.4313617997,34234.52999724466,41420.0,,35493.4313617997,28826.997067855198,37049.320453014785,35432.57129114753,36982.080069058095
store_20,2015-04-20,2015-03-23,26360.0,28445.0,34028.583333333336,28074.91304347826,26113.99969427389,34234.52999724466,23167.0,,26113.99969427389,24866.28943833288,27838.509897172848,27173.15060734201,26240.55843812229
store_20,2015-04-27,2015-03-23,35110.0,28445.0,34028.583333333336,27982.391304347828,34599.441408388215,34234.52999724466,37739.0,,34599.441408388215,28146.992291902003,35524.323801877625,34220.87877200205,35422.96902835682
store_20,2015-05-04,2015-03-23,37806.0,28445.0,34028.583333333336,27889.869565217392,37458.516023466174,34234.52999724466,38092.0,,37458.516023466174,28592.64270275165,36595.01534023694,35625.55105825837,37260.32379176028
store_20,2015-05-11,2015-03-23,28147.0,28445.0,34028.583333333336,27797.347826086956,26506.305314291574,34234.52999724466,28578.0,,26506.305314291574,25655.68092442236,29772.94510384541,28482.12714783397,27971.394298786163
store_20,2015-05-18,2015-03-23,35726.0,28445.0,34028.583333333336,27704.82608695652,36405.13604045444,34234.52999724466,34910.0,,36405.13604045444,27961.153636855564,35183.222012566366,34445.047047377186,35741.8080135007
store_20,2015-04-27,2015-04-20,35110.0,26360.0,33147.0,26253.067226890755,34804.797183412185,34189.923193260525,37739.0,,34804.797183412185,27499.11251479478,35577.90679222424,33953.314714511595,35542.788214669534
store_20,2015-05-04,2015-04-20,37806.0,26360.0,33147.0,26146.134453781513,37573.35640202626,34189.923193260525,38092.0,,37573.35640202626,27929.773435581184,36618.42653176226,35314.585338969984,37325.055866754854
store_20,2015-05-11,2015-04-20,28147.0,26360.0,33147.0,26039.201680672268,26650.537914081535,34189.923193260525,28578.0,,26650.537914081535,24994.95182685919,29806.15370244735,28183.82499124805,28054.014298112194
store_20,2015-05-18,2015-04-20,35726.0,26360.0,33147.0,25932.268907563026,36481.0945569122,34189.923193260525,34910.0,,36481.0945569122,27288.612379676535,35193.67258339091,34113.742603427556,35782.87682733129
store_20,2015-05-25,2015-04-20,27712.0,26360.0,33147.0,25825.33613445378,26425.394457071146,34189.923193260525,27317.0,,26425.394457071146,24752.09339782649,29310.772550110556,27795.39010769592,27569.273135542087
store_20,2015-06-01,2015-04-20,38605.0,26360.0,33147.0,25718.40336134454,37019.1335991479,34189.923193260525,39438.0,,37019.1335991479,27981.780021964707,36882.35226413614,35308.56475284904,37358.91825242248
store_20,2015-06-08,2015-04-20,27904.0,26360.0,33147.0,25611.470588235294,27545.450853442715,34189.923193260525,26768.0,,27545.450853442715,24803.120662134075,29501.12468223441,28186.769710436758,28099.54601143189
store_20,2015-06-15,2015-04-20,38123.0,26360.0,33147.0,25504.537815126052,36611.13010308746,34189.923193260525,35097.0,,36611.13010308746,27272.798730210576,35299.35109878266,34182.12344935664,35913.58083281968
store_20,2015-05-25,2015-05-18,27712.0,35726.0,33382.0,35698.69105691057,26421.649472391553,34189.92608449498,27317.0,,26421.649472391553,27533.60951625673,29309.525185628845,29266.858015551497,27566.994295383185
store_20,2015-06-01,2015-05-18,38605.0,35726.0,33382.0,35671.382113821135,37153.02516218278,34189.92608449498,39438.0,,37153.02516218278,30794.333337214128,36926.983748892584,36850.35109928892,37440.404165240325
store_20,2015-06-08,2015-05-18,27904.0,35726.0,33382.0,35644.07317073171,27770.089306106354,34189.92608449498,26768.0,,27770.089306106354,27640.012651619007,29576.005130200443,29776.950290328,28236.25992087844
store_20,2015-06-15,2015-05-18,38123.0,35726.0,33382.0,35616.76422764228,36844.15567851483,34189.92608449498,35097.0,,36844.15567851483,30122.2637129503,35377.0272543366,35782.18929297824,36055.39909338631
store_20,2015-06-22,2015-05-18,27957.0,35726.0,33382.0,35589.455284552845,26807.509210274322,34189.92608449498,28447.0,,26807.509210274322,27734.55579704602,29814.8117649231,29678.48656126701,28113.423196466785
store_20,2015-06-29,2015-05-18,41321.0,35726.0,33382.0,35562.14634146341,39842.856450550724,34189.92608449498,38509.0,,39842.856450550724,31030.275553787014,37513.9275116819,37903.0431546592,38821.24749857841
store_20,2015-07-06,2015-05-18,31240.0,35726.0,33382.0,35534.83739837398,31002.15973185809,34189.92608449498,31234.0,,31002.15973185809,28724.13188781815,32142.02860545102,32226.12286459402,31434.77573405606
store_20,2015-07-13,2015-05-18,38223.0,35726.0,33382.0,35507.528455284555,36868.780635056784,34189.92608449498,37011.0,,36868.780635056784,30383.605024976616,36023.23557318392,36191.00780174336,36598.17042333809
store_21,2015-02-02,2015-01-26,54435.0,55951.0,50952.25,55942.08411214953,53343.06797748618,48901.69417135768,57209.0,,53343.06797748618,46042.72803728477,53151.25404961462,53916.162400082634,53886.60694258551
store_21,2015-02-09,2015-01-26,45384.0,55951.0,50952.25,55933.168224299065,44513.129433847906,48901.69417135768,43020.0,,44513.129433847906,42753.03454707209,45478.27453506853,46997.33967109218,44654.86760365103
store_21,2015-02-16,2015-01-26,52281.0,55951.0,50952.25,55924.2523364486,50130.546783924205,48901.69417135768,53302.0,,50130.546783924205,45023.106184532924,50778.080318427295,51672.2646661789,50894.10334151052
store_21,2015-02-23,2015-01-26,46654.0,55951.0,50952.25,55915.33644859813,43528.095840334674,48901.69417135768,44211.0,,43528.095840334674,42779.91092289864,45546.93000389745,46830.64940253868,44434.2394729233
store_21,2015-03-02,2015-01-26,55132.0,55951.0,50952.25,55906.42056074766,55093.49827091059,48901.69417135768,51760.0,,55093.49827091059,45509.26614328799,51918.39748075609,53478.69236598428,53306.45115941933
store_21,2015-03-09,2015-01-26,42356.0,55951.0,50952.25,55897.504672897194,41268.53532260146,48901.69417135768,42426.0,,41268.53532260146,42199.569166693764,44198.743164653046,45462.51685109572,42610.37793940316
store_21,2015-03-16,2015-01-26,52110.0,55951.0,50952.25,55888.588785046726,50863.419622563284,48901.69417135768,49868.0,,50863.419622563284,44632.136082709665,49877.70459797365,51235.54609245464,50314.95032509378
store_21,2015-03-23,2015-01-26,41317.0,55951.0,50952.25,55879.67289719626,40858.62809998877,48901.69417135768,40141.0,,40858.62809998877,41812.03502407753,43300.44075711548,44784.45967318646,41707.369538030915
store_21,2015-03-02,2015-02-23,55132.0,46654.0,49623.166666666664,46561.64864864865,55806.51490563248,48930.718672532166,51760.0,,55806.51490563248,42762.29269906857,52165.744526054885,52232.60682047421,53721.47557861917
store_21,2015-03-09,2015-02-23,42356.0,46654.0,49623.166666666664,46469.2972972973,41730.16662058774,48930.718672532166,42426.0,,41730.16662058774,39404.764179583406,44362.295097706636,44101.44989049902,42880.42510731647
store_21,2015-03-16,2015-02-23,52110.0,46654.0,49623.166666666664,46376.94594594595,51445.560386098776,48930.718672532166,49868.0,,51445.560386098776,41842.62738160622,50081.42635287698,49920.22373574411,50654.496896974735
store_21,2015-03-23,2015-02-23,41317.0,46654.0,49623.166666666664,46284.59459459459,41425.21925506529,48930.718672532166,40141.0,,41425.21925506529,39008.385598408386,43498.97930919915,43456.07971829821,42037.94844488321
store_21,2015-03-30,2015-02-23,57461.0,46654.0,49623.166666666664,46192.24324324324,54850.911425178376,48930.718672532166,56382.0,,54850.911425178376,43233.291429660065,53387.87669923685,52802.019798268746,54518.75546872479
store_21,2015-04-06,2015-02-23,36999.0,46654.0,49623.166666666664,46099.89189189189,34686.49588496792,48930.718672532166,43490.0,,34686.49588496792,38497.75330229409,42369.0715191667,41261.86065732424,39128.65067108778
store_21,2015-04-13,2015-02-23,52457.0,46654.0,49623.166666666664,46007.54054054054,51642.88445507534,48930.718672532166,50819.0,,51642.88445507534,41953.9014764021,50464.20104253583,50185.35367835572,51045.73420571301
store_21,2015-04-20,2015-02-23,39484.0,46654.0,49623.166666666664,45915.18918918919,41157.48452862378,48930.718672532166,34479.0,,41157.48452862378,38108.50843671597,41522.40106705198,42074.4806736654,40231.75109088643
store_21,2015-03-30,2015-03-23,57461.0,41317.0,49109.083333333336,41181.45217391304,54853.567890281614,48897.60126579444,56382.0,,54853.567890281614,41677.243523331774,53377.72305202535,51957.15468077337,54515.930761679185
store_21,2015-04-06,2015-03-23,36999.0,41317.0,49109.083333333336,41045.90434782609,34704.786912797565,48897.60126579444,43490.0,,34704.786912797565,36937.76797996448,42364.129392864,40420.471515864396,39134.84262332141
store_21,2015-04-13,2015-03-23,52457.0,41317.0,49109.083333333336,40910.35652173913,51652.21512696716,48897.60126579444,50819.0,,51652.21512696716,40386.465178262006,50456.27213092053,49336.81104637373,51046.75860206894
store_21,2015-04-20,2015-03-23,39484.0,41317.0,49109.083333333336,40774.80869565217,41154.22872060506,48897.60126579444,34479.0,,41154.22872060506,36533.103145055,41510.27666213317,41217.21740780014,40225.51669767055
store_21,2015-04-27,2015-03-23,53955.0,41317.0,49109.083333333336,40639.260869565216,51458.48379597303,48897.60126579444,53416.0,,51458.48379597303,40691.06132352371,51257.36168725582,49800.251045175806,51692.661297193496
store_21,2015-05-04,2015-03-23,56843.0,41317.0,49109.083333333336,40503.71304347826,58345.26192678015,48897.60126579444,56961.0,,58345.26192678015,42161.95136705517,54734.621064191524,53541.30363147028,56698.55023147396
store_21,2015-05-11,2015-03-23,40860.0,41317.0,49109.083333333336,40368.1652173913,39674.10302292312,48897.60126579444,40459.0,,39674.10302292312,37117.8504056346,43010.23476290585,41854.000235369174,41116.47084349678
store_21,2015-05-18,2015-03-23,54325.0,41317.0,49109.083333333336,40232.617391304346,54871.739803835495,48897.60126579444,51780.0,,54871.739803835495,40886.863113466796,51849.780356543306,50886.84659845439,53183.85633442926
store_21,2015-04-27,2015-04-20,53955.0,39484.0,48005.833333333336,39337.60504201681,51526.23452519487,48818.141796388954,53416.0,,51526.23452519487,40083.97352813342,51253.458773861275,49473.797379274045,51721.28083257374
store_21,2015-05-04,2015-04-20,56843.0,39484.0,48005.833333333336,39191.21008403361,58375.495013281616,48818.141796388954,56961.0,,58375.495013281616,41547.954318148215,54718.21226989019,53197.811643275745,56705.53284567582
store_21,2015-05-11,2015-04-20,40860.0,39484.0,48005.833333333336,39044.815126050424,39699.31702374179,48818.141796388954,40459.0,,39699.31702374179,36501.586754216354,42992.152940043576,41507.515196993554,41120.558884547674
store_21,2015-05-18,2015-04-20,54325.0,39484.0,48005.833333333336,38898.42016806723,54882.80329186599,48818.141796388954,51780.0,,54882.80329186599,40267.028369950785,51826.98169608498,50533.42207688175,53179.78358744468
store_21,2015-05-25,2015-04-20,41506.0,39484.0,48005.833333333336,38752.02521008404,39969.61660622118,48818.141796388954,41170.0,,39969.61660622118,36599.94527800393,43319.25280087004,41757.53414725973,41483.866262524694
store_21,2015-06-01,2015-04-20,51582.0,39484.0,48005.833333333336,38605.63025210084,50382.98911495847,48818.141796388954,58728.0,,50382.98911495847,40574.9420709688,52643.04363711581,50085.42435931394,52611.64077966169
store_21,2015-06-08,2015-04-20,44890.0,39484.0,48005.833333333336,38459.23529411765,43611.62847952837,48818.141796388954,36986.0,,43611.62847952837,36480.69127190976,43138.59009197244,42394.59573855073,42363.6526251631
store_21,2015-06-15,2015-04-20,54762.0,39484.0,48005.833333333336,38312.84033613445,52075.21596884426,48818.141796388954,48173.0,,52075.21596884426,39267.00449067157,49688.785921744406,48486.99212352395,50508.33055384559
store_21,2015-05-25,2015-05-18,41506.0,54325.0,48608.25,54304.0243902439,39981.70841538383,48898.85244017052,41170.0,,39981.70841538383,41041.11932082832,43350.18695185145,44156.51013586327,41501.457572837506
store_21,2015-06-01,2015-05-18,51582.0,54325.0,48608.25,54283.04878048781,50674.94138795864,48898.85244017052,58728.0,,50674.94138795864,45074.013229802425,52767.26460937639,52614.877072429015,52790.63132398633
store_21,2015-06-08,2015-05-18,44890.0,54325.0,48608.25,54262.07317073171,43357.2680769204,48898.85244017052,36986.0,,43357.2680769204,40919.634812546086,43080.7068390303,44697.46850620088,42227.57741791627
store_21,2015-06-15,2015-05-18,54762.0,54325.0,48608.25,54241.09756097561,51833.75638563697,48898.85244017052,48173.0,,51833.75638563697,43725.70805525473,49635.20294193583,50804.96662089378,50379.69541991546
store_21,2015-06-22,2015-05-18,44165.0,54325.0,48608.25,54220.12195121951,41403.21276371847,48898.85244017052,39390.0,,41403.21276371847,40977.91959358693,43230.68840129633,44375.34008015514,41801.97353795429
store_21,2015-06-29,2015-05-18,58377.0,54325.0,48608.25,54199.14634146341,55976.16573953674,48898.85244017052,60941.0,,55976.16573953674,46135.48778873867,55272.006059902415,55383.40264441644,56493.52229745084
store_21,2015-07-06,2015-05-18,42947.0,54325.0,48608.25,54178.170731707316,42930.659814294275,48898.85244017052,43085.0,,42930.659814294275,41717.990426596014,44971.5040848216,45840.09167262748,43760.82521883771
store_21,2015-07-13,2015-05-18,51575.0,54325.0,48608.25,54157.19512195122,51128.09725996545,48898.85244017052,49546.0,,51128.09725996545,43809.05640315531,49857.64990004532,50793.78738317332,50373.281615035914
store_22,2015-02-02,2015-01-26,70869.0,68061.0,60808.416666666664,68105.97196261682,71992.95023581429,59998.44690684327,69063.0,,71992.95023581429,56861.39796742015,67288.12230082697,68702.1566550343,69978.64759047862
store_22,2015-02-09,2015-01-26,45281.0,68061.0,60808.416666666664,68150.94392523365,46611.9257111825,60099.4551741878,43336.0,,46611.9257111825,49581.10592532437,50252.114125949716,52441.07571556206,47840.97000409507
store_22,2015-02-16,2015-01-26,64468.0,68061.0,60808.416666666664,68195.91588785047,63302.50822874825,60200.46344153233,60884.0,,63302.50822874825,54493.186317828244,61664.9749651383,63244.555230991566,62518.287035173504
store_22,2015-02-23,2015-01-26,46871.0,68061.0,60808.416666666664,68240.88785046729,46681.66460205557,60301.47170887686,42789.0,,46681.66460205557,49554.634404009485,50093.027089574076,52426.487200712574,47784.55348433527
store_22,2015-03-02,2015-01-26,71737.0,68061.0,60808.416666666664,68285.85981308411,69056.77395063321,60402.47997622138,65480.0,,69056.77395063321,56013.50434380076,65115.06353909995,66788.55597209184,67302.49759752917
store_22,2015-03-09,2015-01-26,49826.0,68061.0,60808.416666666664,68330.83177570094,48292.53534160589,60503.48824356591,41963.0,,48292.53534160589,49708.467432505626,50354.65066942418,53143.17446050269,48722.86635440237
store_22,2015-03-16,2015-01-26,68884.0,68061.0,60808.416666666664,68375.80373831776,66354.52409155537,60604.49651091044,61093.0,,66354.52409155537,55042.463001064316,62751.98025274067,64852.78856133472,64632.767226621596
store_22,2015-03-23,2015-01-26,46289.0,68061.0,60808.416666666664,68420.77570093458,47112.85416182048,60705.50477825497,45281.0,,47112.85416182048,50055.650186810955,51067.423609495716,53043.48506153759,48550.69001671099
store_22,2015-03-02,2015-02-23,71737.0,46871.0,58767.833333333336,46723.45045045045,69038.18553638269,60006.01071280627,65480.0,,69038.18553638269,49555.21143328182,64428.672956572,62932.29511766615,67023.82261211061
store_22,2015-03-09,2015-02-23,49826.0,46871.0,58767.833333333336,46575.9009009009,48275.13304846456,60101.38052974456,41963.0,,48275.13304846456,43222.03540177762,49668.65546059929,49270.841060204446,48444.99771334657
store_22,2015-03-16,2015-02-23,68884.0,46871.0,58767.833333333336,46428.35135135135,66336.66160934967,60196.75034668285,61093.0,,66336.66160934967,48527.6566629596,62065.831647561,60963.55984332625,64354.585741577954
store_22,2015-03-23,2015-02-23,46289.0,46871.0,58767.833333333336,46280.801801801805,47093.5138893796,60292.12016362114,45281.0,,47093.5138893796,43512.32416973369,50380.78240757098,49136.85246212369,48271.50390590337
store_22,2015-03-30,2015-02-23,78487.0,46871.0,58767.833333333336,46133.252252252256,73272.22402554323,60387.48998055943,67344.0,,73272.22402554323,50396.5427988126,66461.35245295885,65295.54034444175,70255.99673898573
store_22,2015-04-06,2015-02-23,40404.0,46871.0,58767.833333333336,45985.7027027027,40882.976439663194,60482.859797497724,45188.0,,40882.976439663194,42596.91032474242,48279.603257665505,46013.60783235882,44031.82750147903
store_22,2015-04-13,2015-02-23,77450.0,46871.0,58767.833333333336,45838.15315315315,74623.47029029057,60578.229614436015,62871.0,,74623.47029029057,49935.66948445901,65420.7678745413,65340.24635505917,70325.57508741056
store_22,2015-04-20,2015-02-23,50561.0,46871.0,58767.833333333336,45690.6036036036,50517.92527287965,60673.59943137431,33393.0,,50517.92527287965,42273.4230915987,47559.58620207099,49176.532069005945,48343.01130285936
store_22,2015-03-30,2015-03-23,78487.0,46289.0,59214.583333333336,46141.52173913043,73415.94887573684,60163.11354375675,67344.0,,73415.94887573684,50366.88107027962,66658.1774030234,65339.74430450662,70411.94764697154
store_22,2015-04-06,2015-03-23,40404.0,46289.0,59214.583333333336,45994.04347826087,40933.53923795509,60244.24775782253,45188.0,,40933.53923795509,42551.916258195975,48445.37419042947,46009.89469470683,44124.44533597613
store_22,2015-04-13,2015-03-23,77450.0,46289.0,59214.583333333336,45846.565217391304,74755.27589830669,60325.3819718883,62871.0,,74755.27589830669,49900.258060131375,65613.61974388,65375.777950312775,70473.42310129573
store_22,2015-04-20,2015-03-23,50561.0,46289.0,59214.583333333336,45699.086956521736,50698.6409581424,60406.51618595408,33393.0,,50698.6409581424,42242.97534770736,47768.74143049191,49235.14955775264,48524.1091803249
store_22,2015-04-27,2015-03-23,74792.0,46289.0,59214.583333333336,45551.608695652176,70781.74073589093,60487.650400019855,64203.0,,70781.74073589093,49503.94045212804,64733.108023074754,63566.64128502349,68024.97657907526
store_22,2015-05-04,2015-03-23,83485.0,46289.0,59214.583333333336,45404.13043478261,79147.15065751394,60568.784614085635,66980.0,,79147.15065751394,51086.23557710221,68447.24466361575,68130.31865364702,74239.02065633914
store_22,2015-05-11,2015-03-23,50106.0,46289.0,59214.583333333336,45256.65217391304,47833.062094677676,60649.91882815141,43180.0,,47833.062094677676,43203.31663286792,50075.88180933701,49154.95546299221,48433.714080040096
store_22,2015-05-18,2015-03-23,75325.0,46289.0,59214.583333333336,45109.17391304348,72427.19551930088,60731.05304221719,60093.0,,72427.19551930088,49123.42940112784,63911.59295087807,63801.74017803111,68363.4637311716
store_22,2015-04-27,2015-04-20,74792.0,50561.0,59260.583333333336,50454.378151260506,70987.21788298323,60844.55509129655,64203.0,,70987.21788298323,50901.5334941248,64816.93373877219,64482.954967639555,68170.66046295376
store_22,2015-05-04,2015-04-20,83485.0,50561.0,59260.583333333336,50347.75630252101,79603.35801304311,60940.665955303164,66980.0,,79603.35801304311,52527.623372028655,68614.6471154588,69176.79583685558,74555.15500145823
store_22,2015-05-11,2015-04-20,50106.0,50561.0,59260.583333333336,50241.13445378151,48032.914971627426,61036.77681930979,43180.0,,48032.914971627426,44616.058511150295,50157.83276832025,50078.171848933176,48575.574493879154
store_22,2015-05-18,2015-04-20,75325.0,50561.0,59260.583333333336,50134.512605042015,72890.89752780001,61132.8876833164,60093.0,,72890.89752780001,50581.84016421311,64081.493620377776,64861.67647213041,68684.69306290413
store_22,2015-05-25,2015-04-20,51554.0,50561.0,59260.583333333336,50027.89075630252,49184.30326690817,61228.99854732302,44803.0,,49184.30326690817,45009.39655769529,51082.62886674717,50880.623250016826,49666.3687897159
store_22,2015-06-01,2015-04-20,77831.0,50561.0,59260.583333333336,49921.268907563026,70795.57989909711,61325.109411329635,71639.0,,70795.57989909711,51928.93450733187,67231.7210774768,65426.17637258493,69451.81008234558
store_22,2015-06-08,2015-04-20,56282.0,50561.0,59260.583333333336,49814.64705882353,54814.68935738813,61421.22027533625,42173.0,,54814.68935738813,45435.02000355446,52082.75756357382,53328.07143709858,52994.79587191087
store_22,2015-06-15,2015-04-20,82498.0,50561.0,59260.583333333336,49708.02521008404,76003.15829308411,61517.331139342874,62464.0,,76003.15829308411,51359.156853692046,65909.24720880581,66749.03628095558,71250.49824649682
store_22,2015-05-25,2015-05-18,51554.0,75325.0,63945.5,75423.17886178862,50324.398521005656,62194.27445398267,44803.0,,50324.398521005656,53145.050262396704,53024.29950700188,56231.18696435479,51052.21367596844
store_22,2015-06-01,2015-05-18,77831.0,75325.0,63945.5,75521.35772357724,71811.84939136004,62302.945516914566,71639.0,,71811.84939136004,60077.950375978835,69132.11646378668,70733.21292477264,70753.47620789053
store_22,2015-06-08,2015-05-18,56282.0,75325.0,63945.5,75619.53658536586,56053.220049889256,62411.61657984646,42173.0,,56053.220049889256,53646.83903072879,54057.240016629745,58764.54374163044,54447.55876530313
store_22,2015-06-15,2015-05-18,82498.0,75325.0,63945.5,75717.71544715448,77433.19657559472,62520.28764277835,62464.0,,77433.19657559472,59629.385666503935,67947.56552519824,72299.57469193528,72833.45110483865
store_22,2015-06-22,2015-05-18,56377.0,75325.0,63945.5,75815.89430894308,53415.69051677784,62628.95870571024,45819.0,,53415.69051677784,53850.006218775874,54393.39683892594,57992.41947577753,53346.57120539059
store_22,2015-06-29,2015-05-18,88120.0,75325.0,63945.5,75914.0731707317,76961.31173113346,62737.62976864214,77716.0,,76961.31173113346,61799.930667215325,72874.27057704449,74229.25843892674,75407.64044706072
store_22,2015-07-06,2015-05-18,58449.0,75325.0,63945.5,76012.25203252032,52197.49621793177,62846.30083157403,49048.0,,52197.49621793177,54196.36415457516,55063.665405977255,57871.44464657785,53131.31992209325
store_22,2015-07-13,2015-05-18,75304.0,75325.0,63945.5,76110.43089430894,71604.88365761354,62954.97189450592,66290.0,,71604.88365761354,59461.54092091834,67280.12788587117,69995.18579980991,69597.48308777093
store_23,2015-02-02,2015-01-26,39534.0,41557.0,36099.583333333336,41570.36448598131,42004.265524862625,34482.11619171696,44306.0,,42004.265524862625,34288.47564798489,40264.12723885986,41466.065840234434,41999.22806138244
store_23,2015-02-09,2015-01-26,28229.0,41557.0,36099.583333333336,41583.72897196261,29804.420786675735,34482.11619171696,28018.0,,29804.420786675735,30220.692754812662,30768.178992797562,31929.830723863743,29686.866384703604
store_23,2015-02-16,2015-01-26,40518.0,41557.0,36099.583333333336,41597.09345794393,40550.639628378514,34482.11619171696,40230.0,,40550.639628378514,33502.34751591039,38420.91860669849,39769.4468980478,39806.432630131385
store_23,2015-02-23,2015-01-26,28938.0,41557.0,36099.583333333336,41610.457943925234,28098.04668315939,34482.11619171696,28934.0,,28098.04668315939,30111.60059316213,30504.720958292113,31438.777163673934,29050.435318117667
store_23,2015-03-02,2015-01-26,43897.0,41557.0,36099.583333333336,41623.82242990654,45662.29531129142,34482.11619171696,44082.0,,45662.29531129142,34786.688180892605,41408.803834336126,42984.77419707381,43954.8760940382
store_23,2015-03-09,2015-01-26,27334.0,41557.0,36099.583333333336,41637.18691588785,27101.96556829205,34482.11619171696,26976.0,,27101.96556829205,29693.407429890027,29520.027253336335,30496.64473797305,27831.66912278725
store_23,2015-03-16,2015-01-26,40289.0,41557.0,36099.583333333336,41650.55140186916,41801.33586872395,34482.11619171696,40702.0,,41801.33586872395,33756.083827949056,38995.150686813635,40435.67114940303,40661.538209402024
store_23,2015-03-23,2015-01-26,27522.0,41557.0,36099.583333333336,41663.91588785047,25920.99155163519,34482.11619171696,23562.0,,25920.99155163519,29040.800994933707,27988.36924778405,29091.624468646216,26015.322609197498
store_23,2015-03-02,2015-02-23,43897.0,28938.0,34579.416666666664,28837.1981981982,45673.53767889537,34466.3465572255,44082.0,,45673.53767889537,30939.499871569387,41407.29474537363,41015.5096455438,43959.46976773919
store_23,2015-03-09,2015-02-23,27334.0,28938.0,34579.416666666664,28736.396396396398,27102.861699043006,34466.3465572255,26976.0,,27102.861699043006,25828.431617047365,29515.069418756168,28514.692945886847,27830.516172846408
store_23,2015-03-16,2015-02-23,40289.0,28938.0,34579.416666666664,28635.594594594593,41809.15664618795,34466.3465572255,40702.0,,41809.15664618795,29875.787780667815,38992.50106780448,38448.46272535342,40664.23142489098
store_23,2015-03-23,2015-02-23,27522.0,28938.0,34579.416666666664,28534.792792792792,25937.77363661046,34466.3465572255,23562.0,,25937.77363661046,25145.475664756486,27988.706731278653,27100.035663646642,26022.99321524282
store_23,2015-03-30,2015-02-23,45209.0,28938.0,34579.416666666664,28433.99099099099,44308.41320936552,34466.3465572255,44347.0,,44308.41320936552,30724.738203464094,41040.58658886367,40468.86259875436,43291.30871996938
store_23,2015-04-06,2015-02-23,24383.0,28938.0,34579.416666666664,28333.18918918919,21485.779850580388,34466.3465572255,25780.0,,21485.779850580388,24797.533180523104,27244.04213593529,25754.03167187258,24304.100485741445
store_23,2015-04-13,2015-02-23,41656.0,28938.0,34579.416666666664,28232.38738738739,38769.30539155816,34466.3465572255,40057.0,,38769.30539155816,29291.779428976814,37764.217316261216,36941.695501843686,38756.57158994767
store_23,2015-04-20,2015-02-23,28939.0,28938.0,34579.416666666664,28131.585585585584,28946.338128277173,34466.3465572255,24260.0,,28946.338128277173,25617.3838482507,29224.22822850089,28549.121848862917,27931.289761607713
store_23,2015-03-30,2015-03-23,45209.0,27522.0,34940.666666666664,27412.391304347828,44309.17609045891,34482.156342796596,44347.0,,44309.17609045891,30430.484343467142,41046.110811085164,40321.2450532365,43293.387339813264
store_23,2015-04-06,2015-03-23,24383.0,27522.0,34940.666666666664,27302.782608695652,21496.166770087497,34482.156342796596,25780.0,,21496.166770087497,24503.39605546377,27252.77437096136,25609.91943965262,24311.5245976192
store_23,2015-04-13,2015-03-23,41656.0,27522.0,34940.666666666664,27193.17391304348,38771.541872028516,34482.156342796596,40057.0,,38771.541872028516,28995.219827790752,37770.23273827504,36793.441308572845,38759.46869298874
store_23,2015-04-20,2015-03-23,28939.0,27522.0,34940.666666666664,27083.565217391304,28935.064441004546,34482.156342796596,24260.0,,28935.064441004546,25317.636095408445,29225.740261267045,28394.4197299374,27926.68289480351
store_23,2015-04-27,2015-03-23,43439.0,27522.0,34940.666666666664,26973.956521739132,42060.840368357676,34482.156342796596,43177.0,,42060.840368357676,29879.51712850858,39906.66557038475,39014.25397919796,41646.91587873745
store_23,2015-05-04,2015-03-23,45438.0,27522.0,34940.666666666664,26864.347826086956,44309.47602283665,34482.156342796596,43504.0,,44309.47602283665,30231.806694055264,40765.21078854441,40059.8912126477,43007.0236648078
store_23,2015-05-11,2015-03-23,27700.0,27522.0,34940.666666666664,26754.739130434784,27068.364152123206,34482.156342796596,27271.0,,27068.364152123206,25434.132327431606,29607.173498306598,28360.315440870192,27913.278646522922
store_23,2015-05-18,2015-03-23,42525.0,27522.0,34940.666666666664,26645.130434782608,42097.44524534391,34482.156342796596,40498.0,,42097.44524534391,29455.05695565568,39025.867196046835,38300.947005746,40756.67253890098
store_23,2015-04-27,2015-04-20,43439.0,28939.0,34704.0,28844.983193277312,42925.55617090842,34496.84023725802,43177.0,,42925.55617090842,30441.054228777677,40199.79880272214,39607.97525357726,42128.74312806874
store_23,2015-05-04,2015-04-20,45438.0,28939.0,34704.0,28750.96638655462,43805.65969676141,34496.84023725802,43504.0,,43805.65969676141,30600.06661722486,40602.16664467314,40065.941309008114,42728.72535383026
store_23,2015-05-11,2015-04-20,27700.0,28939.0,34704.0,28656.949579831933,27400.825428870045,34496.84023725802,27271.0,,27400.825428870045,25924.087892279997,29722.88855537602,28727.289610478052,28099.475080040036
store_23,2015-05-18,2015-04-20,42525.0,28939.0,34704.0,28562.932773109245,42425.90618429397,34496.84023725802,40498.0,,42425.90618429397,29946.668456380175,39140.24880718399,38667.324863034344,40940.64705965069
store_23,2015-05-25,2015-04-20,29860.0,28939.0,34704.0,28468.915966386554,29181.960080886336,34496.84023725802,26707.0,,29181.960080886336,26071.102326361557,30128.600106048114,29331.54719222253,28897.07302557699
store_23,2015-06-01,2015-04-20,43551.0,28939.0,34704.0,28374.899159663866,42767.45941427153,34496.84023725802,40989.0,,42767.45941427153,30038.742687313345,39417.76655050985,38929.981607204114,41297.24414494361
store_23,2015-06-08,2015-04-20,29421.0,28939.0,34704.0,28280.882352941175,27088.01706373556,34496.84023725802,24408.0,,27088.01706373556,25416.67709341925,28664.285766997855,27811.799440353218,26952.61627962991
store_23,2015-06-15,2015-04-20,45672.0,28939.0,34704.0,28186.865546218487,41462.95321205108,34496.84023725802,35726.0,,41462.95321205108,29073.665570789653,37228.59781643636,36969.51030642655,38783.82080752604
store_23,2015-05-25,2015-05-18,29860.0,42525.0,36527.583333333336,42544.49593495935,29240.528785780218,34664.1181682848,26707.0,,29240.528785780218,30315.53231747967,30203.88231802167,31531.48977826955,28947.11376067576
store_23,2015-06-01,2015-05-18,43551.0,42525.0,36527.583333333336,42563.9918699187,42852.753616900554,34664.1181682848,40989.0,,42852.753616900554,34303.20671263391,39501.95726172845,41149.61128508916,41362.129057621794
store_23,2015-06-08,2015-05-18,29421.0,42525.0,36527.583333333336,42583.48780487805,27093.395375684937,34664.1181682848,24408.0,,27093.395375684937,29685.940668883017,28721.83784798991,30005.234920096547,26973.113406365916
store_23,2015-06-15,2015-05-18,45672.0,42525.0,36527.583333333336,42602.9837398374,41495.09303617592,34664.1181682848,35726.0,,41495.09303617592,33362.96832537592,37295.070401486904,39182.6483728266,38819.182115388365
store_23,2015-06-22,2015-05-18,29964.0,42525.0,36527.583333333336,42622.47967479675,28668.646353123288,34664.1181682848,26792.0,,28668.646353123288,30257.11821850545,30041.588173802695,31313.448355181215,28658.36331776335
store_23,2015-06-29,2015-05-18,45073.0,42525.0,36527.583333333336,42641.9756097561,41179.16325326483,34664.1181682848,42780.0,,41179.16325326483,34331.12005209129,39541.093807183206,40906.73247120317,41041.31396643232
store_23,2015-07-06,2015-05-18,30014.0,42525.0,36527.583333333336,42661.471544715445,29942.419391480267,34664.1181682848,27419.0,,29942.419391480267,30534.227491116264,30675.179186588353,32029.366400222727,29578.96997365213
store_23,2015-07-13,2015-05-18,43200.0,42525.0,36527.583333333336,42680.96747967479,40890.12637667064,34664.1181682848,42135.0,,40890.12637667064,34203.25647970908,39229.74818165181,40615.3729891319,40661.5424993779
store_24,2015-02-02,2015-01-26,34075.0,34402.0,29234.916666666668,34433.009345794395,35133.20222165493,29988.87494788518,37884.0,,35133.20222165493,28725.14331171445,34335.35905651337,34532.358848549324,35177.149816587
store_24,2015-02-09,2015-01-26,22436.0,34402.0,29234.916666666668,34464.01869158878,24833.006126997425,30036.01980699366,23091.0,,24833.006126997425,25151.56589889236,25986.67531133036,26696.860650168233,25048.596089056795
store_24,2015-02-16,2015-01-26,30510.0,34402.0,29234.916666666668,34495.02803738318,30787.747193132178,30083.164666102137,32374.0,,30787.747193132178,27339.55093761202,31081.637286411435,31378.57839596579,31096.13524481128
store_24,2015-02-23,2015-01-26,23646.0,34402.0,29234.916666666668,34526.03738317757,24416.715674296676,30130.309525210618,24538.0,,24416.715674296676,25321.139892764506,26361.67506650243,26788.771206833622,25162.01256889762
store_24,2015-03-02,2015-01-26,36511.0,34402.0,29234.916666666668,34557.04672897196,37592.34163908304,30177.454384319095,36638.0,,37592.34163908304,28943.108488434395,34802.59867446738,35506.94217886856,36425.89077303421
store_24,2015-03-09,2015-01-26,21980.0,34402.0,29234.916666666668,34588.056074766355,23248.032004949164,30224.599243427576,21304.0,,23248.032004949164,24714.514855687106,24925.543749458913,25611.34205159359,23635.05173386332
store_24,2015-03-16,2015-01-26,31417.0,34402.0,29234.916666666668,34619.06542056075,31971.998104575483,30271.744102536053,30822.0,,31971.998104575483,27331.67489919128,31021.91406903718,31677.52078644413,31471.740302081253
store_24,2015-03-23,2015-01-26,20844.0,34402.0,29234.916666666668,34650.07476635514,22445.095038138264,30318.888961644534,20324.0,,22445.095038138264,24482.139347543514,24362.66133326093,25046.79656253491,22900.125098367484
store_24,2015-03-02,2015-02-23,36511.0,23646.0,27811.083333333332,23578.99099099099,37355.303268271346,28624.815426850102,36638.0,,37355.303268271346,25379.170431349394,34206.03956504048,33645.85515575102,36083.48202048715
store_24,2015-03-09,2015-02-23,21980.0,23646.0,27811.083333333332,23511.981981981982,22908.993640225584,28575.332729054135,21304.0,,22908.993640225584,21108.198812085004,24262.77545642657,23685.023049600688,23216.81485276166
store_24,2015-03-16,2015-02-23,31417.0,23646.0,27811.083333333332,23444.972972972973,31624.909352927847,28525.85003125817,30822.0,,31624.909352927847,23696.4022414989,30324.253128062002,29731.397158642805,31036.38140454528
store_24,2015-03-23,2015-02-23,20844.0,23646.0,27811.083333333332,23377.963963963964,22084.21231620179,28476.367333462204,20324.0,,22084.21231620179,20817.089563851612,23628.19321655466,23078.091120198715,22444.05520239082
store_24,2015-03-30,2015-02-23,36229.0,23646.0,27811.083333333332,23310.954954954956,34186.14009111483,28426.884635666236,37490.0,,34186.14009111483,24981.580430724192,33367.674908927016,32241.199698750646,34291.40129366324
store_24,2015-04-06,2015-02-23,21175.0,23646.0,27811.083333333332,23243.945945945947,21304.09304641831,28377.40193787027,21518.0,,21304.09304641831,20842.93203765255,23733.164994762858,22913.313202087837,22242.694526620875
store_24,2015-04-13,2015-02-23,44815.0,23646.0,27811.083333333332,23176.936936936938,46384.14196695179,28327.9192400743,31859.0,,46384.14196695179,25886.440211042336,35523.687069008694,37031.427865943806,40493.43247679907
store_24,2015-04-20,2015-02-23,34363.0,23646.0,27811.083333333332,23109.92792792793,39610.16786676178,28278.436542278338,18954.0,,39610.16786676178,23058.516524328767,28947.534803013372,31250.280126884518,33028.20304462063
store_24,2015-03-30,2015-03-23,36229.0,20844.0,28134.333333333332,20754.956521739132,33521.251432397505,28030.43132308096,37490.0,,33521.251432397505,24110.710372935846,33013.894251826154,31549.18615461104,33826.32299901356
store_24,2015-04-06,2015-03-23,21175.0,20844.0,28134.333333333332,20665.91304347826,20543.467218802758,27968.958749304584,21518.0,,20543.467218802758,19953.524620702705,23343.475322702445,22172.37330973764,21716.292764257047
store_24,2015-04-13,2015-03-23,44815.0,20844.0,28134.333333333332,20576.869565217392,45564.836149660274,27907.486175528207,31859.0,,45564.836149660274,24983.789317677027,35110.44077506282,36259.47984365096,39928.86309577714
store_24,2015-04-20,2015-03-23,34363.0,20844.0,28134.333333333332,20487.82608695652,38636.38149302603,27846.013601751834,18954.0,,38636.38149302603,22128.936359295385,28478.798364925955,30401.00162897747,32365.603327104927
store_24,2015-04-27,2015-03-23,51902.0,20844.0,28134.333333333332,20398.782608695652,52924.92205503088,27784.541027975458,36559.0,,52924.92205503088,26663.654146433615,39089.48769433545,40703.69030442322,45687.54182318059
store_24,2015-05-04,2015-03-23,52485.0,20844.0,28134.333333333332,20309.739130434784,56103.737816838824,27723.06845419908,37341.0,,56103.737816838824,27207.982676400858,40389.268757012636,42380.10930147969,47861.68673830562
store_24,2015-05-11,2015-03-23,35175.0,20844.0,28134.333333333332,20220.695652173912,39578.276283084895,27661.595880422705,22442.0,,39578.276283084895,22697.271592716406,29893.957387835864,31495.46285205004,33803.071726501854
store_24,2015-05-18,2015-03-23,42938.0,20844.0,28134.333333333332,20131.652173913044,44553.101589611135,27600.12330664633,30966.0,,44553.101589611135,24604.17291478626,34373.07496541915,35537.98832768383,39034.95394838067
store_24,2015-04-27,2015-04-20,51902.0,34363.0,29833.416666666668,34390.554621848736,51435.61466591672,30471.515650506564,36559.0,,51435.61466591672,31007.58594356267,39488.71010547443,42254.585458723675,45093.158420035914
store_24,2015-05-04,2015-04-20,52485.0,34363.0,29833.416666666668,34418.10924369748,54573.16271581213,30517.703197905405,37341.0,,54573.16271581213,31578.05597486881,40810.621971239176,43929.27326218526,47254.98861605559
store_24,2015-05-11,2015-04-20,35175.0,34363.0,29833.416666666668,34445.663865546216,38120.23265262667,30563.89074530424,22442.0,,38120.23265262667,27109.74341859197,30375.374465976965,33097.920816253514,33255.16836372885
store_24,2015-05-18,2015-04-20,42938.0,34363.0,29833.416666666668,34473.21848739496,43599.678212156774,30610.07829270308,30966.0,,43599.678212156774,29120.77023698878,35058.58550161995,37402.667722601625,38815.84384024452
store_24,2015-05-25,2015-04-20,22844.0,34363.0,29833.416666666668,34500.773109243695,22322.135794723006,30656.265840101918,22196.0,,22322.135794723006,24838.798772962182,25058.133878274974,25424.125923105894,23333.50210544734
store_24,2015-06-01,2015-04-20,29837.0,34363.0,29833.416666666668,34528.32773109244,29298.411894400313,30702.45338750076,36330.0,,29298.411894400313,27865.08709709431,32110.28842730036,31537.883855203134,31231.976219447817
store_24,2015-06-08,2015-04-20,20786.0,34363.0,29833.416666666668,34555.882352941175,19791.402257415262,30748.640934899595,18992.0,,19791.402257415262,24040.620315988956,23177.347730771617,23593.26222949481,20962.700050183863
store_24,2015-06-15,2015-04-20,32605.0,34363.0,29833.416666666668,34583.43697478992,30894.065223891594,30794.828482298435,31249.0,,30894.065223891594,27388.24962109237,30979.297902063343,31339.143397603795,30970.379372469622
store_24,2015-05-25,2015-05-18,22844.0,42938.0,35819.5,43034.37398373984,21572.48932962268,32446.309266357235,22196.0,,21572.48932962268,28286.667511388536,25404.932865326635,26935.539365276534,23089.07082924313
store_24,2015-06-01,2015-05-18,29837.0,42938.0,35819.5,43130.74796747968,28667.0172408534,32515.327327659452,36330.0,,28667.0172408534,31342.941790856075,32504.11485617095,33113.288804204756,31064.293646990584
store_24,2015-06-08,2015-05-18,20786.0,42938.0,35819.5,43227.12195121951,19149.883504086087,32584.34538896167,18992.0,,19149.883504086087,27530.121549181036,23575.409631015915,25170.585218109038,20791.548170073165
store_24,2015-06-15,2015-05-18,32605.0,42938.0,35819.5,43323.49593495935,30281.33629119051,32653.363450263885,31249.0,,30281.33629119051,30894.95652520196,31394.566580484796,32937.20043218103,30820.07425209408
store_24,2015-06-22,2015-05-18,21519.0,42938.0,35819.5,43419.86991869919,19611.54803391313,32722.381511566102,22573.0,,19611.54803391313,28154.89992345406,24968.976515159746,26112.81222764348,21992.536205132677
store_24,2015-06-29,2015-05-18,36942.0,42938.0,35819.5,43516.243902439026,31655.586742499687,32791.39957286832,40178.0,,31655.586742499687,32414.104316829576,34874.995438456004,35355.25559431406,33928.28617644856
store_24,2015-07-06,2015-05-18,23247.0,42938.0,35819.5,43612.617886178865,21123.315579213337,32860.41763417053,21536.0,,21123.315579213337,28269.978728508962,25173.24440446129,26669.445903337517,22695.2190570593
store_24,2015-07-13,2015-05-18,30991.0,42938.0,35819.5,43708.9918699187,28797.19571740033,32929.435695472755,32173.0,,28797.19571740033,30909.44618325597,31299.87713762436,32450.836964353304,30158.224943759775
store_25,2015-02-02,2015-01-26,25505.0,28795.0,28220.0,28763.26168224299,26021.600624322644,26540.67398582503,32820.0,,26021.600624322644,24451.505184627236,26927.424870049224,27475.931792140796,26441.23234895787
store_25,2015-02-09,2015-01-26,18801.0,28795.0,28220.0,28731.52336448598,18927.419395412897,26540.67398582503,23512.0,,18927.419395412897,22103.80239224627,24562.697793745974,23162.167365874637,21617.273927243823
store_25,2015-02-16,2015-01-26,23210.0,28795.0,28220.0,28699.78504672897,22204.511366135506,26540.67398582503,29157.0,,22204.511366135506,23373.852914098497,25655.061783986843,25274.105499978938,23845.657288311173
store_25,2015-02-23,2015-01-26,22613.0,28795.0,28220.0,28668.046728971964,21126.005515982226,26540.67398582503,23554.0,,21126.005515982226,22414.81803296846,25295.55983393575,24230.86472510018,23112.286204201675
store_25,2015-03-02,2015-01-26,27688.0,28795.0,28220.0,28636.30841121495,27289.189364846326,26540.67398582503,30609.0,,27289.189364846326,24298.595965983757,27349.954450223784,27878.099690238625,27303.177537953114
store_25,2015-03-09,2015-01-26,22186.0,28795.0,28220.0,28604.570093457944,21684.603944009614,26540.67398582503,23426.0,,21684.603944009614,22467.26400332751,25481.75930994488,24485.158100407964,23492.126456979244
store_25,2015-03-16,2015-01-26,26763.0,28795.0,28220.0,28572.831775700935,27002.72863252459,26540.67398582503,30183.0,,27002.72863252459,24187.747770578648,27254.46753944987,27693.407395633272,27108.38766473385
store_25,2015-03-23,2015-01-26,22268.0,28795.0,28220.0,28541.093457943924,20789.414155504186,26540.67398582503,23616.0,,20789.414155504186,22357.454514181874,25183.362713776405,24060.587174264314,22883.40810316904
store_25,2015-03-02,2015-02-23,27688.0,22613.0,24831.5,22526.711711711712,27342.3869548254,23710.794960105664,30609.0,,27342.3869548254,21661.913375234682,25294.893971643687,26016.015950484016,26349.423065076935
store_25,2015-03-09,2015-02-23,22186.0,22613.0,24831.5,22440.423423423425,21748.07380592842,23710.794960105664,23426.0,,21748.07380592842,19824.256027065356,23430.12292201136,22622.90694103745,22545.357006212715
store_25,2015-03-16,2015-02-23,26763.0,22613.0,24831.5,22354.135135135137,27058.08112571647,23710.794960105664,30183.0,,27058.08112571647,21535.78731727961,25200.12536194071,25822.031866918744,26156.098500279597
store_25,2015-03-23,2015-02-23,22268.0,22613.0,24831.5,22267.846846846845,20859.618089963027,23710.794960105664,23616.0,,20859.618089963027,19699.822842416503,23133.971016689564,22191.274578892047,21941.217741221044
store_25,2015-03-30,2015-02-23,24298.0,22613.0,24831.5,22181.558558558558,24128.643389202378,23710.794960105664,32374.0,,24128.643389202378,21405.642415409515,24223.64611643601,24580.20565163433,24164.115862120256
store_25,2015-04-06,2015-02-23,23004.0,22613.0,24831.5,22095.27027027027,21924.67725242935,23710.794960105664,25922.0,,21924.67725242935,20156.74892611504,23488.99073751167,22905.596657085967,22665.44523846426
store_25,2015-04-13,2015-02-23,29898.0,22613.0,24831.5,22008.981981981982,28955.82253501856,23710.794960105664,31173.0,,28955.82253501856,21899.014211015172,25832.705831708074,26804.62235920033,27446.539970301812
store_25,2015-04-20,2015-02-23,22587.0,22613.0,24831.5,21922.693693693695,22210.070778230423,23710.794960105664,22073.0,,22210.070778230423,19623.00849028997,23584.121912778694,22674.510767794916,22859.50942400838
store_25,2015-03-30,2015-03-23,24298.0,22268.0,23813.583333333332,22181.71304347826,24137.359419909408,24168.38872439337,32374.0,,24137.359419909408,21277.57778873062,24039.777159212037,24496.327139176152,24093.72542492701
store_25,2015-04-06,2015-03-23,23004.0,22268.0,23813.583333333332,22095.426086956522,21950.066621705555,24168.38872439337,25922.0,,21950.066621705555,20031.066395198395,23310.679559810753,22829.83926996659,22606.392472161224
store_25,2015-04-13,2015-03-23,29898.0,22268.0,23813.583333333332,22009.13913043478,28977.52381030115,24168.38872439337,31173.0,,28977.52381030115,21772.804999780376,25653.165289342614,26727.06875693643,27384.979344175845
store_25,2015-04-20,2015-03-23,22587.0,22268.0,23813.583333333332,21922.852173913045,22268.212636757176,24168.38872439337,22073.0,,22268.212636757176,19502.005266913846,23416.728231494628,22614.706223249057,22822.72795882582
store_25,2015-04-27,2015-03-23,28368.0,22268.0,23813.583333333332,21836.565217391304,28014.246501915986,24168.38872439337,31969.0,,28014.246501915986,21724.25482529057,25332.07285321423,26314.68661162321,26729.962290862593
store_25,2015-05-04,2015-03-23,30553.0,22268.0,23813.583333333332,21750.278260869563,29211.0552756943,24168.38872439337,32084.0,,29211.0552756943,21899.329370612937,25731.00911114033,26900.00006085928,27543.7779486755
store_25,2015-05-11,2015-03-23,20439.0,22268.0,23813.583333333332,21663.991304347826,20632.64777648264,24168.38872439337,24762.0,,20632.64777648264,19615.515876936737,22871.539944736447,22040.668907371102,21710.563407710535
store_25,2015-05-18,2015-03-23,26962.0,22268.0,23813.583333333332,21577.704347826086,28043.39794872854,24168.38872439337,31563.0,,28043.39794872854,21633.43919346876,25341.79000215175,26267.035919888618,26749.78492617722
store_25,2015-04-27,2015-04-20,28368.0,22587.0,24068.416666666668,22506.29411764706,28018.30394719317,24653.28681443249,31969.0,,28018.30394719317,21971.757363705627,25580.00247609744,26497.36615665201,26853.16241009269
store_25,2015-05-04,2015-04-20,30553.0,22587.0,24068.416666666668,22425.58823529412,29230.266957666623,24653.28681443249,32084.0,,29230.266957666623,22149.79409629427,25983.99014625526,27090.58972262756,27677.282767682966
store_25,2015-05-11,2015-04-20,20439.0,22587.0,24068.416666666668,22344.882352941175,20646.207996866582,24653.28681443249,24762.0,,20646.207996866582,19865.970547272416,23122.637159321912,22229.03495912683,21840.225300403523
store_25,2015-05-18,2015-04-20,26962.0,22587.0,24068.416666666668,22264.176470588234,28065.807249990157,24653.28681443249,31563.0,,28065.807249990157,21885.955314525363,25595.8369103631,26460.241067872405,26885.464088072516
store_25,2015-05-25,2015-04-20,19834.0,22587.0,24068.416666666668,22183.470588235294,19775.016760702198,24653.28681443249,24966.0,,19775.016760702198,19747.598690005234,22832.240080600448,21808.156446218163,21247.82567527236
store_25,2015-06-01,2015-04-20,23783.0,22587.0,24068.416666666668,22102.764705882353,25258.88730657802,24653.28681443249,34048.0,,25258.88730657802,21816.90792765136,24660.196929225724,25306.166615344766,24976.79208447034
store_25,2015-06-08,2015-04-20,24799.0,22587.0,24068.416666666668,22022.058823529413,23192.00667249672,24653.28681443249,21111.0,,23192.00667249672,19661.966996732182,23971.23671786529,23102.868323048395,23571.33796372941
store_25,2015-06-15,2015-04-20,28071.0,22587.0,24068.416666666668,21941.352941176472,27345.959430699248,24653.28681443249,29269.0,,27345.959430699248,21409.28797899641,25355.887637266133,25868.204179177028,26395.976177040597
store_25,2015-05-25,2015-05-18,19834.0,26962.0,25417.833333333332,26919.48780487805,19778.149616895826,25578.813285984386,24966.0,,19778.149616895826,21374.612005870225,23591.59874540451,22941.069902144314,21610.128753426754
store_25,2015-06-01,2015-05-18,23783.0,26962.0,25417.833333333332,26876.975609756097,25275.19766407298,25578.813285984386,34048.0,,25275.19766407298,23451.259984735254,25423.948094463565,26449.118674298592,25348.05570596703
store_25,2015-06-08,2015-05-18,24799.0,26962.0,25417.833333333332,26834.463414634145,23186.690398789833,25578.813285984386,21111.0,,23186.690398789833,21298.685776105955,24727.779006035846,24238.90711137385,23927.895734564387
store_25,2015-06-15,2015-05-18,28071.0,26962.0,25417.833333333332,26791.951219512193,27352.766640825972,25578.813285984386,29269.0,,27352.766640825972,23053.194925665124,26116.471086714562,27013.768195546814,26760.77777194104
store_25,2015-06-22,2015-05-18,22500.0,26962.0,25417.833333333332,26749.439024390245,21026.537782943986,25578.813285984386,26808.0,,21026.537782943986,21791.80334666456,24007.728134087232,23702.28194045849,22459.017781329654
store_25,2015-06-29,2015-05-18,26978.0,26962.0,25417.833333333332,26706.926829268294,27347.78919723458,25578.813285984386,34157.0,,27347.78919723458,23738.623235117226,26114.811938850762,27452.50419224605,26757.393169806342
store_25,2015-07-06,2015-05-18,23031.0,26962.0,25417.833333333332,26664.414634146342,22772.272263306088,25578.813285984386,26982.0,,22772.272263306088,22053.90478811002,24589.639627541266,24560.49979713121,23646.096356979964
store_25,2015-07-13,2015-05-18,28918.0,26962.0,25417.833333333332,26621.90243902439,28265.50109285536,25578.813285984386,35322.0,,28265.50109285536,24024.00716445678,26420.715904057688,27998.49667556362,27381.426287193644
store_26,2015-02-02,2015-01-26,70939.0,69275.0,65829.5,69302.71962616823,69916.09326617423,63252.496299743296,68487.0,,69916.09326617423,58008.97274172653,67218.52985530584,68633.54179040964,68809.11084803609
store_26,2015-02-09,2015-01-26,51404.0,69275.0,65829.5,69330.43925233645,54774.09186628681,63340.09391458752,51637.0,,54774.09186628681,53455.16071903011,56583.72859362478,58087.44937531932,54918.0758744396
store_26,2015-02-16,2015-01-26,67972.0,69275.0,65829.5,69358.15887850468,67008.20066238161,63427.691529431744,65649.0,,67008.20066238161,57221.07872433114,65361.63073060445,66703.20074210654,66261.34523553922
store_26,2015-02-23,2015-01-26,52524.0,69275.0,65829.5,69385.8785046729,55225.541812868796,63515.28914427597,50217.0,,55225.541812868796,53349.74420883109,56319.276985714925,58045.88947031203,54857.65327204693
store_26,2015-03-02,2015-01-26,71908.0,69275.0,65829.5,69413.59813084113,71686.44744637288,63602.88675912019,70320.0,,71686.44744637288,58589.63319090488,68536.44473516436,69879.0862048373,70437.98857074417
store_26,2015-03-09,2015-01-26,54244.0,69275.0,65829.5,69441.31775700934,56246.62806170028,63690.48437396442,49327.0,,56246.62806170028,53401.41859895343,56421.37081188823,58381.143198352576,55293.45796396007
store_26,2015-03-16,2015-01-26,70036.0,69275.0,65829.5,69469.03738317757,71232.04772720113,63778.08198880864,62755.0,,71232.04772720113,57476.95244274104,65921.70990533658,68203.02080136948,68225.07951379145
store_26,2015-03-23,2015-01-26,54732.0,69275.0,65829.5,69496.75700934579,55519.87896268997,63865.67960365286,54443.0,,55519.87896268997,54061.40222509837,57942.85285544761,59050.4491093362,56169.17723528479
store_26,2015-03-02,2015-02-23,71908.0,52524.0,62507.5,52399.81081081081,71665.22035694873,63233.02936888292,70320.0,,71665.22035694873,53235.65150523464,68406.08324194388,66915.90934113362,70383.52937401988
store_26,2015-03-09,2015-02-23,54244.0,52524.0,62507.5,52275.62162162162,54073.26015835682,63315.3568724387,49327.0,,54073.26015835682,47717.53409320244,55571.8723435985,54373.02076303311,53878.503190558105
store_26,2015-03-16,2015-02-23,70036.0,52524.0,62507.5,52151.43243243243,70846.52248980147,63397.68437599449,62755.0,,70846.52248980147,52026.01989974691,65666.40228859865,65040.46754358731,67939.25516590681
store_26,2015-03-23,2015-02-23,54732.0,52524.0,62507.5,52027.24324324324,53631.02765114835,63480.01187955027,54443.0,,53631.02765114835,48373.25468199169,57184.679843566206,55154.26981751649,54932.83518372949
store_26,2015-03-30,2015-02-23,77943.0,52524.0,62507.5,51903.05405405405,70655.17243736664,63562.33938310606,71637.0,,70655.17243736664,53255.580839218106,68618.17060682423,66677.43436882926,70120.48511825848
store_26,2015-04-06,2015-02-23,44986.0,52524.0,62507.5,51778.86486486487,44354.98966030954,63644.66688666184,53836.0,,44354.98966030954,46949.43163026232,53945.21884899045,50579.35586651216,48933.615917154915
store_26,2015-04-13,2015-02-23,71845.0,52524.0,62507.5,51654.67567567567,71659.94513841324,63726.99439021763,63086.0,,71659.94513841324,52165.5878863295,66157.64650954361,65484.42171131888,68574.90441806446
store_26,2015-04-20,2015-02-23,48970.0,52524.0,62507.5,51530.48648648649,49795.40126896721,63809.32189377341,41343.0,,49795.40126896721,45929.958521318156,51649.24105424687,50744.98482719639,49177.235487330036
store_26,2015-03-30,2015-03-23,77943.0,54732.0,62365.416666666664,54631.330434782605,70663.73007380276,63395.151678277216,71637.0,,70663.73007380276,53917.80412193274,68565.29391735999,67041.66114077691,70107.3384092986
store_26,2015-04-06,2015-03-23,44986.0,54732.0,62365.416666666664,54530.66086956522,44505.171239151925,63474.92378008745,53836.0,,44505.171239151925,47634.88179363875,53938.69833974645,51013.156183453655,49009.67600239819
store_26,2015-04-13,2015-03-23,71845.0,54732.0,62365.416666666664,54429.99130434782,71827.62630359519,63554.695881897685,63086.0,,71827.62630359519,52856.53287950105,66156.10739516429,65928.23722051682,68661.7386781995
store_26,2015-04-20,2015-03-23,48970.0,54732.0,62365.416666666664,54329.321739130435,50112.666458259286,63634.467983707924,41343.0,,50112.666458259286,46645.26754968061,51696.71148065574,51262.19335219116,49358.30641717173
store_26,2015-04-27,2015-03-23,66597.0,54732.0,62365.416666666664,54228.65217391304,65026.85195381124,63714.240085518155,62900.0,,65026.85195381124,51852.451554272724,63880.36401310979,62626.46423042179,64334.29380488135
store_26,2015-05-04,2015-03-23,72716.0,54732.0,62365.416666666664,54127.98260869565,73482.66570639954,63794.01218732839,69153.0,,73482.66570639954,53950.72530987003,68809.89263124263,67903.61599656695,71294.131079668
store_26,2015-05-11,2015-03-23,47052.0,54732.0,62365.416666666664,54027.31304347826,50033.81727110909,63873.784289138624,48003.0,,50033.81727110909,47576.475895770374,53970.200520082566,52521.39099314882,51047.55718115422
store_26,2015-05-18,2015-03-23,66048.0,54732.0,62365.416666666664,53926.64347826087,66597.76943692504,63953.55639094886,61450.0,,66597.76943692504,51860.76942468592,64000.44194262463,63093.73315607329,64980.650657354105
store_26,2015-04-27,2015-04-20,66597.0,48970.0,61458.583333333336,48824.294117647056,64308.00982351639,63533.3669610055,62900.0,,64308.00982351639,49999.17917650032,63580.45892817396,61316.02744310174,63859.99355115021
store_26,2015-05-04,2015-04-20,72716.0,48970.0,61458.583333333336,48678.58823529412,73012.74397487521,63610.75297767672,69153.0,,73012.74397487521,52126.23836016848,68592.16565085064,66708.90579481414,70976.85569173093
store_26,2015-05-11,2015-04-20,47052.0,48970.0,61458.583333333336,48532.882352941175,49373.06161656603,63688.13899434794,48003.0,,49373.06161656603,45717.95232816978,53688.066870304654,51231.400900516,50609.431434483064
store_26,2015-05-18,2015-04-20,66048.0,48970.0,61458.583333333336,48387.17647058824,66416.44307301487,63765.525011019155,61450.0,,66416.44307301487,50063.961126850794,63877.322694678005,62030.07429039871,64845.205445809326
store_26,2015-05-25,2015-04-20,47692.0,48970.0,61458.583333333336,48241.470588235294,46389.356293584424,63842.911027690374,47231.0,,46389.356293584424,45161.90303469192,52487.75577375827,49639.31950632807,48542.734048698265
store_26,2015-06-01,2015-04-20,66428.0,48970.0,61458.583333333336,48095.76470588235,63925.56140025622,63920.29704436159,69201.0,,63925.56140025622,50795.88664054764,65682.28614820594,62338.637715133365,65281.47438929894
store_26,2015-06-08,2015-04-20,53708.0,48970.0,61458.583333333336,47950.05882352941,53157.1524065251,63997.68306103281,45449.0,,53157.1524065251,45854.63966063152,54201.27848918597,52529.07299911772,52378.181926346406
store_26,2015-06-15,2015-04-20,71370.0,48970.0,61458.583333333336,47804.35294117647,69073.57573383291,64075.06907770403,59449.0,,69073.57573383291,50118.654440863815,64199.21493717898,62894.977263635315,66044.0406445289
store_26,2015-05-25,2015-05-18,47692.0,66048.0,62256.416666666664,66045.87804878049,45804.005860475714,63738.02977789342,47231.0,,45804.005860475714,50160.475764830895,52257.67854612304,52146.42689988784,48161.21895224849
store_26,2015-06-01,2015-05-18,66428.0,66048.0,62256.416666666664,66043.75609756098,63621.24313038988,63814.04652399788,69201.0,,63621.24313038988,55854.92320265934,65545.42988479591,64991.67161185156,65077.388022834886
store_26,2015-06-08,2015-05-18,53708.0,66048.0,62256.416666666664,66041.63414634146,52056.66456435672,63890.06327010234,45449.0,,52056.66456435672,50820.25409249531,53798.575944819684,54811.16174730641,51670.85406266344
store_26,2015-06-15,2015-05-18,71370.0,66048.0,62256.416666666664,66039.51219512195,68284.65563931882,63966.080016206804,59449.0,,68284.65563931882,55149.094931044885,63899.9118851752,65337.64434613852,65533.43656253243
store_26,2015-06-22,2015-05-18,53913.0,66048.0,62256.416666666664,66037.39024390244,51093.74043583125,64042.09676231127,52553.0,,51093.74043583125,51718.66344410166,55896.2790660475,55748.709690356074,52905.95022558071
store_26,2015-06-29,2015-05-18,75505.0,66048.0,62256.416666666664,66035.26829268293,70102.36139019382,64118.11350841573,77460.0,,70102.36139019382,58002.87997970845,70560.15829953652,69739.08314804579,71330.14365963612
store_26,2015-07-06,2015-05-18,52677.0,66048.0,62256.416666666664,66033.14634146342,50920.67576251138,64194.13025452019,51413.0,,50920.67576251138,51552.19557502309,55509.26867234385,55455.556862448844,52520.33190231461
store_26,2015-07-13,2015-05-18,65226.0,66048.0,62256.416666666664,66031.0243902439,61473.60162288764,64270.14700062465,62809.0,,61473.60162288764,54698.31281148898,62850.91620783743,62750.53490242653,62127.33386278833
store_27,2015-02-02,2015-01-26,40729.0,43530.0,39448.916666666664,43465.588785046726,42168.85907929256,40083.21515216487,49969.0,,42168.85907929256,36952.2256690244,43862.2585819864,43143.30921828877,43426.85874766684
store_27,2015-02-09,2015-01-26,31070.0,43530.0,39448.916666666664,43401.17757009346,32574.548158150963,40083.21515216487,34954.0,,32574.548158150963,33427.408221010846,35659.15494160587,35902.86602394786,33872.21449001955
store_27,2015-02-16,2015-01-26,39470.0,43530.0,39448.916666666664,43336.766355140186,36812.92309288944,40083.21515216487,47324.0,,36812.92309288944,35790.83160955159,41195.27991985203,39974.635822441574,39255.636096365946
store_27,2015-02-23,2015-01-26,31156.0,43530.0,39448.916666666664,43272.35514018692,30053.2697815729,40083.21515216487,35405.0,,30053.2697815729,33113.250962941616,34969.062149413185,34666.265438577924,32252.343277665394
store_27,2015-03-02,2015-01-26,43384.0,43530.0,39448.916666666664,43207.943925233645,43963.66741516169,40083.21515216487,45162.0,,43963.66741516169,36485.10616560384,42858.19469394279,43308.31324048069,43670.9335883962
store_27,2015-03-09,2015-01-26,28820.0,43530.0,39448.916666666664,43143.53271028037,29041.909528821245,40083.21515216487,33664.0,,29041.909528821245,32701.65343684759,34051.6087318293,33869.35917500231,31213.099635102255
store_27,2015-03-16,2015-01-26,41597.0,43530.0,39448.916666666664,43079.121495327105,42767.128524582266,40083.21515216487,43852.0,,42767.128524582266,36108.62597696298,42022.681730416305,42482.36839454666,42593.343756971364
store_27,2015-03-23,2015-01-26,32344.0,43530.0,39448.916666666664,43014.71028037383,32403.614030925328,40083.21515216487,35429.0,,32403.614030925328,33415.636590018665,35760.510232530665,35858.15966044665,33852.452825978355
store_27,2015-03-02,2015-02-23,43384.0,31156.0,37555.25,30982.432432432433,44033.87062392297,39925.68197245896,45162.0,,44033.87062392297,32687.89071840205,42250.37354130766,41258.3720835645,43493.94326438021
store_27,2015-03-09,2015-02-23,28820.0,31156.0,37555.25,30808.864864864863,29107.496986788028,39925.68197245896,33664.0,,29107.496986788028,28888.184832015977,33442.248995596005,31808.64525149413,31032.976468592005
store_27,2015-03-16,2015-02-23,41597.0,31156.0,37555.25,30635.297297297297,42855.37724676403,39925.68197245896,43852.0,,42855.37724676403,32282.800930931466,41420.87574892134,40424.90164764986,42428.60144065582
store_27,2015-03-23,2015-02-23,32344.0,31156.0,37555.25,30461.72972972973,32418.502189282233,39925.68197245896,35429.0,,32418.502189282233,29563.73769878156,35134.250729760744,33754.586428298484,33637.918590214504
store_27,2015-03-30,2015-02-23,43181.0,31156.0,37555.25,30288.162162162163,41292.99893642713,39925.68197245896,49689.0,,41292.99893642713,32843.87043872118,42845.749645475706,40490.88217960808,42551.00756757808
store_27,2015-04-06,2015-02-23,26232.0,31156.0,37555.25,30114.594594594593,25412.60685111588,39925.68197245896,35269.0,,25412.60685111588,28490.44763116706,32745.618950371958,30102.402182312064,28850.39326682725
store_27,2015-04-13,2015-02-23,44083.0,31156.0,37555.25,29941.027027027027,45114.15621965202,39925.68197245896,44552.0,,45114.15621965202,32606.30217416257,42407.135406550675,41639.86877037478,44103.5508257436
store_27,2015-04-20,2015-02-23,29081.0,31156.0,37555.25,29767.45945945946,30257.93099782415,39925.68197245896,27365.0,,30257.93099782415,28003.903204248938,31726.06033260805,31353.1766969898,30537.35007541879
store_27,2015-03-30,2015-03-23,43181.0,32344.0,36973.5,32186.8,41266.203614527,39807.21087657402,49689.0,,41266.203614527,33180.95921301443,42642.90120484233,40652.809071779644,42463.80978380579
store_27,2015-04-06,2015-03-23,26232.0,32344.0,36973.5,32029.6,25392.51699085956,39807.21087657402,35269.0,,25392.51699085956,28830.83255249051,32545.00566361985,30269.03517190442,28767.746672258312
store_27,2015-04-13,2015-03-23,44083.0,32344.0,36973.5,31872.4,45066.60589421375,39807.21087657402,44552.0,,45066.60589421375,32945.10239582682,42197.368631404584,41793.64712526893,44002.2660255903
store_27,2015-04-20,2015-03-23,29081.0,32344.0,36973.5,31715.2,30222.926801049754,39807.21087657402,27365.0,,30222.926801049754,28346.833953946254,31520.475600349917,31514.66315740067,30444.580692749347
store_27,2015-04-27,2015-03-23,41023.0,32344.0,36973.5,31558.0,40115.08449001524,39807.21087657402,45990.0,,40115.08449001524,32398.256480941323,41026.19483000508,39445.122224889645,40932.92946314766
store_27,2015-05-04,2015-03-23,45341.0,32344.0,36973.5,31400.8,46731.54957365768,39807.21087657402,47605.0,,46731.54957365768,33551.72292146167,43770.01652455256,43081.61435228648,45750.98533775825
store_27,2015-05-11,2015-03-23,29909.0,32344.0,36973.5,31243.6,28742.389677725856,39807.21087657402,31155.0,,28742.389677725856,28609.38579347141,32290.29655924195,31299.00254498799,30207.72108109656
store_27,2015-05-18,2015-03-23,42081.0,32344.0,36973.5,31086.4,43034.81021760422,39807.21087657402,45906.0,,43034.81021760422,32735.98872773975,41971.43673920141,40896.63052083573,42897.608929236834
store_27,2015-04-27,2015-04-20,41023.0,29081.0,35928.916666666664,28901.66386554622,40128.582862966454,39661.30289811522,45990.0,,40128.582862966454,31384.495184756364,40682.49984321104,38887.480223059756,40818.17581708385
store_27,2015-05-04,2015-04-20,45341.0,29081.0,35928.916666666664,28722.32773109244,46717.52502801823,39661.30289811522,47605.0,,46717.52502801823,32530.86747484179,43417.14723156163,42508.122486274966,45617.551097189724
store_27,2015-05-11,2015-04-20,29909.0,29081.0,35928.916666666664,28542.991596638654,28726.701125565563,39661.30289811522,31155.0,,28726.701125565563,27585.130326712297,31936.872597410744,30722.951876092942,30073.1574315605
store_27,2015-05-18,2015-04-20,42081.0,29081.0,35928.916666666664,28363.655462184874,43022.5615375508,39661.30289811522,45906.0,,43022.5615375508,31709.06236635965,41619.15940140582,40320.64435987223,42765.380019592725
store_27,2015-05-25,2015-04-20,31020.0,29081.0,35928.916666666664,28184.319327731093,28398.15250554828,39661.30289811522,31498.0,,28398.15250554828,27535.95591400875,31941.689724071646,30579.116836132413,29919.66918879929
store_27,2015-06-01,2015-04-20,41230.0,29081.0,35928.916666666664,28004.983193277312,40833.72856725414,39661.30289811522,50018.0,,40833.72856725414,31932.5616179019,42260.2150779736,39799.03510524488,42113.031288261685
store_27,2015-06-08,2015-04-20,31682.0,29081.0,35928.916666666664,27825.647058823528,31197.592377577283,39661.30289811522,28665.0,,31197.592377577283,27479.922714454668,31930.50301474798,31555.635741376875,31245.636914119492
store_27,2015-06-15,2015-04-20,47098.0,29081.0,35928.916666666664,27646.310924369747,45137.99865041383,39661.30289811522,43044.0,,45137.99865041383,31499.932734223636,41370.30510569349,40913.54433022632,43621.21875132288
store_27,2015-05-25,2015-05-18,31020.0,42081.0,37256.333333333336,42013.186991869916,28539.86803821817,39656.960542198765,31498.0,,28539.86803821817,31577.906986517166,32431.40045718383,32844.86957839664,30173.322525192172
store_27,2015-06-01,2015-05-18,41230.0,42081.0,37256.333333333336,41945.37398373984,40948.36234144309,39656.960542198765,50018.0,,40948.36234144309,35986.575742959285,42740.89855825881,42059.45074836545,42348.30345817362
store_27,2015-06-08,2015-05-18,31682.0,42081.0,37256.333333333336,41877.560975609755,31194.00242441399,39656.960542198765,28665.0,,31194.00242441399,31532.97961079369,32371.778585915774,33763.86879193836,31400.667248332684
store_27,2015-06-15,2015-05-18,47098.0,42081.0,37256.333333333336,41809.74796747968,45104.70720494788,39656.960542198765,43044.0,,45104.70720494788,35564.67843542281,41801.68017942707,43115.09378095939,43756.089830547804
store_27,2015-06-22,2015-05-18,34030.0,42081.0,37256.333333333336,41741.93495934959,32772.54129671705,39656.960542198765,37122.0,,32772.54129671705,32947.25287594268,35716.95821001679,35862.56586775064,34185.83309607301
store_27,2015-06-29,2015-05-18,47855.0,42081.0,37256.333333333336,41674.12195121951,44864.00620071884,39656.960542198765,51366.0,,44864.00620071884,36699.774575352916,44495.44651135072,44258.014295099136,45279.12834400178
store_27,2015-07-06,2015-05-18,31905.0,42081.0,37256.333333333336,41606.30894308943,30023.091013292073,39656.960542198765,33966.0,,30023.091013292073,32084.241975987657,33748.47478220847,33954.643412153266,31680.155632246275
store_27,2015-07-13,2015-05-18,41134.0,42081.0,37256.333333333336,41538.49593495935,40819.00034044225,39656.960542198765,42648.0,,40819.00034044225,34857.112878704815,40241.11122459186,40830.66601934298,40767.010319750545
store_28,2015-02-02,2015-01-26,32610.0,34791.0,33474.0,34792.345794392524,33647.18942132777,30965.88968652085,35890.0,,33647.18942132777,29080.060700320162,33501.026369282874,33948.09128463049,33860.6466085315
store_28,2015-02-09,2015-01-26,26478.0,34791.0,33474.0,34793.69158878505,28195.379123874125,30965.88968652085,25822.0,,28195.379123874125,26863.13719988286,28327.756270131656,29161.042967936166,27963.81666022559
store_28,2015-02-16,2015-01-26,33028.0,34791.0,33474.0,34795.03738317757,33095.43550416893,30965.88968652085,31700.0,,33095.43550416893,28403.051796266765,31920.441730229926,32957.4723216892,32640.19236759306
store_28,2015-02-23,2015-01-26,26604.0,34791.0,33474.0,34796.3831775701,26557.91411213136,30965.88968652085,24862.0,,26557.91411213136,26492.45528231747,27461.934599550732,28052.913337879152,26598.61171358803
store_28,2015-03-02,2015-01-26,35893.0,34791.0,33474.0,34797.72897196261,35846.83656545603,30965.88968652085,32435.0,,35846.83656545603,28901.493603419927,33082.57541732563,34679.68405602544,34761.427587803315
store_28,2015-03-09,2015-01-26,25739.0,34791.0,33474.0,34799.07476635514,25615.669104244058,30965.88968652085,23123.0,,25615.669104244058,26109.80479387429,26568.1862635883,27225.87971383914,25579.66337700013
store_28,2015-03-16,2015-01-26,33178.0,34791.0,33474.0,34800.42056074766,33608.575392946135,30965.88968652085,32783.0,,33608.575392946135,28631.84080574495,32452.488359822324,33429.990259515835,33221.842616792805
store_28,2015-03-23,2015-01-26,26234.0,34791.0,33474.0,34801.766355140186,25992.596059766583,30965.88968652085,22609.0,,25992.596059766583,26090.60744306109,26522.495248762476,27363.81134743134,25749.367998018577
store_28,2015-03-02,2015-02-23,35893.0,26604.0,31700.75,26531.54054054054,35580.33692444314,30929.74097209402,32435.0,,35580.33692444314,26254.481205296812,32981.69263217905,33403.463368304685,34566.898032997065
store_28,2015-03-09,2015-02-23,25739.0,26604.0,31700.75,26459.08108108108,25231.917937547783,30929.74097209402,23123.0,,25231.917937547783,23435.498570103267,26428.219636547263,25876.804243113642,25300.89716698738
store_28,2015-03-16,2015-02-23,33178.0,26604.0,31700.75,26386.62162162162,33245.75650138594,30929.74097209402,32783.0,,33245.75650138594,25949.981299300227,32319.49915782665,32088.652824903143,32958.11471722462
store_28,2015-03-23,2015-02-23,26234.0,26604.0,31700.75,26314.162162162163,25565.082316883665,30929.74097209402,22609.0,,25565.082316883665,23388.962207305693,26367.941096325892,25980.271713727863,25439.16157416045
store_28,2015-03-30,2015-02-23,39118.0,26604.0,31700.75,26241.702702702703,38979.81998554518,30929.74097209402,34900.0,,38979.81998554518,27050.859094334555,34936.520319213065,35762.15227698725,37493.976903136354
store_28,2015-04-06,2015-02-23,21210.0,26604.0,31700.75,26169.243243243243,19999.436912204896,30929.74097209402,24962.0,,19999.436912204896,22909.31016107745,25297.059294766303,23101.13187395114,21903.42324099265
store_28,2015-04-13,2015-02-23,36610.0,26604.0,31700.75,26096.783783783783,35562.175799552584,30929.74097209402,34457.0,,35562.175799552584,26478.63579363291,33649.6389238822,33689.37488830504,34951.52315178663
store_28,2015-04-20,2015-02-23,24325.0,26604.0,31700.75,26024.324324324323,24340.987438252952,30929.74097209402,20189.0,,24340.987438252952,22826.971819238755,25153.24280344899,24862.407251670244,24083.79046620774
store_28,2015-03-30,2015-03-23,39118.0,26234.0,30649.333333333332,26160.84347826087,39169.0207672636,30905.723366928785,34900.0,,39169.0207672636,26859.845849398083,34991.581378064126,35773.34395457211,37627.86474347949
store_28,2015-04-06,2015-03-23,21210.0,26234.0,30649.333333333332,26087.68695652174,20251.19273940497,30905.723366928785,24962.0,,20251.19273940497,22727.133770884117,25372.97203544458,23148.765256779472,22082.252311455843
store_28,2015-04-13,2015-03-23,36610.0,26234.0,30649.333333333332,26014.53043478261,35684.486771335825,30905.723366928785,34457.0,,35684.486771335825,26277.867700911505,33682.403379421536,33661.47003956851,35037.35555043297
store_28,2015-04-20,2015-03-23,24325.0,26234.0,30649.333333333332,25941.373913043477,24497.248473430984,30905.723366928785,20189.0,,24497.248473430984,22630.95415524808,25197.323946786586,24854.260849115584,24194.01350512727
store_28,2015-04-27,2015-03-23,33728.0,26234.0,30649.333333333332,25868.217391304348,32854.29216258763,30905.723366928785,34605.0,,32854.29216258763,25873.79517916487,32788.3385098388,32025.586057440705,33033.17507443474
store_28,2015-05-04,2015-03-23,36155.0,26234.0,30649.333333333332,25795.06086956522,36212.231414979324,30905.723366928785,34935.0,,36212.231414979324,26390.192712115237,34017.65159396937,34032.291491764205,35510.51115756598
store_28,2015-05-11,2015-03-23,23954.0,26234.0,30649.333333333332,25721.904347826086,24433.715178327868,30905.723366928785,23040.0,,24433.715178327868,22997.81088948801,26126.47951508555,25259.10927782738,24709.083850593466
store_28,2015-05-18,2015-03-23,34879.0,26234.0,30649.333333333332,25648.747826086958,35684.486771335825,30905.723366928785,32444.0,,35684.486771335825,25938.041613954985,33011.403379421536,33317.91587583444,34641.45304610553
store_28,2015-04-27,2015-04-20,33728.0,24325.0,30085.583333333332,24238.26050420168,32896.0,30898.614593675877,34605.0,,32896.0,25292.636918744414,32799.87153122529,31796.673460900733,33062.53557246749
store_28,2015-05-04,2015-04-20,36155.0,24325.0,30085.583333333332,24151.52100840336,36096.0,30898.614593675877,34935.0,,36096.0,25784.53127648751,33976.53819789196,33710.441420157105,35426.403841259016
store_28,2015-05-11,2015-04-20,23954.0,24325.0,30085.583333333332,24064.78151260504,24448.0,30898.614593675877,23040.0,,24448.0,22408.854205659176,26128.87153122529,25012.557377546273,24718.74291524896
store_28,2015-05-18,2015-04-20,34879.0,24325.0,30085.583333333332,23978.04201680672,35584.0,30898.614593675877,32444.0,,35584.0,25330.748563402274,32975.538197891954,33003.60313728308,34568.657106006394
store_28,2015-05-25,2015-04-20,25060.0,24325.0,30085.583333333332,23891.3025210084,23680.0,30898.614593675877,25559.0,,23680.0,22634.2143497168,26712.538197891954,24956.31815451961,24662.410003537574
store_28,2015-06-01,2015-04-20,35204.0,24325.0,30085.583333333332,23804.563025210085,35456.0,30898.614593675877,35691.0,,35456.0,25751.53727888847,34015.204864558626,33436.86436807044,35115.295293589705
store_28,2015-06-08,2015-04-20,27891.0,24325.0,30085.583333333332,23717.823529411766,26752.0,30898.614593675877,23876.0,,26752.0,22807.860208060138,27175.538197891954,26468.77985505498,26538.417119245598
store_28,2015-06-15,2015-04-20,37197.0,24325.0,30085.583333333332,23631.084033613446,37376.0,30898.614593675877,33303.0,,37376.0,25659.897422946095,33859.204864558626,34164.88451770435,36025.02019118318
store_28,2015-05-25,2015-05-18,25060.0,34879.0,30918.583333333332,34880.88617886179,23462.44427174414,30929.72760089233,25559.0,,23462.44427174414,25804.234483547367,26650.390624212156,26196.625970898407,24508.753606521204
store_28,2015-06-01,2015-05-18,35204.0,34879.0,30918.583333333332,34882.772357723574,35487.32385404711,30929.72760089233,35691.0,,35487.32385404711,28969.77244942805,34036.017151646476,34827.69393682243,35140.44069416362
store_28,2015-06-08,2015-05-18,27891.0,34879.0,30918.583333333332,34884.65853658537,26926.805113337497,30929.72760089233,23876.0,,26926.805113337497,26059.253512021216,27244.177571409942,27948.659803041828,26666.643322367665
store_28,2015-06-15,2015-05-18,37197.0,34879.0,30918.583333333332,34886.544715447155,37566.732957709755,30929.72760089233,33303.0,,37566.732957709755,28926.226943911795,33933.153519534026,35659.421976620506,36164.68938685267
store_28,2015-06-22,2015-05-18,25543.0,34879.0,30918.583333333332,34888.43089430894,24679.57537491125,30929.72760089233,25382.0,,24679.57537491125,25953.902457635122,26997.100991934523,26878.689125978064,25348.36228520859
store_28,2015-06-29,2015-05-18,38295.0,34879.0,30918.583333333332,34890.31707317073,36030.85651777816,30929.72760089233,37987.0,,36030.85651777816,29376.497789310648,34982.528039556826,35511.73853573609,35982.490133339525
store_28,2015-07-06,2015-05-18,27705.0,34879.0,30918.583333333332,34892.20325203252,27492.65432804913,30929.72760089233,25422.0,,27492.65432804913,26362.024073472472,27948.127309647152,28525.97369959175,27377.220914211608
store_28,2015-07-13,2015-05-18,36896.0,34879.0,30918.583333333332,34894.08943089431,36386.53316702548,30929.72760089233,33956.0,,36386.53316702548,28851.990504592206,33757.4202559726,35075.811210375854,35445.22944825232
store_29,2015-02-02,2015-01-26,48111.0,47936.0,46976.833333333336,47939.233644859814,48829.93440959294,44193.110791265295,47771.0,,48829.93440959294,40520.87316843591,46931.34840028608,48056.617876511344,48187.62537358111
store_29,2015-02-09,2015-01-26,37525.0,47936.0,46976.833333333336,47942.46728971963,38806.586453387135,44193.110791265295,34453.0,,38806.586453387135,37186.85683824363,39150.89908155081,40691.04521852024,38670.65166793313
store_29,2015-02-16,2015-01-26,45761.0,47936.0,46976.833333333336,47945.700934579436,46699.65779004032,44193.110791265295,42995.0,,46699.65779004032,39535.18612131691,44629.25619376854,46253.75811485576,45857.62623848783
store_29,2015-02-23,2015-01-26,39771.0,47936.0,46976.833333333336,47948.93457943925,39578.000116622396,44193.110791265295,35776.0,,39578.000116622396,37486.982688665754,39849.03696929589,41294.84932989349,39450.17457150071
store_29,2015-03-02,2015-01-26,47925.0,47936.0,46976.833333333336,47952.168224299065,48293.76005280462,44193.110791265295,45610.0,,48293.76005280462,40137.41034310033,46032.29028135663,47486.44623455416,47449.69662970575
store_29,2015-03-09,2015-01-26,37617.0,47936.0,46976.833333333336,47955.40186915888,37385.256197248775,44193.110791265295,30532.0,,37385.256197248775,36425.514598715185,37370.12232950469,39399.01138253675,37000.04328135557
store_29,2015-03-16,2015-01-26,49743.0,47936.0,46976.833333333336,47958.63551401869,48954.71231085193,44193.110791265295,41132.0,,48954.71231085193,39593.04170706704,44759.941034039075,47317.7452180746,47231.10685665191
store_29,2015-03-23,2015-01-26,41246.0,47936.0,46976.833333333336,47961.86915887851,40483.20723008509,44193.110791265295,35928.0,,40483.20723008509,37639.860073366035,40201.43934045013,41832.54223085783,40143.65851914088
store_29,2015-03-02,2015-02-23,47925.0,39771.0,43793.416666666664,39700.55855855856,48255.678939176294,43762.39917300949,45610.0,,48255.678939176294,37270.43619105872,45876.02603739526,45964.76084177927,47377.40807528903
store_29,2015-03-09,2015-02-23,37617.0,39771.0,43793.416666666664,39630.117117117115,37275.97724786224,43762.39917300949,30532.0,,37275.97724786224,33537.84431495079,37190.125473623906,37831.10357108241,36875.098346086685
store_29,2015-03-16,2015-02-23,49743.0,39771.0,43793.416666666664,39559.67567567567,48826.900223233984,43762.39917300949,41132.0,,48826.900223233984,36692.19881979797,44573.76646541449,45733.76070422699,47092.455212819405
store_29,2015-03-23,2015-02-23,41246.0,39771.0,43793.416666666664,39489.23423423423,40346.230857574075,43762.39917300949,35928.0,,40346.230857574075,34727.182990212066,40012.210010194525,40237.843825150914,39998.229168227415
store_29,2015-03-30,2015-02-23,55647.0,39771.0,43793.416666666664,39418.792792792796,52619.07587924673,43762.39917300949,49923.0,,52619.07587924673,38469.66921595938,48768.15835075207,48968.83473739598,51285.83193441703
store_29,2015-04-06,2015-02-23,35378.0,39771.0,43793.416666666664,39348.35135135135,36707.89913438474,43762.39917300949,35720.0,,36707.89913438474,34157.58090363032,38730.099435798074,38119.34403716073,37274.5386711521
store_29,2015-04-13,2015-02-23,50962.0,39771.0,43793.416666666664,39277.90990990991,49571.44942565975,43762.39917300949,47963.0,,49571.44942565975,37734.16788217797,47098.94953288975,46974.24625802336,48722.24063079524
store_29,2015-04-20,2015-02-23,37069.0,39771.0,43793.416666666664,39207.46846846847,36354.212223506285,43762.39917300949,28878.0,,36354.212223506285,33109.499504521555,36331.53713217193,37069.877345122164,35932.08882391289
store_29,2015-03-30,2015-03-23,55647.0,41246.0,43402.333333333336,41190.8347826087,53193.63144794494,44298.07282971967,49923.0,,53193.63144794494,39036.26748480095,49138.23475922154,49550.94357504045,51765.638320827566
store_29,2015-04-06,2015-03-23,35378.0,41246.0,43402.333333333336,41135.669565217395,37121.03518708165,44351.957563839904,35720.0,,37121.03518708165,34710.99937849604,39064.33091697385,38614.4612841437,37640.48293491531
store_29,2015-04-13,2015-03-23,50962.0,41246.0,43402.333333333336,41080.504347826085,49877.30019463396,44405.84229796014,47963.0,,49877.30019463396,38282.14002482193,47415.3808308647,47413.35880469601,49014.3592803477
store_29,2015-04-20,2015-03-23,37069.0,41246.0,43402.333333333336,41025.33913043478,36620.16354029844,44459.72703208037,28878.0,,36620.16354029844,33661.6518623067,36652.63019079294,37491.55740882799,36200.21896415896
store_29,2015-04-27,2015-03-23,49038.0,41246.0,43402.333333333336,40970.17391304348,47910.594346679776,44513.61176620061,42042.0,,47910.594346679776,37154.959051322454,44822.06870429346,45564.007826870096,46635.491751158435
store_29,2015-05-04,2015-03-23,51540.0,41246.0,43402.333333333336,40915.00869565218,49733.599125312714,44567.49650032084,46461.0,,49733.599125312714,38046.491093517005,46920.69854187785,47147.99108571528,48687.36216329368
store_29,2015-05-11,2015-03-23,34738.0,41246.0,43402.333333333336,40859.84347826087,34601.853268900515,44621.381234441076,33686.0,,34601.853268900515,34059.63018784797,37636.411501113864,36924.65804960681,35483.628895970796
store_29,2015-05-18,2015-03-23,48830.0,41246.0,43402.333333333336,40804.678260869565,47500.615071740285,44675.26596856131,43384.0,,47500.615071740285,37287.5560906435,45186.62701343386,45493.9501293758,46560.84429663501
store_29,2015-04-27,2015-04-20,49038.0,37069.0,43896.25,36980.58823529412,48397.93214745501,44578.03476471485,42042.0,,48397.93214745501,36137.68644963771,45005.98897072329,45280.00955206797,47002.516122027235
store_29,2015-05-04,2015-04-20,51540.0,37069.0,43896.25,36892.17647058824,50202.68261082523,44632.6484592823,46461.0,,50202.68261082523,37021.96536295654,47098.77702336917,46851.134121430645,49040.96071595972
store_29,2015-05-11,2015-04-20,34738.0,37069.0,43896.25,36803.76470588235,35044.088391900375,44687.26215384975,33686.0,,35044.088391900375,33026.62360737607,37805.78351525004,36610.02309083437,35817.44565879203
store_29,2015-05-18,2015-04-20,48830.0,37069.0,43896.25,36715.35294117647,47955.973234150515,44741.8758484172,43384.0,,47955.973234150515,36251.77886053488,45360.6163608559,45184.41714312417,46904.44125475382
store_29,2015-05-25,2015-04-20,35723.0,37069.0,43896.25,36626.94117647059,35727.31194168567,44796.48954298465,33376.0,,35727.31194168567,33070.284665877276,37966.6004948901,36958.73966888825,36284.96040909069
store_29,2015-06-01,2015-04-20,51617.0,37069.0,43896.25,36538.529411764706,50743.31802908397,44851.1032375521,49720.0,,50743.31802908397,37545.45723977154,48438.14042221202,47550.142903204345,49978.025998449055
store_29,2015-06-08,2015-04-20,36450.0,37069.0,43896.25,36450.117647058825,37506.10356523078,44905.71693211955,29835.0,,37506.10356523078,32808.88402062988,37415.60683245011,37539.521050961215,37052.31371623222
store_29,2015-06-15,2015-04-20,49323.0,37069.0,43896.25,36361.705882352944,48107.62583286017,44960.330626687,44186.0,,48107.62583286017,36368.701763128585,45751.31881984905,45360.356652897965,47165.676627109926
store_29,2015-05-25,2015-05-18,35723.0,48830.0,44977.75,48840.081300813006,36128.5256111904,44874.89315553003,33376.0,,36128.5256111904,36718.1785810762,38126.472922240144,39058.49606984863,36589.72148832369
store_29,2015-06-01,2015-05-18,51617.0,48830.0,44977.75,48850.16260162602,51086.5584239406,44930.65743575413,49720.0,,51086.5584239406,41199.304065902965,48579.07195323157,49624.11631589861,50240.029169104324
store_29,2015-06-08,2015-05-18,36450.0,48830.0,44977.75,48860.243902439026,37769.08442934282,44986.42171597823,29835.0,,37769.08442934282,36465.50000682287,37530.168715107015,39574.95463475576,37255.076544872165
store_29,2015-06-15,2015-05-18,49323.0,48830.0,44977.75,48870.32520325203,48362.1788037066,45042.18599620233,44186.0,,48362.1788037066,40038.34857188014,45863.45493330297,47398.367441887814,47362.32424064392
store_29,2015-06-22,2015-05-18,37337.0,48830.0,44977.75,48880.40650406504,37296.98249343276,45097.95027642643,33725.0,,37296.98249343276,36972.58418198917,38706.64425661973,39790.68116294236,37531.871775350315
store_29,2015-06-29,2015-05-18,52475.0,48830.0,44977.75,48890.48780487805,49693.94603414055,45153.714556650535,50860.0,,49693.94603414055,41200.842627952734,48569.22019693036,48987.03770331081,49413.02684729711
store_29,2015-07-06,2015-05-18,39002.0,48830.0,44977.75,48900.56910569106,38783.75711804941,45209.47883687463,38312.0,,38783.75711804941,37859.07929437359,40768.41198497468,41212.90585404928,39367.51893743744
store_29,2015-07-13,2015-05-18,50227.0,48830.0,44977.75,48910.650406504064,48725.03946282514,45265.24311709873,44336.0,,48725.03946282514,40149.24042663256,46108.76085997462,47645.09116181943,47677.235777929236
store_3,2015-02-02,2015-01-26,56451.0,54120.0,53531.583333333336,54163.878504672895,55296.0,51874.184928963914,56784.0,,55296.0,46538.52096671002,54651.3949763213,54960.48015679348,55360.99240220301
store_3,2015-02-09,2015-01-26,45189.0,54120.0,53531.583333333336,54207.7570093458,42112.0,51874.184928963914,41609.0,,42112.0,42493.50361023472,45198.3949763213,46261.48270281956,43293.56377083506
store_3,2015-02-16,2015-01-26,53665.0,54120.0,53531.583333333336,54251.63551401869,50944.0,51874.184928963914,52596.0,,50944.0,45331.057682330844,51804.72830965463,52311.83633502463,51677.55641633985
store_3,2015-02-23,2015-01-26,43722.0,54120.0,53531.583333333336,54295.51401869159,41728.0,51874.184928963914,41960.0,,41728.0,42501.32604014126,45187.3949763213,46224.72143238048,43231.759005955784
store_3,2015-03-02,2015-01-26,55831.0,54120.0,53531.583333333336,54339.392523364484,50944.0,51874.184928963914,55951.0,,50944.0,45822.880112237384,52923.06164298797,53203.50744074924,52903.11416260211
store_3,2015-03-09,2015-01-26,43026.0,54120.0,53531.583333333336,54383.27102803739,39424.0,51874.184928963914,39090.0,,39424.0,41774.71989861923,43462.72830965463,44654.19093997811,41043.23284726101
store_3,2015-03-16,2015-01-26,51179.0,54120.0,53531.583333333336,54427.14953271028,48768.0,51874.184928963914,48960.0,,48768.0,44525.84539928679,49867.3949763213,50592.99908631698,49272.55674092351
store_3,2015-03-23,2015-01-26,40970.0,54120.0,53531.583333333336,54471.02803738318,40064.0,51874.184928963914,40794.0,,40064.0,42122.1137570972,44244.06164298797,45339.31746442359,41982.39628237605
store_3,2015-03-02,2015-02-23,55831.0,43722.0,50456.583333333336,43670.62162162162,52476.737801484036,50587.65345216907,55951.0,,52476.737801484036,42409.22802980115,53005.130417884364,51424.582728346126,53481.66024766378
store_3,2015-03-09,2015-02-23,43026.0,43722.0,50456.583333333336,43619.24324324324,40598.73578284731,50587.65345216907,39090.0,,40598.73578284731,38296.316544513276,43425.46307833879,42739.02283613219,41444.62146580692
store_3,2015-03-16,2015-02-23,51179.0,43722.0,50456.583333333336,43567.86486486487,49963.081006141445,50587.65345216907,48960.0,,49963.081006141445,41036.74037950124,49836.911486103505,48676.61252591592,49684.01320274083
store_3,2015-03-23,2015-02-23,40970.0,43722.0,50456.583333333336,43516.48648648649,41236.26389015748,50587.65345216907,40794.0,,41236.26389015748,38616.141023163764,44205.97244744218,43406.30862948029,42382.56168366722
store_3,2015-03-30,2015-02-23,65356.0,43722.0,50456.583333333336,43465.10810810811,59883.98290110779,50587.65345216907,57075.0,,59883.98290110779,43598.61825638833,55848.878784425615,54345.90653248274,57557.72819477222
store_3,2015-04-06,2015-02-23,40149.0,43722.0,50456.583333333336,43413.72972972973,41228.28816401839,50587.65345216907,43059.0,,41228.28816401839,38923.893525607215,44958.313872062485,43991.0192691287,43206.00335542556
store_3,2015-04-13,2015-02-23,54900.0,43722.0,50456.583333333336,43362.35135135135,54966.44295960282,50587.65345216907,62243.0,,54966.44295960282,43619.71872806522,55932.36547059062,53943.26916903743,57012.11506268429
store_3,2015-04-20,2015-02-23,41735.0,43722.0,50456.583333333336,43310.97297297297,39721.632482323825,50587.65345216907,36703.0,,39721.632482323825,37785.977462971314,42337.42864483096,41769.71646176164,40138.632287140164
store_3,2015-03-30,2015-03-23,65356.0,40970.0,49029.75,40896.47826086957,58880.0,48816.90782362446,57075.0,,58880.0,42238.305154927715,54923.96927454148,53189.59645165255,56813.25630189845
store_3,2015-04-06,2015-03-23,40149.0,40970.0,49029.75,40822.95652173913,40192.0,48816.90782362446,43059.0,,40192.0,37555.80204933765,44022.63594120815,42821.2089658256,42445.54518807724
store_3,2015-04-13,2015-03-23,54900.0,40970.0,49029.75,40749.434782608696,53760.0,48816.90782362446,62243.0,,53760.0,42224.15608660474,54939.96927454148,52710.762766799926,56167.45571508555
store_3,2015-04-20,2015-03-23,41735.0,40970.0,49029.75,40675.913043478264,38912.0,48816.90782362446,36703.0,,38912.0,36443.938695300385,41477.302607874815,40676.853083405214,39490.33478998392
store_3,2015-04-27,2015-03-23,56267.0,40970.0,49029.75,40602.391304347824,50688.0,48816.90782362446,58212.0,,50688.0,41188.43558971032,52572.30260787482,50539.386797009196,53174.77931685976
store_3,2015-05-04,2015-03-23,58306.0,40970.0,49029.75,40528.86956521739,57344.0,48816.90782362446,57288.0,,57344.0,41996.78962697741,54482.96927454148,52664.81849873439,56130.97337478121
store_3,2015-05-11,2015-03-23,43276.0,40970.0,49029.75,40455.34782608696,41472.0,48816.90782362446,41222.0,,41472.0,37423.71509281592,43836.96927454149,42761.3447188554,42407.91069343533
store_3,2015-05-18,2015-03-23,58526.0,40970.0,49029.75,40381.82608695652,54784.0,48816.90782362446,50543.0,,54784.0,40646.497701511566,51381.302607874815,49961.17468726836,52400.255431633894
store_3,2015-04-27,2015-04-20,56267.0,41735.0,49347.75,41670.378151260506,52224.0,49390.05247626088,58212.0,,52224.0,41797.025803931625,53275.35082542029,51341.24852879026,54015.027705199354
store_3,2015-05-04,2015-04-20,58306.0,41735.0,49347.75,41605.75630252101,58368.0,49390.05247626088,57288.0,,58368.0,42533.50839696884,55015.35082542029,53284.74939086018,56717.858323435554
store_3,2015-05-11,2015-04-20,43276.0,41735.0,49347.75,41541.13445378151,41984.0,49390.05247626088,41222.0,,41984.0,37888.56241857748,44198.68415875362,43199.34477132591,42741.4322024044
store_3,2015-05-18,2015-04-20,58526.0,41735.0,49347.75,41476.512605042015,55296.0,49390.05247626088,50543.0,,55296.0,41112.616440186124,51743.017492086954,50399.966962394465,52733.77694060297
store_3,2015-05-25,2015-04-20,42268.0,41735.0,49347.75,41411.89075630252,39936.0,49390.05247626088,44844.0,,39936.0,38094.95617608048,44723.35082542029,43411.147266901506,43051.06939953873
store_3,2015-06-01,2015-04-20,62080.0,41735.0,49347.75,41347.268907563026,60416.0,49390.05247626088,61720.0,,60416.0,43422.29591197484,57175.35082542029,55160.22257336412,59350.290303170455
store_3,2015-06-08,2015-04-20,45780.0,41735.0,49347.75,41282.64705882353,45056.0,49390.05247626088,44139.0,,45056.0,38707.20707644063,46195.017492086954,45041.14424811295,45327.17228786234
store_3,2015-06-15,2015-04-20,57571.0,41735.0,49347.75,41218.02521008404,55296.0,49390.05247626088,55198.0,,55296.0,41740.68966947784,53294.68415875362,51603.2962271173,54434.21548273436
store_3,2015-05-25,2015-05-18,42268.0,58526.0,50793.416666666664,58599.9918699187,40960.0,51327.2815406138,44844.0,,40960.0,43578.67001102845,45710.4271802046,47165.39936814997,43828.73057245053
store_3,2015-06-01,2015-05-18,62080.0,58526.0,50793.416666666664,58673.9837398374,62464.0,51327.2815406138,61720.0,,62464.0,49072.097421016835,58503.76051353793,59292.25948246231,60634.67835545279
store_3,2015-06-08,2015-05-18,45780.0,58526.0,50793.416666666664,58747.9756097561,45056.0,51327.2815406138,44139.0,,45056.0,44084.23911671951,46840.760513537934,48454.62759119562,45598.10658140361
store_3,2015-06-15,2015-05-18,57571.0,58526.0,50793.416666666664,58821.96747967479,55296.0,51327.2815406138,55198.0,,55296.0,47137.52366956504,53940.4271802046,55029.11825342794,54705.14977627563
store_3,2015-06-22,2015-05-18,43437.0,58526.0,50793.416666666664,58895.9593495935,45056.0,51327.2815406138,45466.0,,45056.0,44294.95107955342,47283.09384687126,48817.39243472995,46082.85028611003
store_3,2015-06-29,2015-05-18,69082.0,58526.0,50793.416666666664,58969.95121951219,65536.0,51327.2815406138,63612.0,,65536.0,49823.52134668466,60158.4271802046,60913.38212378032,62845.99319801391
store_3,2015-07-06,2015-05-18,54733.0,58526.0,50793.416666666664,59043.9430894309,53248.0,51327.2815406138,50705.0,,53248.0,46234.80589953019,51760.09384687126,53134.32480743938,52050.43492842687
store_3,2015-07-13,2015-05-18,63613.0,58526.0,50793.416666666664,59117.93495934959,58368.0,51327.2815406138,60628.0,,58368.0,48394.37616666144,56774.4271802046,57582.31083516715,58208.8709694406
store_30,2015-02-02,2015-01-26,24086.0,23925.0,23527.0,23870.96261682243,23934.541172295136,22452.729227113206,27909.0,,23934.541172295136,20802.747573747252,24765.423466469445,24264.136065965,24480.804119924134
store_30,2015-02-09,2015-01-26,18776.0,23925.0,23527.0,23816.92523364486,18268.96202028835,22452.729227113206,22141.0,,18268.96202028835,19161.659497292345,20954.230415800517,20909.63521286487,19661.5160488528
store_30,2015-02-16,2015-01-26,23433.0,23925.0,23527.0,23762.88785046729,21951.563604806717,22452.729227113206,24125.0,,21951.563604806717,19963.454383198172,22843.097610639976,22842.56567044711,22450.80165370291
store_30,2015-02-23,2015-01-26,19813.0,23925.0,23527.0,23708.850467289718,20779.28426760685,22452.729227113206,22453.0,,20779.28426760685,19549.409137429968,21895.004498240018,22079.509422781884,21360.582775017177
store_30,2015-03-02,2015-01-26,23548.0,23925.0,23527.0,23654.81308411215,22458.56867171418,22452.729227113206,26455.0,,22458.56867171418,20353.301568991363,23788.765966275794,23376.506088312206,23234.764461626368
store_30,2015-03-09,2015-01-26,18499.0,23925.0,23527.0,23600.77570093458,18064.69085310738,22452.729227113206,19676.0,,18064.69085310738,18749.45654016502,20064.473360073527,20462.181654328055,19048.886929332322
store_30,2015-03-16,2015-01-26,23410.0,23925.0,23527.0,23546.73831775701,22990.480565186317,22452.729227113206,24317.0,,22990.480565186317,20108.421158579506,23253.40326409984,23317.99917745713,23166.200043226665
store_30,2015-03-23,2015-01-26,20196.0,23925.0,23527.0,23492.70093457944,19303.125411835048,22452.729227113206,20816.0,,19303.125411835048,19073.7936533611,20857.284879649418,21167.066822398603,20078.837940227313
store_30,2015-03-02,2015-02-23,23548.0,19813.0,21909.75,19723.864864864863,21951.338138383475,21980.304751759202,26455.0,,21951.338138383475,18833.32253642965,23462.214296714224,22121.257937849685,22831.4841586775
store_30,2015-03-09,2015-02-23,18499.0,19813.0,21909.75,19634.72972972973,18077.29740539935,21980.304751759202,19676.0,,18077.29740539935,17298.72598384118,19911.20071905285,19439.18261597537,18984.88614390881
store_30,2015-03-16,2015-02-23,23410.0,19813.0,21909.75,19545.594594594593,23012.815844758363,21980.304751759202,24317.0,,23012.815844758363,18654.066455873166,23103.37353217252,22295.886036278105,23108.54885845499
store_30,2015-03-23,2015-02-23,20196.0,19813.0,21909.75,19456.45945945946,19318.85548793668,21980.304751759202,20816.0,,19318.85548793668,17613.48138559362,20705.05341323196,20138.43120981983,20016.875769747658
store_30,2015-03-30,2015-02-23,24046.0,19813.0,21909.75,19367.324324324323,24735.94192154052,21980.304751759202,26027.0,,24735.94192154052,19119.045856803434,24247.748891099905,23290.575114150077,24565.675106878745
store_30,2015-04-06,2015-02-23,16513.0,19813.0,21909.75,19278.18918918919,17084.632755916653,21980.304751759202,22763.0,,17084.632755916653,17546.982385266434,20609.312502558616,19370.26196401555,18937.262220000655
store_30,2015-04-13,2015-02-23,24300.0,19813.0,21909.75,19189.054054054053,23682.344037210794,21980.304751759202,26391.0,,23682.344037210794,18995.064691860578,24017.882929656666,22843.98170677302,23948.806757079117
store_30,2015-04-20,2015-02-23,19490.0,19813.0,21909.75,19099.91891891892,20390.69561047385,21980.304751759202,19687.0,,20390.69561047385,17554.38132587885,20686.00012074435,20436.188957372186,20496.8992901516
store_30,2015-03-30,2015-03-23,24046.0,20196.0,21740.333333333332,20113.295652173914,24778.849311018992,21696.74654121611,26027.0,,24778.849311018992,19221.746405391765,24167.531950745033,23375.37128133044,24550.326248923513
store_30,2015-04-06,2015-03-23,16513.0,20196.0,21740.333333333332,20030.591304347825,17452.865975045912,21696.74654121611,22763.0,,17452.865975045912,17697.076736277595,20637.537505420674,19603.258105296838,19134.242173465726
store_30,2015-04-13,2015-03-23,24300.0,20196.0,21740.333333333332,19947.88695652174,23660.44805073177,21696.74654121611,26391.0,,23660.44805073177,19090.344983114708,23916.064863982625,22900.67818518077,23891.16299801552
store_30,2015-04-20,2015-03-23,19490.0,20196.0,21740.333333333332,19865.182608695653,20115.768423155503,21696.74654121611,19687.0,,20115.768423155503,17614.432986628657,20499.838321457202,20378.767532185433,20274.11089998344
store_30,2015-04-27,2015-03-23,23032.0,20196.0,21740.333333333332,19782.478260869564,22751.21306150437,21696.74654121611,23357.0,,22751.21306150437,18503.395885274767,22601.653200906825,22061.69498629438,22707.789043796543
store_30,2015-05-04,2015-03-23,24688.0,20196.0,21740.333333333332,19699.77391304348,25602.013014026666,21696.74654121611,26684.0,,25602.013014026666,19374.123828802796,24660.91985174759,23795.95005311843,25215.327234200333
store_30,2015-05-11,2015-03-23,15575.0,20196.0,21740.333333333332,19617.069565217393,16263.213351224957,21696.74654121611,21945.0,,16263.213351224957,17351.1946844274,19968.31996414702,18911.598760472192,18198.740918965323
store_30,2015-05-18,2015-03-23,23211.0,20196.0,21740.333333333332,19534.365217391303,25240.1225821723,21696.74654121611,25946.0,,25240.1225821723,19193.366810587577,24294.289707796135,23515.468631089327,24835.633113848224
store_30,2015-04-27,2015-04-20,23032.0,19490.0,21342.5,19404.14285714286,22722.535308633178,21408.86901881922,23357.0,,22722.535308633178,18246.435312085036,22496.134775817467,21867.91865855104,22645.058686053086
store_30,2015-05-04,2015-04-20,24688.0,19490.0,21342.5,19318.285714285714,25569.555581850567,21408.86901881922,26684.0,,25569.555581850567,19116.1729021365,24554.141533556594,23600.142631365885,25150.130011728605
store_30,2015-05-11,2015-04-20,15575.0,19490.0,21342.5,19232.428571428572,16233.655059503646,21408.86901881922,21945.0,,16233.655059503646,17093.207521393062,19862.508026107622,18716.789470141295,18135.435864255272
store_30,2015-05-18,2015-04-20,23211.0,19490.0,21342.5,19146.571428571428,25205.299401669818,21408.86901881922,25946.0,,25205.299401669818,18934.17712129435,24186.722806829675,23317.954619599892,24768.891850035547
store_30,2015-05-25,2015-04-20,16977.0,19490.0,21342.5,19060.714285714286,17425.759213514342,21408.86901881922,19287.0,,17425.759213514342,16859.263216863976,19373.876077444518,18881.057216166326,18396.64416221257
store_30,2015-06-01,2015-04-20,24734.0,19490.0,21342.5,18974.85714285714,23783.516028694186,21408.86901881922,22506.0,,23783.516028694186,18215.10602719579,22566.128349171137,22191.00667790495,23172.050536705297
store_30,2015-06-08,2015-04-20,18837.0,19490.0,21342.5,18889.0,18707.260872009036,21408.86901881922,15901.0,,18707.260872009036,16534.089984404036,18672.376630276085,18987.499930625512,18574.64267698227
store_30,2015-06-15,2015-04-20,23179.0,19490.0,21342.5,18803.14285714286,23331.454455720683,21408.86901881922,22110.0,,23331.454455720683,18069.423761668964,22283.441158179965,21915.2070864486,22800.005263532697
store_30,2015-05-25,2015-05-18,16977.0,23211.0,21375.666666666668,23158.18699186992,17388.366852685976,20925.41558822633,19287.0,,17388.366852685976,17906.51944277841,19200.260813637433,19599.523680351274,18298.32462260806
store_30,2015-06-01,2015-05-18,24734.0,23211.0,21375.666666666668,23105.37398373984,23654.291608980373,20890.593436475763,22506.0,,23654.291608980373,19248.989385123234,22350.295015152045,22867.44259109731,23008.47148424412
store_30,2015-06-08,2015-05-18,18837.0,23211.0,21375.666666666668,23052.560975609755,18721.507375166544,20855.7712847252,15901.0,,18721.507375166544,17588.215186024023,18492.75955329725,19728.628606515336,18499.378153091442
store_30,2015-06-15,2015-05-18,23179.0,23211.0,21375.666666666668,22999.747967479674,23203.57064514815,20820.949132974634,22110.0,,23203.57064514815,19102.99063032416,22044.839926040928,22591.49208594571,22626.653311832582
store_30,2015-06-22,2015-05-18,16864.0,23211.0,21375.666666666668,22946.934959349594,17343.112653612734,20786.12698122407,17271.0,,17343.112653612734,17561.977322979008,18466.7465449456,19270.558099612183,17855.490675233585
store_30,2015-06-29,2015-05-18,24321.0,23211.0,21375.666666666668,22894.121951219513,23774.562613213104,20751.30482947351,23137.0,,23774.562613213104,19306.236580081826,22554.289147562202,22971.231254366365,23188.367621788464
store_30,2015-07-06,2015-05-18,18510.0,23211.0,21375.666666666668,22841.308943089432,19254.348921132932,20716.482677722943,18135.0,,19254.348921132932,17933.40102980171,19368.610532951956,20236.148871730173,19260.24101307739
store_30,2015-07-13,2015-05-18,23535.0,23211.0,21375.666666666668,22788.49593495935,23276.182717167052,20681.66052597238,20744.0,,23276.182717167052,18868.14369210935,21567.281081046476,22403.81762640661,22387.136219512427
store_31,2015-02-02,2015-01-26,47442.0,47896.0,48066.583333333336,47949.785046728975,47520.0433061625,46115.62343154164,48939.0,,47520.0433061625,40926.71930253806,47524.88891256804,47689.750694168615,47620.87221417835
store_31,2015-02-09,2015-01-26,39169.0,47896.0,48066.583333333336,48003.57009345794,39793.66240005131,46196.60748486808,34908.0,,39793.66240005131,37837.77475881581,40299.42329497313,41224.375384607505,39587.225871722905
store_31,2015-02-16,2015-01-26,43547.0,47896.0,48066.583333333336,48057.35514018692,42521.30815605183,46277.59153819452,43603.0,,42521.30815605183,39488.83402396666,44133.966564748785,44001.08545886196,43031.578983802894
store_31,2015-02-23,2015-01-26,36464.0,47896.0,48066.583333333336,48111.14018691589,36890.38228002277,46358.57559152097,36310.0,,36890.38228002277,37661.811627398994,39852.98595718124,39669.31323768346,37647.712866007125
store_31,2015-03-02,2015-01-26,47477.0,47896.0,48066.583333333336,48164.92523364486,48463.57403347927,46439.5596448474,45167.0,,48463.57403347927,40599.66317790069,46690.04455944222,47810.71238239098,47754.62054961726
store_31,2015-03-09,2015-01-26,39574.0,47896.0,48066.583333333336,48218.71028037383,38443.07397951708,46520.543698173846,35326.0,,38443.07397951708,37781.55875591401,40096.53922589697,40498.96489907714,38669.84137888479
store_31,2015-03-16,2015-01-26,47186.0,47896.0,48066.583333333336,48272.495327102806,47773.16876107931,46601.52775150029,44032.0,,47773.16876107931,40377.39645328796,46135.5655041932,47265.805047045425,47069.64652453006
store_31,2015-03-23,2015-01-26,37412.0,47896.0,48066.583333333336,48326.280373831774,38538.92040301873,46682.51180482673,37886.0,,38538.92040301873,38199.47084500151,41035.810735948486,40904.87519994627,39165.71386804275
store_31,2015-03-02,2015-02-23,47477.0,36464.0,44781.666666666664,36412.85585585586,48375.481805261436,45847.21099841083,45167.0,,48375.481805261436,36721.173618027824,46463.23093455742,46039.50727497984,47635.33954694136
store_31,2015-03-09,2015-02-23,39574.0,36464.0,44781.666666666664,36361.71171171171,38384.91203888467,45919.96458970591,35326.0,,38384.91203888467,33891.17928670985,39876.958876196855,38738.775512676555,38572.277491422086
store_31,2015-03-16,2015-02-23,47186.0,36464.0,44781.666666666664,36310.56756756757,47778.47299451914,45992.718181000986,44032.0,,47778.47299451914,36479.917915679194,45934.39705850671,45536.89129497196,47018.961094590115
store_31,2015-03-23,2015-02-23,37412.0,36464.0,44781.666666666664,36259.423423423425,38502.32871963872,46065.47177229606,37886.0,,38502.32871963872,34279.84151171784,40817.93349731159,39143.58506485531,39082.85570858062
store_31,2015-03-30,2015-02-23,62981.0,36464.0,44781.666666666664,36208.27927927928,58759.98559163867,46138.22536359114,47537.0,,58759.98559163867,38555.593843025104,50811.7369850766,52626.67968425538,55831.7979751706
store_31,2015-04-06,2015-02-23,31485.0,36464.0,44781.666666666664,36157.13513513513,30782.270720416233,46210.97895488622,36976.0,,30782.270720416233,33053.15021101489,37989.74989176748,34366.72153775097,33158.17193587013
store_31,2015-04-13,2015-02-23,49390.0,36464.0,44781.666666666664,36105.99099099099,49904.03943656566,46283.732546181294,50560.0,,49904.03943656566,37728.48994862923,48915.92399424898,47670.066786765354,49683.87852679184
store_31,2015-04-20,2015-02-23,36909.0,36464.0,44781.666666666664,36054.84684684685,36803.91244834487,46356.48613747637,29436.0,,36803.91244834487,32842.416014190676,37532.13286194041,37037.805372525196,36483.29837447339
store_31,2015-03-30,2015-03-23,62981.0,37412.0,42676.75,37370.87826086956,58508.450032005494,45745.031821822275,47537.0,,58508.450032005494,38464.301444956756,50596.82728460925,52430.03014298915,55607.770692126025
store_31,2015-04-06,2015-03-23,31485.0,37412.0,42676.75,37329.75652173913,30720.682914075987,45812.342982367765,36976.0,,30720.682914075987,32989.647488311835,37836.341965481246,34285.04903428569,33076.17018836411
store_31,2015-04-13,2015-03-23,49390.0,37412.0,42676.75,37288.63478260869,49864.37939934682,45879.654142913256,50560.0,,49864.37939934682,37668.774046409824,48768.011180753354,47601.86601823376,49617.840093739185
store_31,2015-04-20,2015-03-23,36909.0,37412.0,42676.75,37247.51304347826,36804.94516918173,45946.965303458746,29436.0,,36804.94516918173,32789.16764515982,37395.97015754682,36994.41276354648,36447.30227269678
store_31,2015-04-27,2015-03-23,45745.0,37412.0,42676.75,37206.391304347824,46924.42509536031,46014.27646400424,44328.0,,46924.42509536031,36365.97755195891,45755.56718645485,45027.89978424353,46427.45971438911
store_31,2015-05-04,2015-03-23,52509.0,37412.0,42676.75,37165.26956521739,52997.27352309529,46081.58762454973,49773.0,,52997.27352309529,38015.125816123196,49617.287049215,49400.176092299036,51860.659103061414
store_31,2015-05-11,2015-03-23,36733.0,37412.0,42676.75,37124.147826086955,36937.47681966834,46148.89878509522,36087.0,,36937.47681966834,33769.467632978645,39724.458534921185,37937.950443693706,37628.55598980432
store_31,2015-05-18,2015-03-23,51731.0,37412.0,42676.75,37083.026086956525,50834.388414262634,46216.20994564071,46370.0,,50834.388414262634,37227.482063837124,47806.86611996777,47659.9612749056,49705.737487344326
store_31,2015-04-27,2015-04-20,45745.0,36909.0,43253.0,36865.033613445376,46998.260480748424,46062.71697180529,44328.0,,46998.260480748424,36345.14443799987,45796.32581751791,45063.70307696192,46487.20648961421
store_31,2015-05-04,2015-04-20,52509.0,36909.0,43253.0,36821.06722689076,53171.124801858925,46130.87671881762,49773.0,,53171.124801858925,38008.29553536676,49691.667173558846,49496.287548275985,51995.522108994184
store_31,2015-05-11,2015-04-20,36733.0,36909.0,43253.0,36777.100840336134,36997.08427413753,46199.03646582996,36087.0,,36997.08427413753,33746.03165432909,39761.04024665583,37964.93011778472,37677.78020654791
store_31,2015-05-18,2015-04-20,51731.0,36909.0,43253.0,36733.13445378151,50943.40509704684,46267.19621284229,46370.0,,50943.40509704684,37210.81939481009,47860.200436629704,47716.676291471995,49792.10870970193
store_31,2015-05-25,2015-04-20,37120.0,36909.0,43253.0,36689.16806722689,35839.92234938616,46335.35595985463,37785.0,,35839.92234938616,33830.20662520967,39986.759436413595,37488.95042784488,37093.382623706
store_31,2015-06-01,2015-04-20,47199.0,36909.0,43253.0,36645.20168067227,47331.026688608246,46403.51570686696,54046.0,,47331.026688608246,37798.24915373535,49260.18079849173,46527.25031611533,48321.66260698865
store_31,2015-06-08,2015-04-20,40028.0,36909.0,43253.0,36601.23529411765,39759.36887018173,46471.675453879296,34728.0,,39759.36887018173,33960.32565973981,40319.68144135368,39467.560400937,39557.40730092308
store_31,2015-06-15,2015-04-20,50223.0,36909.0,43253.0,36557.268907563026,50273.117752236125,46539.835200891626,43764.0,,50273.117752236125,36756.60312295582,46858.98431770925,46985.01739102848,48896.910754798075
store_31,2015-05-25,2015-05-18,37120.0,51731.0,44927.666666666664,51808.96747967479,35773.00935688548,46298.88222341559,37785.0,,35773.00935688548,38332.07510380607,39952.29719343369,39429.27206564042,37039.90408720285
store_31,2015-06-01,2015-05-18,47199.0,51731.0,44927.666666666664,51886.93495934959,47258.209675876606,46366.68883906429,54046.0,,47258.209675876606,42316.64287727959,49223.63283831363,48471.49921407823,48263.72268788864
store_31,2015-06-08,2015-05-18,40028.0,51731.0,44927.666666666664,51964.90243902439,39758.14821210313,46434.495454713004,34728.0,,39758.14821210313,38506.316110358166,40306.881222272044,41462.556579100674,39553.153066915744
store_31,2015-06-15,2015-05-18,50223.0,51731.0,44927.666666666664,52042.86991869919,50259.615053395755,46502.30207036171,43764.0,,50259.615053395755,41318.2076727319,46841.97237458582,48980.087698978234,48883.40982983783
store_31,2015-06-22,2015-05-18,38593.0,51731.0,44927.666666666664,52120.83739837398,39265.99935269056,46570.10868601042,36510.0,,39265.99935269056,38732.23030053452,40782.036012900324,41414.13395508718,39481.07282750366
store_31,2015-06-29,2015-05-18,53051.0,51731.0,44927.666666666664,52198.80487804878,51283.2846809739,46637.91530165912,48835.0,,51283.2846809739,42230.52450390692,48918.73332754434,50270.95074782485,50474.62521951343
store_31,2015-07-06,2015-05-18,40798.0,51731.0,44927.666666666664,52276.772357723574,40762.13188530477,46705.721917307834,38198.0,,40762.13188530477,39228.75611814326,41888.6179342042,42554.77973279316,40885.729265967515
store_31,2015-07-13,2015-05-18,51329.0,51731.0,44927.666666666664,52354.739837398374,50239.92909901925,46773.528532956545,48361.0,,50239.92909901925,42055.409162291544,48458.152543991935,49599.014045032,49628.185735524676
store_32,2015-02-02,2015-01-26,28465.0,29173.0,26442.833333333332,29185.58878504673,29861.284515007745,24361.834285086643,30258.0,,29861.284515007745,24183.220131210634,28160.372933364793,29152.864453683545,29411.272202541553
store_32,2015-02-09,2015-01-26,20466.0,29173.0,26442.833333333332,29198.17757009346,22659.481461663396,24361.834285086643,20008.0,,22659.481461663396,21691.903807168117,22343.10524891668,23458.30716188253,22157.28384190376
store_32,2015-02-16,2015-01-26,28038.0,29173.0,26442.833333333332,29210.766355140186,28771.46379505211,24361.834285086643,26583.0,,28771.46379505211,23506.128252658895,26572.09936004625,27869.683797171903,27774.741753835136
store_32,2015-02-23,2015-01-26,20009.0,29173.0,26442.833333333332,29223.355140186915,20335.59904411093,24361.834285086643,19522.0,,20335.59904411093,21294.088828959688,21406.47777639919,22184.224282039908,20532.3407976312
store_32,2015-03-02,2015-01-26,29023.0,29173.0,26442.833333333332,29235.943925233645,30069.632593822793,24361.834285086643,28144.0,,30069.632593822793,23918.1777339252,27525.155626303145,28840.958484762188,29009.603602452888
store_32,2015-03-09,2015-01-26,19078.0,29173.0,26442.833333333332,29248.532710280375,19694.52803237232,24361.834285086643,18315.0,,19694.52803237232,21033.675480153237,20790.454105819656,21620.297301668706,19811.889467943427
store_32,2015-03-16,2015-01-26,28128.0,29173.0,26442.833333333332,29261.1214953271,29156.106402095273,24361.834285086643,26313.0,,29156.106402095273,23529.699359406048,26610.31356239397,28014.51270852436,27954.79459727319
store_32,2015-03-23,2015-01-26,19712.0,29173.0,26442.833333333332,29273.71028037383,21104.287678626693,24361.834285086643,17605.0,,21104.287678626693,21137.2379396315,21023.707321237776,22195.843454655605,20542.73074721866
store_32,2015-03-02,2015-02-23,29023.0,20009.0,25248.083333333332,19938.576576576575,29482.159102712387,24359.12425871517,28144.0,,29482.159102712387,21025.849038762495,27328.427787142515,27171.955553512602,28629.71769968738
store_32,2015-03-09,2015-02-23,19078.0,20009.0,25248.083333333332,19868.153153153155,19047.21326493469,24359.12425871517,18315.0,,19047.21326493469,18120.93914430519,20573.779174549953,19915.22765819904,19393.335234521848
store_32,2015-03-16,2015-02-23,28128.0,20009.0,25248.083333333332,19797.72972972973,28566.16842378021,24359.12425871517,26313.0,,28566.16842378021,20613.300820794062,26412.764227498457,26332.84639297497,27573.316188264896
store_32,2015-03-23,2015-02-23,19712.0,20009.0,25248.083333333332,19727.306306306305,20473.543516900652,24359.12425871517,17605.0,,20473.543516900652,18203.15105932221,20812.555925205274,20487.767792715036,20134.884134024353
store_32,2015-03-30,2015-02-23,33181.0,20009.0,25248.083333333332,19656.882882882885,32883.431304623,24359.12425871517,27782.0,,32883.431304623,21419.788825650627,28341.51852111272,28806.10658130178,30735.721609126475
store_32,2015-04-06,2015-02-23,17497.0,20009.0,25248.083333333332,19586.45945945946,16663.28117885263,24359.12425871517,18322.0,,16663.28117885263,17741.135461480084,19781.468479189265,18687.78057739538,17854.658051231607
store_32,2015-04-13,2015-02-23,30334.0,20009.0,25248.083333333332,19516.036036036036,29932.11943622293,24359.12425871517,26480.0,,29932.11943622293,20792.051866329635,26923.747898312697,27039.75426788967,28498.334697449387
store_32,2015-04-20,2015-02-23,19542.0,20009.0,25248.083333333332,19445.61261261261,20139.974074888865,24359.12425871517,16471.0,,20139.974074888865,17953.256325649996,20323.366111201343,20073.29533980153,19631.65397812852
store_32,2015-03-30,2015-03-23,33181.0,19712.0,24578.416666666668,19641.44347826087,32669.353243086698,24350.202884369835,27782.0,,32669.353243086698,21247.630896054867,28267.185375818844,28623.93404590946,30596.49501960479
store_32,2015-04-06,2015-03-23,17497.0,19712.0,24578.416666666668,19570.88695652174,16559.925531998313,24350.202884369835,18322.0,,16559.925531998313,17584.776005650936,19744.042805456047,18561.773394352953,17786.978246884577
store_32,2015-04-13,2015-03-23,30334.0,19712.0,24578.416666666668,19500.33043478261,29644.932912852157,24350.202884369835,26480.0,,29644.932912852157,20609.411842667323,26825.045265740664,26820.472195338276,28311.866766340787
store_32,2015-04-20,2015-03-23,19542.0,19712.0,24578.416666666668,19429.77391304348,19837.98514669484,24350.202884369835,16471.0,,19837.98514669484,17768.482658682115,20219.729343688225,19846.49418643742,19435.621005641446
store_32,2015-04-27,2015-03-23,29658.0,19712.0,24578.416666666668,19359.217391304348,28706.93162435882,24350.202884369835,28237.0,,28706.93162435882,20706.252652385665,27098.044836242883,26684.844840777816,28151.479801592726
store_32,2015-05-04,2015-03-23,31578.0,19712.0,24578.416666666668,19288.660869565218,31456.895897019836,24350.202884369835,29572.0,,31456.895897019836,21279.739473945934,28459.699593796555,28341.084883926254,30267.131353791334
store_32,2015-05-11,2015-03-23,20040.0,19712.0,24578.416666666668,19218.104347826087,20144.72364732538,24350.202884369835,18495.0,,20144.72364732538,18071.206792312565,20996.642177231737,20390.711244457972,20147.29702519818
store_32,2015-05-18,2015-03-23,29229.0,19712.0,24578.416666666668,19147.547826086957,29707.957712301468,24350.202884369835,27295.0,,29707.957712301468,20684.446441346416,27117.720198890434,26990.529953238936,28559.349053392016
store_32,2015-04-27,2015-04-20,29658.0,19542.0,24456.083333333332,19472.386554621848,28977.76562596721,24378.721926437687,28237.0,,28977.76562596721,20723.42249148001,27197.829184134964,26811.06650682266,28329.34333044185
store_32,2015-05-04,2015-04-20,31578.0,19542.0,24456.083333333332,19402.7731092437,31748.810348595107,24378.721926437687,29572.0,,31748.810348595107,21300.055531087117,28566.510758344262,28478.066448204943,30458.616681166957
store_32,2015-05-11,2015-04-20,20040.0,19542.0,24456.083333333332,19333.159663865546,20542.710735879456,24378.721926437687,18495.0,,20542.710735879456,18106.810808502287,21138.810887439045,20581.573097618668,20407.32453703238
store_32,2015-05-18,2015-04-20,29229.0,19542.0,24456.083333333332,19263.546218487394,29991.145705873234,24378.721926437687,27295.0,,29991.145705873234,20703.785312018805,27221.622544103637,27123.213849693,28745.195504322375
store_32,2015-05-25,2015-04-20,21266.0,19542.0,24456.083333333332,19193.932773109245,20146.840320852007,24378.721926437687,20115.0,,20146.840320852007,18261.79690767604,21546.854082429898,20693.83496643047,20562.497116895982
store_32,2015-06-01,2015-04-20,32318.0,19542.0,24456.083333333332,19124.319327731093,30399.53175050279,24378.721926437687,29908.0,,30399.53175050279,21115.5223340007,28228.75122564682,27841.299790202247,29671.97732344487
store_32,2015-06-08,2015-04-20,21930.0,19542.0,24456.083333333332,19054.70588235294,21290.266303130054,24378.721926437687,19407.0,,21290.266303130054,18304.111063607714,21691.99607652258,21123.35466195978,21121.745866325662
store_32,2015-06-15,2015-04-20,31512.0,19542.0,24456.083333333332,18985.092436974788,31970.497781010476,24378.721926437687,26801.0,,31970.497781010476,20876.19935396518,27716.73990248272,28009.89093832084,29898.89382103055
store_32,2015-05-25,2015-05-18,21266.0,29229.0,25583.333333333332,29240.406504065042,19993.90498879552,24476.67030181484,20115.0,,19993.90498879552,21234.04501828696,21528.52509687012,22077.590520783535,20473.480601156254
store_32,2015-06-01,2015-05-18,32318.0,29229.0,25583.333333333332,29251.81300813008,30289.31719947618,24476.67030181484,29908.0,,30289.31719947618,24105.44769182206,28224.66250043034,29252.299099018084,29610.566189611025
store_32,2015-06-08,2015-05-18,21930.0,29229.0,25583.333333333332,29263.219512195123,21105.912685431656,24476.67030181484,19407.0,,21105.912685431656,21295.019404682134,21663.194329082165,22502.309425205913,21012.42743303984
store_32,2015-06-15,2015-05-18,31512.0,29229.0,25583.333333333332,29274.62601626016,31833.2554459894,24476.67030181484,26801.0,,31833.2554459894,23885.412156771104,27703.641915934746,29418.316956613446,29820.01783095461
store_32,2015-06-22,2015-05-18,20913.0,29229.0,25583.333333333332,29286.032520325203,20753.969274420728,24476.67030181484,19797.0,,20753.969274420728,21303.715061413444,21675.87985874519,22403.002015618047,20883.94693016574
store_32,2015-06-29,2015-05-18,32278.0,29229.0,25583.333333333332,29297.439024390245,30009.54867984177,24476.67030181484,31350.0,,30009.54867984177,24277.9987627686,28612.072993885537,29400.717593152163,29795.60497124367
store_32,2015-07-06,2015-05-18,22600.0,29229.0,25583.333333333332,29308.845528455284,21665.822657494515,24476.67030181484,19522.0,,21665.822657494515,21397.95311729971,21888.164319769785,22812.419616037096,21403.405220584486
store_32,2015-07-13,2015-05-18,32021.0,29229.0,25583.333333333332,29320.252032520326,30537.463796358177,24476.67030181484,28250.0,,30537.463796358177,23913.817066289525,27754.711366057672,29052.655120902866,29350.297003716027
store_33,2015-02-02,2015-01-26,34837.0,34053.0,34567.666666666664,34057.42056074766,35904.0,30593.115196076793,34903.0,,35904.0,29154.028917641586,33800.03839869226,34798.039532892464,34991.4523107397
store_33,2015-02-09,2015-01-26,25830.0,34053.0,34567.666666666664,34061.84112149533,25856.0,30593.115196076793,26036.0,,25856.0,26452.51756917697,27495.03839869226,28455.248031668478,26494.46094839196
store_33,2015-02-16,2015-01-26,31584.0,34053.0,34567.666666666664,34066.26168224299,31616.0,30593.115196076793,30976.0,,31616.0,27981.720506426635,31061.70506535893,32065.54505476109,31330.144040370873
store_33,2015-02-23,2015-01-26,28316.0,34053.0,34567.666666666664,34070.68224299065,25920.0,30593.115196076793,24303.0,,25920.0,26215.352015104872,26938.705065358932,28167.509756354473,26108.029465537475
store_33,2015-03-02,2015-01-26,32715.0,34053.0,34567.666666666664,34075.102803738315,32512.0,30593.115196076793,32074.0,,32512.0,28267.84066664025,31726.371732025596,32688.396872693742,32163.494863775566
store_33,2015-03-09,2015-01-26,27428.0,34053.0,34567.666666666664,34079.52336448598,25920.0,30593.115196076793,24870.0,,25920.0,26297.615032461348,27127.705065358932,28272.456283242762,26247.619490291785
store_33,2015-03-16,2015-01-26,33096.0,34053.0,34567.666666666664,34083.943925233645,32576.0,30593.115196076793,30501.0,,32576.0,28053.5322554253,31223.371732025596,32430.064322945724,31816.453864096904
store_33,2015-03-23,2015-01-26,27967.0,34053.0,34567.666666666664,34088.36448598131,27840.0,30593.115196076793,25550.0,,27840.0,26670.306621246393,27994.371732025596,29298.845688074,27621.529685097514
store_33,2015-03-02,2015-02-23,32715.0,28316.0,32085.916666666668,28268.576576576575,32256.0,30569.898640736785,32074.0,,32256.0,26224.341697711432,31633.29954691226,31385.0059072559,31999.71620464492
store_33,2015-03-09,2015-02-23,27428.0,28316.0,32085.916666666668,28221.153153153155,26112.0,30569.898640736785,24870.0,,26112.0,24310.709780079513,27183.966213578926,27174.88358368837,26365.357647466455
store_33,2015-03-16,2015-02-23,33096.0,28316.0,32085.916666666668,28173.72972972973,32768.0,30569.898640736785,30501.0,,32768.0,26059.220719590452,31279.632880245594,31328.15236961365,31934.19202127157
store_33,2015-03-23,2015-02-23,27967.0,28316.0,32085.916666666668,28126.306306306305,27136.0,30569.898640736785,25550.0,,27136.0,24540.588801958536,27751.966213578926,27772.279441642,27176.23420966155
store_33,2015-03-30,2015-02-23,42637.0,28316.0,32085.916666666668,28078.882882882885,38912.0,30569.898640736785,35409.0,,38912.0,27624.528312898048,34963.6328802456,35104.39475034702,37003.29714487702
store_33,2015-04-06,2015-02-23,23312.0,28316.0,32085.916666666668,28031.45945945946,24576.0,30569.898640736785,26774.0,,24576.0,24336.182109551843,27306.632880245594,26788.394609230952,25868.90388421192
store_33,2015-04-13,2015-02-23,35187.0,28316.0,32085.916666666668,27984.036036036036,36352.0,30569.898640736785,36827.0,,36352.0,27447.83590620564,34582.966213578926,34156.16436018473,35743.727780278066
store_33,2015-04-20,2015-02-23,25625.0,28316.0,32085.916666666668,27936.61261261261,24064.0,30569.898640736785,20208.0,,24064.0,23311.489702859435,24947.29954691226,25333.538603205485,23930.683426535274
store_33,2015-03-30,2015-03-23,42637.0,27967.0,30483.083333333332,27918.191304347827,39952.0,30559.213189908918,35409.0,,39952.0,27469.78397537001,35306.73772996964,35411.125456336056,37655.47811649189
store_33,2015-04-06,2015-03-23,23312.0,27967.0,30483.083333333332,27869.38260869565,24840.0,30559.213189908918,26774.0,,24840.0,24070.382733133985,27391.071063302974,26730.986523721836,26033.45751329794
store_33,2015-04-13,2015-03-23,35187.0,27967.0,30483.083333333332,27820.573913043478,36072.0,30559.213189908918,36827.0,,36072.0,27104.124348040816,34486.071063302974,33843.44905585912,35566.43956099335
store_33,2015-04-20,2015-03-23,25625.0,27967.0,30483.083333333332,27771.765217391305,25304.0,30559.213189908918,20208.0,,25304.0,23184.72310580479,25357.071063302974,25733.741795645,24708.541548286445
store_33,2015-04-27,2015-03-23,32245.0,27967.0,30483.083333333332,27722.956521739132,31184.0,30559.213189908918,30776.0,,31184.0,25527.464720711625,30839.737729969638,30430.22220956754,31005.19117605661
store_33,2015-05-04,2015-03-23,35151.0,27967.0,30483.083333333332,27674.147826086955,35096.0,30559.213189908918,34351.0,,35096.0,26590.0634784756,33335.4043966363,32918.29666910325,34343.56734118239
store_33,2015-05-11,2015-03-23,23512.0,27967.0,30483.083333333332,27625.339130434782,23856.0,30559.213189908918,22854.0,,23856.0,23334.94795052529,25756.404396636306,25528.5242403558,24450.05909681975
store_33,2015-05-18,2015-03-23,34530.0,27967.0,30483.083333333332,27576.53043478261,34872.0,30559.213189908918,31078.0,,34872.0,26076.546708289265,32169.737729969638,32203.51662513745,33397.02736156437
store_33,2015-04-27,2015-04-20,32245.0,25625.0,30711.166666666668,25558.1512605042,30208.0,30597.171175654086,30776.0,,30208.0,24782.21272897499,30527.05705855136,29617.31942441143,30396.647515526776
store_33,2015-05-04,2015-04-20,35151.0,25625.0,30711.166666666668,25491.302521008405,33792.0,30597.171175654086,34351.0,,33792.0,25795.377194761306,32913.39039188469,31950.018635898574,33528.91315442902
store_33,2015-05-11,2015-04-20,23512.0,25625.0,30711.166666666668,25424.453781512606,23040.0,30597.171175654086,22854.0,,23040.0,22607.398803404765,25497.057058551363,24787.6578699139,23942.057156398954
store_33,2015-05-18,2015-04-20,34530.0,25625.0,30711.166666666668,25357.605042016807,34304.0,30597.171175654086,31078.0,,34304.0,25381.848983476793,31993.05705855136,31577.47753192557,33044.86508731258
store_33,2015-05-25,2015-04-20,24149.0,25625.0,30711.166666666668,25290.756302521007,24576.0,30597.171175654086,25865.0,,24576.0,23237.87059212025,27012.723725218028,26050.386682484655,25648.53732471071
store_33,2015-06-01,2015-04-20,37090.0,25625.0,30711.166666666668,25223.907563025212,35328.0,30597.171175654086,35014.0,,35328.0,26071.32077219228,33646.39039188469,32770.02817295482,34657.337982135614
store_33,2015-06-08,2015-04-20,25848.0,25625.0,30711.166666666668,25157.058823529413,24576.0,30597.171175654086,22701.0,,24576.0,22766.77095226431,25958.057058551363,25457.698206583624,24869.590519908867
store_33,2015-06-15,2015-04-20,33355.0,25625.0,30711.166666666668,25090.210084033613,32256.0,30597.171175654086,32688.0,,32256.0,25281.07827519348,31847.057058551363,30890.27204988647,32154.297806873547
store_33,2015-05-25,2015-05-18,24149.0,34530.0,31117.083333333332,34537.723577235774,25344.0,30620.277544676097,25865.0,,25344.0,26002.01206503503,27276.425848225364,27970.479098548803,26134.03566821135
store_33,2015-06-01,2015-05-18,37090.0,34530.0,31117.083333333332,34545.44715447154,36352.0,30620.277544676097,35014.0,,36352.0,28882.686861782993,33995.425848225364,34816.452177020445,35303.70307781072
store_33,2015-06-08,2015-05-18,25848.0,34530.0,31117.083333333332,34553.170731707316,25856.0,30620.277544676097,22701.0,,25856.0,25625.36165853096,26392.425848225364,27630.453798650735,25676.82236775844
store_33,2015-06-15,2015-05-18,33355.0,34530.0,31117.083333333332,34560.89430894309,32768.0,30620.277544676097,32688.0,,32768.0,28040.60788385036,32025.425848225364,32708.99918501534,32478.929398199718
store_33,2015-06-22,2015-05-18,25812.0,34530.0,31117.083333333332,34568.617886178865,26624.0,30620.277544676097,24692.0,,26624.0,26021.711252026897,27312.09251489203,28357.934230566654,26649.587949300945
store_33,2015-06-29,2015-05-18,39835.0,34530.0,31117.083333333332,34576.34146341463,38656.0,30620.277544676097,36253.0,,38656.0,29393.243191632006,35176.425848225364,36127.55866688523,37056.53390147367
store_33,2015-07-06,2015-05-18,29262.0,34530.0,31117.083333333332,34584.06504065041,28416.0,30620.277544676097,26598.0,,28416.0,26552.20370266569,28544.7591815587,29550.152915715364,28244.894345354158
store_33,2015-07-13,2015-05-18,36331.0,34530.0,31117.083333333332,34591.78861788618,35584.0,30620.277544676097,32010.0,,35584.0,28350.449927985086,32738.09251489203,33907.96834791253,34081.5464996613
store_34,2015-02-02,2015-01-26,51336.0,51907.0,49652.666666666664,51965.504672897194,50417.214445541904,47643.20581828126,44335.0,,50417.214445541904,42274.37022905529,49237.695643496605,49753.99475430421,49884.91409172915
store_34,2015-02-09,2015-01-26,42124.0,51907.0,49652.666666666664,52024.009345794395,42033.38665364188,47643.20581828126,34553.0,,42033.38665364188,39687.60978348346,46443.08637952993,44605.748026858615,44017.96173697147
store_34,2015-02-16,2015-01-26,50433.0,51907.0,49652.666666666664,52082.51401869159,47507.489075188874,47643.20581828126,42136.0,,47507.489075188874,41561.26793983262,48267.78718671227,48084.765108213374,47848.7057466837
store_34,2015-02-23,2015-01-26,45840.0,51907.0,49652.666666666664,52141.01869158878,43567.06715700589,47643.20581828126,36858.0,,43567.06715700589,40252.708333363225,46954.313213984606,45605.987029348056,45091.22214546302
store_34,2015-03-02,2015-01-26,51677.0,51907.0,49652.666666666664,52199.52336448598,52053.82202778396,47643.20581828126,47999.0,,52053.82202778396,43065.03112531683,49783.23150424396,50940.7872383764,51030.202252075935
store_34,2015-03-09,2015-01-26,40783.0,51907.0,49652.666666666664,52258.02803738318,41272.10380411148,47643.20581828126,33562.0,,41272.10380411148,39470.71490377751,46189.32542968647,44149.61887636835,43485.220569386394
store_34,2015-03-16,2015-01-26,51105.0,51907.0,49652.666666666664,52316.53271028037,50870.58003379963,47643.20581828126,42627.0,,50870.58003379963,42145.28360414685,49388.81750624919,49860.96510783938,50202.17660851947
store_34,2015-03-23,2015-01-26,41799.0,51907.0,49652.666666666664,52375.03738317757,41863.675275384274,47643.20581828126,33401.0,,41863.675275384274,39548.94073478711,46386.51592011073,44446.41719046809,43899.19873336355
store_34,2015-03-02,2015-02-23,51677.0,45840.0,47830.083333333336,45841.738738738735,52753.472430535556,47517.33516632844,47999.0,,52753.472430535556,41111.66138127658,49366.96364339911,49952.44545902888,51228.31766689926
store_34,2015-03-09,2015-02-23,40783.0,45840.0,47830.083333333336,45843.47747747748,42928.25382979878,47517.33516632844,33562.0,,42928.25382979878,37645.87854384829,46091.89077648685,43642.584257819864,44352.68867780025
store_34,2015-03-16,2015-02-23,51105.0,45840.0,47830.083333333336,45845.21621621621,52150.772778673374,47517.33516632844,42627.0,,52150.772778673374,40258.62964207876,49166.063759445045,49157.59353455999,50806.55206895595
store_34,2015-03-23,2015-02-23,41799.0,45840.0,47830.083333333336,45846.954954954956,44327.905183381205,47517.33516632844,33401.0,,44327.905183381205,37823.32551971399,46558.44122768099,44340.07094848641,45332.15629194589
store_34,2015-03-30,2015-02-23,55633.0,45840.0,47830.083333333336,45848.69369369369,56024.37999628121,47517.33516632844,47786.0,,56024.37999628121,41549.498884233806,50457.26616531433,51597.17665473711,53517.279143849766
store_34,2015-04-06,2015-02-23,36431.0,45840.0,47830.083333333336,45850.43243243243,35629.2576389248,47517.33516632844,36265.0,,35629.2576389248,36990.301224431285,43658.89204619552,40177.05531947441,39244.89496443361
store_34,2015-04-13,2015-02-23,49406.0,45840.0,47830.083333333336,45852.17117117117,49818.53168407519,47517.33516632844,44695.0,,49818.53168407519,40221.87447927259,48388.65006124565,48160.232711697994,49174.46375303952
store_34,2015-04-20,2015-02-23,41418.0,45840.0,47830.083333333336,45853.90990990991,44129.1400055079,47517.33516632844,28755.0,,44129.1400055079,37132.2097735828,46492.18616838989,43817.000774954446,45193.06161379729
store_34,2015-03-30,2015-03-23,55633.0,41799.0,46966.583333333336,41765.53913043478,54779.36332523462,46975.67234923691,47786.0,,54779.36332523462,40010.30830546281,49573.87300260162,50070.37038665802,52435.28936712636
store_34,2015-04-06,2015-03-23,36431.0,41799.0,46966.583333333336,41732.078260869566,34427.14868787779,46975.67234923691,36265.0,,34427.14868787779,35452.21180447394,42789.80145681601,38668.88493577744,38192.93175256069
store_34,2015-04-13,2015-03-23,49406.0,41799.0,46966.583333333336,41698.617391304346,48909.32643905643,46975.67234923691,44695.0,,48909.32643905643,38720.59993041871,47617.19404054222,46797.83801582574,48327.472796138245
store_34,2015-04-20,2015-03-23,41418.0,41799.0,46966.583333333336,41665.15652173913,43235.889337435125,46975.67234923691,28755.0,,43235.889337435125,35628.18593453493,45726.048340001784,42459.534474138454,44357.23557405627
store_34,2015-04-27,2015-03-23,50128.0,41799.0,46966.583333333336,41631.69565217391,48669.87300915506,46975.67234923691,49194.0,,48669.87300915506,39319.546334842744,47537.3762305751,47079.24591466757,48159.904723500586
store_34,2015-05-04,2015-03-23,53535.0,41799.0,46966.583333333336,41598.2347826087,52353.57878150346,46975.67234923691,48178.0,,52353.57878150346,39695.86703524034,48765.27815469123,48857.211868029444,50737.73990711378
store_34,2015-05-11,2015-03-23,40609.0,41799.0,46966.583333333336,41564.77391304348,40155.24095921447,46975.67234923691,36732.0,,40155.24095921447,36313.32436497546,44699.16554726157,41609.34440515036,42201.41633427606
store_34,2015-05-18,2015-03-23,50657.0,41799.0,46966.583333333336,41531.31304347826,50955.744517906496,46975.67234923691,46271.0,,50955.744517906496,39214.18760627928,48299.33340015891,47966.79606082595,49759.5438816307
store_34,2015-04-27,2015-04-20,50128.0,41418.0,46498.75,41382.46218487395,48467.21503912169,46431.93349182513,49194.0,,48467.21503912169,39056.05153083154,47132.63284364894,46808.27031237925,47866.202338937714
store_34,2015-05-04,2015-04-20,53535.0,41418.0,46498.75,41346.924369747896,52098.84757908289,46431.93349182513,48178.0,,52098.84757908289,39424.63649152227,48343.177023636,48559.56555379368,50407.59698715857
store_34,2015-05-11,2015-04-20,40609.0,41418.0,46498.75,41311.38655462185,39884.38269500077,46431.93349182513,36732.0,,39884.38269500077,36039.49324877825,44271.68872894197,41303.30842874095,41859.98779330011
store_34,2015-05-18,2015-04-20,50657.0,41418.0,46498.75,41275.8487394958,50770.18485302224,46431.93349182513,46271.0,,50770.18485302224,38952.24529776331,47900.289448282456,47703.95220491073,49477.80678835802
store_34,2015-05-25,2015-04-20,46105.0,41418.0,46498.75,41240.31092436975,43012.56747500519,46431.93349182513,40877.0,,43012.56747500519,37068.36598445715,45314.41698894344,43264.81043379445,44049.07272165415
store_34,2015-06-01,2015-04-20,49855.0,41418.0,46498.75,41204.773109243695,48845.265591064286,46431.93349182513,53814.0,,48845.265591064286,39744.674598876154,47258.64969429647,47404.70261650096,48130.75984548382
store_34,2015-06-08,2015-04-20,44912.0,41418.0,46498.75,41169.23529411765,45542.41066853144,46431.93349182513,35667.0,,45542.41066853144,36675.3327792106,46157.698053452186,44071.056527342356,45819.44180005608
store_34,2015-06-15,2015-04-20,55864.0,41418.0,46498.75,41133.6974789916,55141.12478383692,46431.93349182513,45173.0,,55141.12478383692,39399.500822093374,49357.269425220686,49814.12753161855,52536.56431011598
store_34,2015-05-25,2015-05-18,46105.0,50657.0,46931.75,50697.73170731707,43427.04771923238,47153.218112875096,40877.0,,43427.04771923238,39963.39250563207,45837.33861070249,45305.65876665147,44512.550424444344
store_34,2015-06-01,2015-05-18,49855.0,50657.0,46931.75,50738.46341463415,49247.901880836725,47153.218112875096,53814.0,,49247.901880836725,42648.90477262085,47777.62333123727,49446.42993078056,48585.949220054164
store_34,2015-06-08,2015-05-18,44912.0,50657.0,46931.75,50779.19512195122,45765.74431272152,47153.218112875096,35667.0,,45765.74431272152,39564.84393536398,46616.90414186554,46028.49879536182,46149.156259727766
store_34,2015-06-15,2015-05-18,55864.0,50657.0,46931.75,50819.92682926829,55365.58116571317,47153.218112875096,45173.0,,55365.58116571317,42300.06801540808,49816.84975952942,51779.04321770051,52867.06445487985
store_34,2015-06-22,2015-05-18,40563.0,50657.0,46931.75,50860.65853658537,40609.318448063015,47153.218112875096,38340.0,,40609.318448063015,39221.70644250335,44898.0955203127,43656.62539584277,42540.72039729034
store_34,2015-06-29,2015-05-18,56208.0,50657.0,46931.75,50901.39024390244,54875.43654637643,47153.218112875096,49378.0,,54875.43654637643,42842.399271879134,49653.4682197505,51919.6435636131,52524.064192950835
store_34,2015-07-06,2015-05-18,46275.0,50657.0,46931.75,50942.12195121951,45978.85337550245,47153.218112875096,38117.0,,45978.85337550245,39968.56334851386,46687.94049612585,46374.483432145855,46298.28870241829
store_34,2015-07-13,2015-05-18,55610.0,50657.0,46931.75,50982.85365853659,54788.99886202049,47153.218112875096,48440.0,,54788.99886202049,42707.68866191888,49624.65565829852,51797.733359770966,52463.575620384756
store_35,2015-02-02,2015-01-26,32360.0,34457.0,31143.0,34543.32710280374,33076.48309108836,31906.88648985966,32496.0,,33076.48309108836,28231.813811964537,32238.494363696118,32883.471786446484,32608.739514639234
store_35,2015-02-09,2015-01-26,24989.0,34457.0,31143.0,34629.654205607476,24926.100998161794,32000.007605740942,24559.0,,24926.100998161794,25959.251829930028,26876.03366605393,28059.022018348143,25770.35900036119
store_35,2015-02-16,2015-01-26,31539.0,34457.0,31143.0,34715.98130841122,30468.417501696356,32093.128721622226,31144.0,,30468.417501696356,27717.3610759614,30918.47250056545,31618.133865297066,30771.33430923906
store_35,2015-02-23,2015-01-26,25330.0,34457.0,31143.0,34802.30841121495,24285.523484977788,32186.24983750351,25113.0,,24285.523484977788,25998.15453338518,26847.174494992596,27960.525541016348,25580.77982367017
store_35,2015-03-02,2015-01-26,33841.0,34457.0,31143.0,34888.63551401869,32962.09424944836,32279.370953384798,29563.0,,32962.09424944836,27899.014388121694,31222.69808314945,32296.864208338422,31679.363202271274
store_35,2015-03-09,2015-01-26,25595.0,34457.0,31143.0,34974.96261682243,24056.745801697787,32372.49206926608,22505.0,,24056.745801697787,25644.171498255186,25901.581933899262,27361.482545205676,24684.323473478486
store_35,2015-03-16,2015-01-26,32883.0,34457.0,31143.0,35061.28971962617,32035.54463216436,32465.613185147366,31824.0,,32035.54463216436,28140.92107670541,31667.51487738812,32443.729907549026,31836.287128559256
store_35,2015-03-23,2015-01-26,26826.0,34457.0,31143.0,35147.6168224299,26115.744951217795,32558.73430102865,27301.0,,26115.744951217795,26674.72801066805,28186.58165040593,29204.244615277443,27236.21048297282
store_35,2015-03-02,2015-02-23,33841.0,25330.0,29815.416666666668,25330.99099099099,32971.13678809727,29997.551871625976,29563.0,,32971.13678809727,24715.44233105441,30783.18448492131,30184.690681760643,31480.9084461822
store_35,2015-03-09,2015-02-23,25595.0,25330.0,29815.416666666668,25331.981981981982,24085.81354726241,30020.684258335692,22505.0,,24085.81354726241,22441.270922035248,25468.743404643024,25241.81896083251,24496.910505617147
store_35,2015-03-16,2015-02-23,32883.0,25330.0,29815.416666666668,25332.972972972973,32045.21115854636,30043.353943770468,31824.0,,32045.21115854636,24912.99353456521,31228.209275071007,30301.132832516538,31638.176435851623
store_35,2015-03-23,2015-02-23,26826.0,25330.0,29815.416666666668,25333.963963963964,26143.426057375542,30065.57018302674,27301.0,,26143.426057375542,23427.053838718984,27753.28090801407,27053.27447773083,27048.032929819383
store_35,2015-03-30,2015-02-23,34657.0,25330.0,29815.416666666668,25334.954954954956,30962.53538154277,30087.3420460776,33356.0,,30962.53538154277,24983.749864177425,31377.98401606981,30203.707815088987,31493.69282491001
store_35,2015-04-06,2015-02-23,21420.0,25330.0,29815.416666666668,25335.945945945947,21471.35956828571,30108.67842147568,25676.0,,21471.35956828571,22533.914371767714,25654.258744984123,24893.998897023004,23991.914652879124
store_35,2015-04-13,2015-02-23,32011.0,25330.0,29815.416666666668,25336.936936936938,30547.726498408472,30129.588019981988,30934.0,,30547.726498408472,24584.809731713438,30432.381055025045,29539.883870348167,30549.597625741295
store_35,2015-04-20,2015-02-23,23544.0,25330.0,29815.416666666668,25337.92792792793,22382.56763611321,30150.079378122144,19382.0,,22382.56763611321,21771.141658404274,23859.994767593293,23937.995450696282,22635.328020371482
store_35,2015-03-30,2015-03-23,34657.0,26826.0,29269.916666666668,26839.965217391305,31947.42621899188,30060.774683088566,33356.0,,31947.42621899188,25471.440398019775,31524.447628552847,30803.755338959065,31953.162982675884
store_35,2015-04-06,2015-03-23,21420.0,26826.0,29269.916666666668,26853.930434782607,22539.89468560157,30081.967822060273,25676.0,,22539.89468560157,23035.38708701587,25828.60378408941,25527.879547930854,24497.50580348353
store_35,2015-04-13,2015-03-23,32011.0,26826.0,29269.916666666668,26867.895652173913,30997.598936963397,30102.737098252543,30934.0,,30997.598936963397,24999.73547915093,30400.50520121002,29933.383810742176,30714.06160038033
store_35,2015-04-20,2015-03-23,23544.0,26826.0,29269.916666666668,26881.86086956522,22926.94176068638,30123.09098892097,19382.0,,22926.94176068638,22201.401469405606,23859.619475784348,24369.568384431423,22851.899701491104
store_35,2015-04-27,2015-03-23,30107.0,26826.0,29269.916666666668,26895.82608695652,29296.444541215104,30143.037801776023,29985.0,,29296.444541215104,24630.88929951633,29517.120402627253,29077.55883887511,29495.75394306617
store_35,2015-05-04,2015-03-23,30713.0,26826.0,29269.916666666668,26909.791304347826,31772.963537029478,30162.58567837398,31932.0,,31772.963537029478,25267.608169488278,30991.626734565383,30455.096173150974,31436.366731259805
store_35,2015-05-11,2015-03-23,24046.0,26826.0,29269.916666666668,26923.75652173913,23618.340987999145,30181.742597439974,24396.0,,23618.340987999145,23030.82239626356,25761.419218221938,25698.315734622473,24714.089061585135
store_35,2015-05-18,2015-03-23,31544.0,26826.0,29269.916666666668,26937.721739130433,30764.98955694357,30200.516378124652,29310.0,,30764.98955694357,24758.449191552187,29781.635407870075,29519.760271334253,30106.130759317435
store_35,2015-04-27,2015-04-20,30107.0,23544.0,28749.583333333332,23529.915966386554,29834.619435342604,30037.3353034467,29985.0,,29834.619435342604,23668.636291215596,29523.067589558646,28605.175625834898,29712.763978701965
store_35,2015-05-04,2015-04-20,30713.0,23544.0,28749.583333333332,23515.831932773108,31860.114181507102,30056.01827824963,31932.0,,31860.114181507102,24236.79253226617,30847.232504946813,29803.947000383243,31404.684492645098
store_35,2015-05-11,2015-04-20,24046.0,23544.0,28749.583333333332,23501.747899159665,23740.99536559775,30074.327252257233,24396.0,,23740.99536559775,22000.95055004971,25628.859566310362,25058.366155729746,24701.983384853946
store_35,2015-05-18,2015-04-20,31544.0,23544.0,28749.583333333332,23487.66386554622,31024.684922038483,30092.269712317633,29310.0,,31024.684922038483,23744.02883331938,29694.75608512394,28930.65705313598,30169.588724391426
store_35,2015-05-25,2015-04-20,23230.0,23544.0,28749.583333333332,23473.579831932773,22524.717122442686,30109.85299540523,23868.0,,22524.717122442686,21752.819040444858,25047.433485258673,24474.257442646413,23875.382044507
store_35,2015-06-01,2015-04-20,32685.0,23544.0,28749.583333333332,23459.495798319327,35257.08921786941,30127.084291620893,33368.0,,35257.08921786941,24929.321805877564,32458.224183734244,31433.06061760497,33701.90058481114
store_35,2015-06-08,2015-04-20,25025.0,23544.0,28749.583333333332,23445.41176470588,26700.120964991384,30143.97064713214,20261.0,,26700.120964991384,21834.869530023247,25236.901432774903,25351.194774641375,25112.298257611554
store_35,2015-06-15,2015-04-20,36513.0,23544.0,28749.583333333332,23431.32773109244,33482.821508764755,30160.518967054406,27295.0,,33482.821508764755,23809.035934320702,29842.46828069936,29471.124935810843,30929.832945100396
store_35,2015-05-25,2015-05-18,23230.0,31544.0,28932.25,31595.414634146342,22648.3447967126,30028.935272261682,23868.0,,22648.3447967126,24088.13495758866,25149.5315989042,26024.5844939768,23971.541759963646
store_35,2015-06-01,2015-05-18,32685.0,31544.0,28932.25,31646.829268292684,35276.71122104121,30045.779601404083,33368.0,,35276.71122104121,27259.081441533996,32525.653740347065,32948.74368241704,33740.71214903108
store_35,2015-06-08,2015-05-18,25025.0,31544.0,28932.25,31698.243902439026,26820.978866273108,30062.28704396363,20261.0,,26820.978866273108,24188.39425895368,25338.0762887577,26912.370816411483,25206.93073557681
store_35,2015-06-15,2015-05-18,36513.0,31544.0,28932.25,31749.658536585364,33483.962941883496,30078.46433767199,27295.0,,33483.962941883496,26154.76225944869,29903.737647294496,30991.524450696455,30958.4544253071
store_35,2015-06-22,2015-05-18,26322.0,31544.0,28932.25,31801.073170731706,25171.426547075644,30094.318085506184,31051.0,,25171.426547075644,25513.438257616217,28384.892182358544,28537.891458568654,27484.35547988237
store_35,2015-06-29,2015-05-18,38791.0,31544.0,28932.25,31852.48780487805,35251.91146315723,30109.85475838369,38182.0,,35251.91146315723,27981.786289488424,34122.05382105241,33971.61956340102,35148.920531525844
store_35,2015-07-06,2015-05-18,26301.0,31544.0,28932.25,31903.90243902439,27325.780497015217,30125.08069780365,24748.0,,27325.780497015217,24939.859090549035,27002.010165671738,28073.499220941332,26810.574327338833
store_35,2015-07-13,2015-05-18,35862.0,31544.0,28932.25,31955.317073170732,33894.19663604449,30140.002118435208,31039.0,,33894.19663604449,26786.395118235774,31288.482212014827,31960.196162077897,32290.49824571528
store_36,2015-02-02,2015-01-26,42499.0,42067.0,40106.083333333336,42069.831775700935,44584.763455044274,37412.787889073545,44728.0,,44584.763455044274,35852.63806473601,42241.85044803927,43220.65430006261,43788.3713681331
store_36,2015-02-09,2015-01-26,37348.0,42067.0,40106.083333333336,42072.66355140187,35485.386150792205,37412.787889073545,32822.0,,35485.386150792205,32852.27441780013,35240.05801328858,36657.99521944956,35244.335221812915
store_36,2015-02-16,2015-01-26,38850.0,42067.0,40106.083333333336,42075.495327102806,38666.55791957524,37412.787889073545,42529.0,,38666.55791957524,34693.84635272642,39536.1152695496,39690.96750848117,39192.62145110463
store_36,2015-02-23,2015-01-26,36070.0,42067.0,40106.083333333336,42078.32710280374,35921.33962442856,37412.787889073545,35901.0,,35921.33962442856,33355.21970709131,36411.70917116737,37306.89824638208,36088.59118636294
store_36,2015-03-02,2015-01-26,43220.0,42067.0,40106.083333333336,42081.15887850467,44015.0881435934,37412.787889073545,41257.0,,44015.0881435934,35277.01689207213,40894.958677555645,42447.63699596329,42780.92802612147
store_36,2015-03-09,2015-01-26,34510.0,42067.0,40106.083333333336,42083.990654205605,33942.75019736904,37412.787889073545,34284.0,,33942.75019736904,32842.37315342593,35213.17936214752,36009.6870882022,34399.24776139457
store_36,2015-03-16,2015-01-26,44871.0,42067.0,40106.083333333336,42086.82242990654,43500.86292911017,37412.787889073545,41509.0,,43500.86292911017,35240.36522591765,40807.5502727279,42200.32518167232,42458.42338023486
store_36,2015-03-23,2015-01-26,35999.0,42067.0,40106.083333333336,42089.654205607476,33733.28667672644,37412.787889073545,33205.0,,33733.28667672644,32659.11601496297,34783.69152193333,35751.83308773291,34063.01849612543
store_36,2015-03-02,2015-02-23,43220.0,36070.0,38370.75,36018.7027027027,43166.362665418426,37447.939692391,41257.0,,43166.362665418426,33190.107865787446,40623.76745260314,40957.95190271224,42180.552963035654
store_36,2015-03-09,2015-02-23,34510.0,36070.0,38370.75,35967.40540540541,34386.78145766127,37447.939692391,34284.0,,34386.78145766127,30932.41093649395,35372.90705001743,35223.21050882536,34719.47934209875
store_36,2015-03-16,2015-02-23,44871.0,36070.0,38370.75,35916.10810810811,44254.48626616546,37447.939692391,41509.0,,44254.48626616546,33366.89772380922,41070.47531951882,41579.26562429999,42999.12375777606
store_36,2015-03-23,2015-02-23,35999.0,36070.0,38370.75,35864.81081081081,34852.60073204222,37447.939692391,33205.0,,34852.60073204222,30830.157319320577,35168.51347481107,35326.87653333847,34864.137013278974
store_36,2015-03-30,2015-02-23,41838.0,36070.0,38370.75,35813.51351351351,39623.53371737611,37447.939692391,44642.0,,39623.53371737611,33138.24813189723,40571.1578032557,39455.900015276944,40244.46234977312
store_36,2015-04-06,2015-02-23,30106.0,36070.0,38370.75,35762.21621621621,28926.064298237034,37447.939692391,35161.0,,28926.064298237034,30248.281458120604,33845.00133020934,32338.086932858358,30982.800863781566
store_36,2015-04-13,2015-02-23,45548.0,36070.0,38370.75,35710.91891891892,44843.34358354582,37447.939692391,39355.0,,44843.34358354582,33113.99317069368,40548.76109197894,41599.62886572696,43045.028893060145
store_36,2015-04-20,2015-02-23,33950.0,36070.0,38370.75,35659.62162162162,33937.65361858568,37447.939692391,27260.0,,33937.65361858568,29820.852133228327,32881.864436992226,34019.817205217725,33181.902537040296
store_36,2015-03-30,2015-03-23,41838.0,35999.0,39394.583333333336,35948.86956521739,40243.30522524161,37520.7991291728,44642.0,,40243.30522524161,33392.651036137875,40802.034784804804,39894.074172481334,40694.16096103068
store_36,2015-04-06,2015-03-23,30106.0,35999.0,39394.583333333336,35898.739130434784,29366.665741480276,37520.7991291728,35161.0,,29366.665741480276,30477.25533348874,34016.15495688436,32678.33970648735,31304.907680735174
store_36,2015-04-13,2015-03-23,45548.0,35999.0,39394.583333333336,35848.608695652176,44959.16807830156,37520.7991291728,39355.0,,44959.16807830156,33296.73703377998,40611.65573582479,41762.313227820196,43135.85335995465
store_36,2015-04-20,2015-03-23,33950.0,35999.0,39394.583333333336,35798.47826086957,34182.95116852361,37520.7991291728,27260.0,,34182.95116852361,30022.2588416999,32987.9167658988,34253.4081027204,33364.92822884107
store_36,2015-04-27,2015-03-23,39856.0,35999.0,39394.583333333336,35748.34782608696,38779.14448474815,37520.7991291728,40055.0,,38779.14448474815,32499.55353904875,38784.98120464032,38467.77613603698,38856.25129700553
store_36,2015-05-04,2015-03-23,44911.0,35999.0,39394.583333333336,35698.217391304344,44343.92873398437,37520.7991291728,43441.0,,44343.92873398437,33771.07551254212,41768.57595438573,41958.98360033516,43406.108961852486
store_36,2015-05-11,2015-03-23,32464.0,35999.0,39394.583333333336,35648.086956521736,32044.980727034243,37520.7991291728,32598.0,,32044.980727034243,30457.921449437443,34054.59328540235,33783.87058200915,32767.8637503024
store_36,2015-05-18,2015-03-23,44945.0,35999.0,39394.583333333336,35597.95652173913,43435.458505915594,37520.7991291728,42031.0,,43435.458505915594,33425.542498594405,40995.75254502946,41267.00341816098,42514.713329859274
store_36,2015-04-27,2015-04-20,39856.0,33950.0,38734.083333333336,33884.336134453784,39258.58886892408,37534.19169957069,40055.0,,39258.58886892408,31916.600005183125,38949.26018949826,38389.03122695618,39199.20997611995
store_36,2015-05-04,2015-04-20,44911.0,33950.0,38734.083333333336,33818.67226890756,44808.76558881223,37534.19169957069,43441.0,,44808.76558881223,33183.81612723197,41927.985762794306,41871.120580201554,43738.66522869006
store_36,2015-05-11,2015-04-20,32464.0,33950.0,38734.083333333336,33753.008403361346,32398.944170285216,37534.19169957069,32598.0,,32398.944170285216,29852.60394379294,34177.045289951966,33634.23197193182,33021.464095828465
store_36,2015-05-18,2015-04-20,44945.0,33950.0,38734.083333333336,33687.34453781512,43960.14437125531,37534.19169957069,42031.0,,43960.14437125531,32842.394848853495,41175.112023608664,41209.622259999705,42889.88967753805
store_36,2015-05-25,2015-04-20,30927.0,33950.0,38734.083333333336,33621.68067226891,31550.772110507245,37534.19169957069,30438.0,,31550.772110507245,29404.103973668596,33174.321270025976,32873.10314091116,32042.981971794474
store_36,2015-06-01,2015-04-20,40333.0,33950.0,38734.083333333336,33556.01680672269,40892.56041077098,37534.19169957069,45667.0,,40892.56041077098,32904.8360357711,41364.58403678055,40006.31744289623,41335.74924066235
store_36,2015-06-08,2015-04-20,35399.0,33950.0,38734.083333333336,33490.35294117647,35244.75845520881,37534.19169957069,29729.0,,35244.75845520881,29811.76948989847,34169.31671825983,34789.76406191898,34550.650112168594
store_36,2015-06-15,2015-04-20,44136.0,33950.0,38734.083333333336,33424.68907563025,43604.5380047459,37534.19169957069,37589.0,,43604.5380047459,32119.500301897166,39575.90990143886,40404.50219565727,41866.54967085836
store_36,2015-05-25,2015-05-18,30927.0,44945.0,39351.5,44970.86178861788,32209.258246077985,37637.28210742845,30438.0,,32209.258246077985,32793.12887744633,33428.18011783548,34924.3798042486,32523.711892548006
store_36,2015-06-01,2015-05-18,40333.0,44945.0,39351.5,44996.723577235774,41518.93220530129,37637.28210742845,45667.0,,41518.93220530129,36302.34826999507,41607.73810424324,42046.67265896003,41793.60968037352
store_36,2015-06-08,2015-05-18,35399.0,44945.0,39351.5,45022.58536585366,35646.4110745524,37637.28210742845,29729.0,,35646.4110745524,33190.25407826207,34337.56439399361,36713.84290377625,34848.48201788876
store_36,2015-06-15,2015-05-18,44136.0,44945.0,39351.5,45048.44715447154,44237.56759558507,37637.28210742845,37589.0,,44237.56759558507,35544.11383678358,39821.28323433784,42461.789451273355,42329.15130536091
store_36,2015-06-22,2015-05-18,36111.0,44945.0,39351.5,45074.30894308943,35997.88751857423,37637.28210742845,31990.0,,35997.88751857423,33570.85408129887,35208.38987533422,37210.94945006804,35490.764137455415
store_36,2015-06-29,2015-05-18,46119.0,44945.0,39351.5,45100.170731707316,45519.907779945825,37637.28210742845,44987.0,,45519.907779945825,36791.551517011656,42714.72996245809,44152.16425103902,44524.92074939227
store_36,2015-07-06,2015-05-18,34649.0,44945.0,39351.5,45126.03252032521,34660.143137044346,37637.28210742845,32108.0,,34660.143137044346,33403.993966399714,34801.80841482426,36498.67188349553,34558.57808167742
store_36,2015-07-13,2015-05-18,42543.0,44945.0,39351.5,45151.89430894309,41620.91486465587,37637.28210742845,41755.0,,41620.91486465587,35780.22732586106,40337.732324028104,41592.76894261203,41188.01639962535
store_37,2015-02-02,2015-01-26,47579.0,50547.0,46558.416666666664,50629.2523364486,47081.91563542094,44583.32941854137,45366.0,,47081.91563542094,40680.84486529679,45677.0816846541,47027.289127150725,46426.31321068514
store_37,2015-02-09,2015-01-26,34482.0,50547.0,46558.416666666664,50711.504672897194,35913.877468739025,44667.58457542174,33549.0,,35913.877468739025,37421.05476910352,38043.48734805359,39186.41823280172,36315.866092502336
store_37,2015-02-16,2015-01-26,44885.0,50547.0,46558.416666666664,50793.7570093458,47023.135847261496,44751.8397323021,42162.0,,47023.135847261496,40262.307036510865,44645.6585265212,46459.94042876058,45680.3674195313
store_37,2015-02-23,2015-01-26,34034.0,50547.0,46558.416666666664,50876.009345794395,34885.23117594837,44836.09488918247,31337.0,,34885.23117594837,37005.67886822741,37019.442021710274,38291.360819869464,35147.66647464031
store_37,2015-03-02,2015-01-26,47939.0,50547.0,46558.416666666664,50958.26168224299,49682.921261477284,44920.350046062835,45705.0,,49682.921261477284,41195.99280806425,46769.42376918004,48483.87070276391,48273.293662007774
store_37,2015-03-09,2015-01-26,36081.0,50547.0,46558.416666666664,51040.51401869159,35546.503792742355,45004.6052029432,30641.0,,35546.503792742355,37048.29138300626,37064.036331895186,38536.92469262499,35449.16137918191
store_37,2015-03-16,2015-01-26,45765.0,50547.0,46558.416666666664,51122.766355140186,46788.01669462363,45088.860359823564,42928.0,,46788.01669462363,40433.29429660772,44934.959018149064,46523.90435205271,45732.9551472562
store_37,2015-03-23,2015-01-26,37030.0,50547.0,46558.416666666664,51205.01869158878,36442.895562174206,45173.11551670393,34259.0,,36442.895562174206,37740.77806244765,38625.00369295938,39661.53519089449,36883.31094015162
store_37,2015-03-02,2015-02-23,47939.0,34034.0,43367.416666666664,33964.52252252252,49092.12354314572,44360.70939696905,45705.0,,49092.12354314572,35789.11030418628,46385.94431337158,45494.20156590554,47819.4778140859
store_37,2015-03-09,2015-02-23,36081.0,34034.0,43367.416666666664,33895.045045045044,35049.741375378944,44437.268663359675,30641.0,,35049.741375378944,31632.067392921475,36709.33667957954,35584.599301446004,35057.21983683504
store_37,2015-03-16,2015-02-23,45765.0,34034.0,43367.416666666664,33825.56756756757,46118.105069355806,44513.8279297503,42928.0,,46118.105069355806,34969.55960476291,44519.9776663687,43470.66520213762,45224.74263170487
store_37,2015-03-23,2015-02-23,37030.0,34034.0,43367.416666666664,33756.09009009009,35970.6303444205,44590.38719614093,34259.0,,35970.6303444205,32282.503471045453,38273.33918018714,36699.25447068824,36506.05543836883
store_37,2015-03-30,2015-02-23,60613.0,34034.0,43367.416666666664,33686.61261261261,58076.633061845234,44666.94646253156,47020.0,,58076.633061845234,37264.515543379435,49921.193174792264,50380.082852897795,54140.14999073624
store_37,2015-04-06,2015-02-23,30905.0,34034.0,43367.416666666664,33617.13513513513,29327.206050122186,44743.50572892219,33255.0,,29327.206050122186,31192.037654406595,35775.23725968145,33088.21890045339,31865.821967169075
store_37,2015-04-13,2015-02-23,45834.0,34034.0,43367.416666666664,33547.657657657655,47273.002635405486,44820.064995312816,49165.0,,47273.002635405486,36029.591707863234,47086.02254357276,45169.153778079395,47438.44813417513
store_37,2015-04-20,2015-02-23,33065.0,34034.0,43367.416666666664,33478.18018018018,33147.57727539149,44896.624261703444,26612.0,,33147.57727539149,30790.82834056311,34885.40051236498,33901.783571419954,32926.70140690223
store_37,2015-03-30,2015-03-23,60613.0,37030.0,41935.583333333336,36988.99130434782,58302.0233595487,44274.25045796697,47020.0,,58302.0233595487,37935.835493599545,49865.424605838554,50792.95317272286,54248.396539611305
store_37,2015-04-06,2015-03-23,30905.0,37030.0,41935.583333333336,36947.98260869565,29529.94199807119,44345.27693671982,33255.0,,29529.94199807119,31863.397839545712,35710.07297826367,33490.91009508841,31958.371522663587
store_37,2015-04-13,2015-03-23,45834.0,37030.0,41935.583333333336,36906.973913043475,47154.70458296295,44416.30341547266,49165.0,,47154.70458296295,36658.36646354463,46912.0026661452,45407.26608071335,47316.356055863806
store_37,2015-04-20,2015-03-23,33065.0,37030.0,41935.583333333336,36865.965217391305,33067.244630767025,44487.32989422551,26612.0,,33067.244630767025,31428.303296531023,34722.19150833084,34161.085095912196,32829.33056027089
store_37,2015-04-27,2015-03-23,51854.0,37030.0,41935.583333333336,36824.95652173913,50031.762259188086,44558.356372978364,48588.0,,50031.762259188086,36995.52264103413,47726.039544055486,46800.759451707454,49119.31334734574
store_37,2015-05-04,2015-03-23,49082.0,37030.0,41935.583333333336,36783.94782608696,50525.70844009128,44629.382851731214,49687.0,,50525.70844009128,37227.37463589183,48280.69709727416,47252.31625474978,49704.86397060095
store_37,2015-05-11,2015-03-23,32890.0,37030.0,41935.583333333336,36742.93913043478,32830.49423765911,44700.409330484064,31078.0,,32830.49423765911,32045.346575987325,36202.967856047726,34831.68706723302,33704.55785151247
store_37,2015-05-18,2015-03-23,45739.0,37030.0,41935.583333333336,36701.93043478261,46685.28536658215,44771.435809236915,40864.0,,46685.28536658215,35426.89070627643,44106.90705860635,43722.078748468346,45163.57677802697
store_37,2015-04-27,2015-04-20,51854.0,33065.0,41517.666666666664,32992.05042016807,50143.73648575742,44466.28110318329,48588.0,,50143.73648575742,35824.67638225363,47732.6725296469,46263.77229631542,49184.11683759124
store_37,2015-05-04,2015-04-20,49082.0,33065.0,41517.666666666664,32919.100840336134,50572.80061896547,44536.552331359286,49687.0,,50572.80061896547,36042.58863676108,48265.45098344158,46679.444910643884,49726.32651505553
store_37,2015-05-11,2015-04-20,32890.0,33065.0,41517.666666666664,32846.1512605042,32995.4981343785,44606.82355953528,31078.0,,32995.4981343785,30872.73423158352,36226.77389797126,34317.520138943364,33804.55719847353
store_37,2015-05-18,2015-04-20,45739.0,33065.0,41517.666666666664,32773.20168067227,46697.44293124751,44677.09478771128,40864.0,,46697.44293124751,34227.77229518539,44079.51257298626,43126.50956425176,45161.58499013534
store_37,2015-05-25,2015-04-20,35951.0,33065.0,41517.666666666664,32700.252100840335,33646.02703469637,44747.36601588727,34744.0,,33646.02703469637,31488.615974012948,37712.46435019455,35299.16830962692,35082.642420740776
store_37,2015-06-01,2015-04-20,50692.0,33065.0,41517.666666666664,32627.302521008405,47894.464610851515,44817.63724406327,47768.0,,47894.464610851515,35384.29586322712,46826.70061830492,44959.42148806916,47536.52654044067
store_37,2015-06-08,2015-04-20,34871.0,33065.0,41517.666666666664,32554.352941176472,33641.17080904798,44887.908472239265,30687.0,,33641.17080904798,30907.585555590053,36405.359760429084,34585.80213507004,34176.69572123542
store_37,2015-06-15,2015-04-20,51283.0,33065.0,41517.666666666664,32481.40336134454,50408.210138019924,44958.17970041526,44813.0,,50408.210138019924,35320.4942666352,46726.4632794784,45742.80410916287,48559.14590750268
store_37,2015-05-25,2015-05-18,35951.0,45739.0,43066.416666666664,45771.46341463415,33800.64337909127,44728.943184349606,34744.0,,33800.64337909127,35407.20952067738,37757.862187813625,37330.0094943033,35183.76097453055
store_37,2015-06-01,2015-05-18,50692.0,45739.0,43066.416666666664,45803.92682926829,47791.42974179279,44798.930808674326,47768.0,,47791.42974179279,39281.100578057434,46786.12018348904,46864.33215066284,47465.82578474051
store_37,2015-06-08,2015-05-18,34871.0,45739.0,43066.416666666664,45836.39024390244,33592.0617091548,44868.918432999046,30687.0,,33592.0617091548,34827.11243610328,36382.66004738461,36526.01114409593,34141.91961793957
store_37,2015-06-15,2015-05-18,51283.0,45739.0,43066.416666666664,45868.85365853659,50329.123034214106,44938.906057323766,44813.0,,50329.123034214106,39250.757059534444,46693.67636384595,47674.89455274317,48504.351613559615
store_37,2015-06-22,2015-05-18,32685.0,45739.0,43066.416666666664,45901.31707317073,32036.21403582506,45008.893681648486,31330.0,,32036.21403582506,34725.97735104442,36125.035905824516,35850.00473978468,33264.996332013805
store_37,2015-06-29,2015-05-18,56521.0,45739.0,43066.416666666664,45933.78048780488,52428.762127348404,45078.881305973206,48962.0,,52428.762127348404,40172.691512541875,48823.214477773865,49505.98542013816,50857.83194502551
store_37,2015-07-06,2015-05-18,38624.0,45739.0,43066.416666666664,45966.243902439026,37866.866481507364,45148.868930297926,35152.0,,37866.866481507364,36134.199425844425,39389.24513726843,39554.33936640961,38032.15780954646
store_37,2015-07-13,2015-05-18,51519.0,45739.0,43066.416666666664,45998.70731707317,49256.645511821764,45218.856554622645,43753.0,,49256.645511821764,39004.660864312034,46076.16735548146,46966.224613565566,47579.45458272989
store_38,2015-02-02,2015-01-26,71325.0,73115.0,68276.5,73289.52336448598,73812.31496427863,68535.10968483395,70177.0,,73812.31496427863,61029.34971622836,70755.27165475953,72021.95004749011,72176.70340277537
store_38,2015-02-09,2015-01-26,54976.0,73115.0,68276.5,73464.04672897197,59808.76831874896,68709.28416909366,52415.0,,59808.76831874896,56541.22845954494,60166.75610624965,61817.879658472346,58732.97188819963
store_38,2015-02-16,2015-01-26,70695.0,73115.0,68276.5,73638.57009345795,73922.41732705956,68883.45865335337,68601.0,,73922.41732705956,60919.56372483869,70266.63910901986,71798.1576068972,71808.58662185635
store_38,2015-02-23,2015-01-26,55053.0,73115.0,68276.5,73813.09345794392,56432.295860133425,69057.63313761308,49728.0,,56432.295860133425,55774.646065098634,58145.598620044475,59742.52531702781,55932.16764431044
store_38,2015-03-02,2015-01-26,74992.0,73115.0,68276.5,73987.6168224299,76693.32679037993,69231.8076218728,69560.0,,76693.32679037993,61552.03589066894,71509.94226345998,73342.03507619299,73762.9352289311
store_38,2015-03-09,2015-01-26,54939.0,73115.0,68276.5,74162.14018691589,57368.165943771426,69405.9821061325,49993.0,,57368.165943771426,56045.82689097426,58545.888647923806,60288.92935707594,56575.97885867877
store_38,2015-03-16,2015-01-26,70946.0,73115.0,68276.5,74336.66355140187,72215.83070395497,69580.15659039222,66863.0,,72215.83070395497,60626.73583510701,69118.44356798498,70753.62214262258,70288.04539046381
store_38,2015-03-23,2015-01-26,52392.0,73115.0,68276.5,74511.18691588785,56652.50058569531,69754.33107465193,48354.0,,56652.50058569531,55809.07408231929,57761.00019523177,59668.67684706639,55686.97026204755
store_38,2015-03-02,2015-02-23,74992.0,55053.0,66312.08333333333,55058.51351351351,75329.01704800289,68497.36060624818,69560.0,,75329.01704800289,55687.139214442555,70400.36679377872,69641.38605688604,72706.9394630812
store_38,2015-03-09,2015-02-23,54939.0,55053.0,66312.08333333333,55064.02702702703,55985.1517060365,68660.77971556081,49993.0,,55985.1517060365,50152.57739742252,57430.078346456605,56565.819219063014,55508.578456516014
store_38,2015-03-16,2015-02-23,70946.0,55053.0,66312.08333333333,55069.54054054054,70869.31084657599,68824.19882487344,66863.0,,70869.31084657599,54713.01907790333,68014.79805996976,67033.66725639718,69242.89659827284
store_38,2015-03-23,2015-02-23,52392.0,55053.0,66312.08333333333,55075.05405405405,55272.32981318548,68987.61793418608,48354.0,,55272.32981318548,49864.86930496556,56646.137715506266,55919.32459530925,54621.30359747782
store_38,2015-03-30,2015-02-23,84422.0,55053.0,66312.08333333333,55080.56756756757,83450.58683747139,69151.03704349871,71822.0,,83450.58683747139,57267.039254553,73861.55672360156,73943.52221749758,78283.5841219342
store_38,2015-04-06,2015-02-23,48732.0,55053.0,66312.08333333333,55086.08108108108,49722.34124746003,69314.45615281134,51741.0,,49722.34124746003,49604.13740209797,55925.14152693112,54084.49352569417,52172.724645766444
store_38,2015-04-13,2015-02-23,75143.0,55053.0,66312.08333333333,55091.59459459459,76681.55089597662,69477.87526212397,72922.0,,76681.55089597662,56505.443440861214,71971.87807643664,71062.23434812979,74460.11063597722
store_38,2015-04-20,2015-02-23,48201.0,55053.0,66312.08333333333,55097.10810810811,51817.88525552284,69641.2943714366,41803.0,,51817.88525552284,48532.05300977155,53310.98952961872,52996.83529137249,50705.82391299775
store_38,2015-03-30,2015-03-23,84422.0,52392.0,64536.0,52374.18260869565,80605.52203761098,65089.781415410915,71822.0,,80605.52203761098,55259.92658024536,72321.174012537,71709.93807688121,76346.22074635717
store_38,2015-04-06,2015-03-23,48732.0,52392.0,64536.0,52356.36521739131,46870.6850989261,65125.61367845568,51741.0,,46870.6850989261,47574.52342782472,54382.56169964203,51835.15004061982,50231.3423467705
store_38,2015-04-13,2015-03-23,75143.0,52392.0,64536.0,52338.54782608696,73840.13488417047,65160.6730714997,72922.0,,73840.13488417047,54455.62225453673,70432.71162805683,68804.87639493059,72524.9720250862
store_38,2015-04-20,2015-03-23,48201.0,52392.0,64536.0,52320.73043478261,48946.61915682143,65194.97626466057,41803.0,,48946.61915682143,46456.1894080378,51761.873052273804,50712.79328096855,48752.48489742142
store_38,2015-04-27,2015-03-23,69714.0,52392.0,64536.0,52302.913043478264,68379.59593906094,65228.53956849625,66657.0,,68379.59593906094,52785.14979300506,66524.19864635365,64956.975612358794,67465.30794962388
store_38,2015-05-04,2015-03-23,76999.0,52392.0,64536.0,52285.09565217391,76027.67827666593,65261.37894176054,71839.0,,76027.67827666593,54620.16469580005,70800.89275888864,69596.96788414546,73559.68063465858
store_38,2015-05-11,2015-03-23,49380.0,52392.0,64536.0,52267.27826086956,49137.2339756585,65293.5099989911,51061.0,,49137.2339756585,47812.4317479313,54911.411325219495,52751.658788550405,51425.52058694896
store_38,2015-05-18,2015-03-23,71521.0,52392.0,64536.0,52249.46086956522,70777.57413467682,65324.94801793395,63722.0,,70777.57413467682,52714.569003168,66345.1913782256,65457.06521856571,68116.85133975964
store_38,2015-04-27,2015-04-20,69714.0,48201.0,63484.666666666664,48148.56302521008,67584.0,65420.56943192806,66657.0,,67584.0,51356.54273197211,65908.55555555556,63873.4104643543,66860.25484385646
store_38,2015-05-04,2015-04-20,76999.0,48201.0,63484.666666666664,48096.12605042017,75776.0,65457.26121586546,71839.0,,75776.0,53264.86484756461,70366.55555555555,68763.51655097971,73286.26882714959
store_38,2015-05-11,2015-04-20,49380.0,48201.0,63484.666666666664,48043.68907563025,48640.0,65493.217023294135,51061.0,,48640.0,46417.65325222729,54395.22222222222,51801.94473446235,51002.38683356665
store_38,2015-05-18,2015-04-20,71521.0,48201.0,63484.666666666664,47991.252100840335,70144.0,65528.451616685765,63722.0,,70144.0,51295.910054884676,65783.55555555555,64441.770138101456,67610.58730680065
store_38,2015-05-25,2015-04-20,52421.0,48201.0,63484.666666666664,47938.815126050424,48640.0,65562.97946240127,51577.0,,48640.0,46486.35160787405,54567.22222222222,51908.40211206201,51144.89227150859
store_38,2015-06-01,2015-04-20,75034.0,48201.0,63484.666666666664,47886.378151260506,68608.0,65596.81473663029,74245.0,,68608.0,52574.55136493678,68779.22222222222,65938.76578687748,69580.21854075365
store_38,2015-06-08,2015-04-20,58703.0,48201.0,63484.666666666664,47833.94117647059,56320.0,65629.97133121152,48884.0,,56320.0,47193.36845347839,56229.555555555555,54904.17833810517,55083.86104929683
store_38,2015-06-15,2015-04-20,77936.0,48201.0,63484.666666666664,47781.50420168067,73728.0,65662.46285933637,67811.0,,73728.0,52381.2333896691,68341.22222222222,66960.03725606723,70925.12170889153
store_38,2015-05-25,2015-05-18,52421.0,71521.0,64781.75,71659.86178861788,50042.87546237977,65574.03558891885,51577.0,,50042.87546237977,53593.78897713093,55467.208487459924,56277.39009033952,52148.26010237305
store_38,2015-06-01,2015-05-18,75034.0,71521.0,64781.75,71798.72357723577,70110.65402255626,65607.81851086473,74245.0,,70110.65402255626,59723.56373009382,69712.46800751875,70368.6097479506,70644.42405629558
store_38,2015-06-08,2015-05-18,58703.0,71521.0,64781.75,71937.58536585367,57662.93722490501,65640.91735353625,48884.0,,57662.93722490501,54346.88427775641,57109.56240830167,59274.45273591451,56050.68291692869
store_38,2015-06-15,2015-05-18,77936.0,71521.0,64781.75,72076.44715447155,75388.78900013957,65673.3459690346,67811.0,,75388.78900013957,59607.47601766368,69327.17966671319,71492.36887101183,72085.74639389905
store_38,2015-06-22,2015-05-18,55638.0,71521.0,64781.75,72215.30894308943,55331.79938381398,65705.11792896614,52264.0,,55331.79938381398,54545.56803655279,57459.183127937984,58929.73881556475,55562.791028880674
store_38,2015-06-29,2015-05-18,82419.0,71521.0,64781.75,72354.17073170732,75917.6287411591,65736.2465301222,78434.0,,75917.6287411591,61249.25657185551,73044.45958038636,73997.26715758613,75341.98355364097
store_38,2015-07-06,2015-05-18,58917.0,71521.0,64781.75,72493.0325203252,57759.38849539962,65766.74480004387,53441.0,,57759.38849539962,55108.987973681236,58660.712831799865,60330.13499804293,57368.013724990815
store_38,2015-07-13,2015-05-18,76020.0,71521.0,64781.75,72631.89430894308,74564.06483342871,65796.62550247417,69362.0,,74564.06483342871,59808.19066354942,69569.2716111429,71488.47669028197,72011.23461491465
store_39,2015-02-02,2015-01-26,38739.0,37035.0,37390.166666666664,37010.88785046729,37057.77400672476,35100.58505055516,38732.0,,37057.77400672476,31760.916224916265,36963.4530190933,37127.27805760277,37116.333567478476
store_39,2015-02-09,2015-01-26,34573.0,37035.0,37390.166666666664,36986.77570093458,32729.618801215845,35100.58505055516,30533.0,,32729.618801215845,29967.878031338892,32787.734617256996,33833.85215048316,32625.997467904745
store_39,2015-02-16,2015-01-26,37005.0,37035.0,37390.166666666664,36962.66355140187,36236.23785058309,35100.58505055516,36558.0,,36236.23785058309,31326.093302743826,35964.94096704608,36410.619479259985,36144.157213471204
store_39,2015-02-23,2015-01-26,31463.0,37035.0,37390.166666666664,36938.55140186916,30464.537232902287,35100.58505055516,30215.0,,30464.537232902287,29591.977193141895,31926.707427819143,32672.30633461636,31046.877279156262
store_39,2015-03-02,2015-01-26,39888.0,37035.0,37390.166666666664,36914.43925233645,38429.04957733489,35100.58505055516,36384.0,,38429.04957733489,31607.605792413306,36637.87820929668,37458.58982266803,37579.40133442173
store_39,2015-03-09,2015-01-26,31975.0,37035.0,37390.166666666664,36890.32710280374,30875.51827308649,35100.58505055516,30078.0,,30875.51827308649,29624.22815615886,32018.03444121388,32850.57574084292,31295.619344375245
store_39,2015-03-16,2015-01-26,38174.0,37035.0,37390.166666666664,36866.214953271025,37942.84014220278,35100.58505055516,36609.0,,37942.84014220278,31563.40097324223,36550.80839758598,37247.78021890774,37297.33674478362
store_39,2015-03-23,2015-01-26,32243.0,37035.0,37390.166666666664,36842.102803738315,31960.042523373915,35100.58505055516,30941.0,,31960.042523373915,29895.556720619148,32667.20919130969,33501.80750724839,32189.607135618808
store_39,2015-03-02,2015-02-23,39888.0,31463.0,36130.583333333336,31389.558558558558,39717.1978843877,35097.345237150985,36384.0,,39717.1978843877,30025.95500191865,37066.18104051289,37028.22498583186,38441.91471093349
store_39,2015-03-09,2015-02-23,31975.0,31463.0,36130.583333333336,31316.117117117115,31966.430849832148,35097.345237150985,30078.0,,31966.430849832148,28007.353791061938,32380.592028994375,32319.208399773728,32026.00088885893
store_39,2015-03-16,2015-02-23,38174.0,31463.0,36130.583333333336,31242.675675675677,38906.35066604585,35097.345237150985,36609.0,,38906.35066604585,29921.279273172262,36870.898634398945,36649.70201074186,37942.36931812531
store_39,2015-03-23,2015-02-23,32243.0,31463.0,36130.583333333336,31169.234234234234,32423.45382744301,35097.345237150985,30941.0,,32423.45382744301,28174.945233165934,32820.599688197995,32654.006503027107,32499.61407237
store_39,2015-03-30,2015-02-23,42994.0,31463.0,36130.583333333336,31095.792792792792,41245.35399091427,35097.345237150985,37984.0,,41245.35399091427,30430.867907741624,38108.899742688416,37981.45848903872,39776.09735364673
store_39,2015-04-06,2015-02-23,28553.0,31463.0,36130.583333333336,31022.35135135135,27685.97233769168,35097.345237150985,31907.0,,27685.97233769168,27615.178894218192,31563.43919161422,30452.706074417085,29513.318230894343
store_39,2015-04-13,2015-02-23,38674.0,31463.0,36130.583333333336,30948.90990990991,38375.61430494937,35097.345237150985,41222.0,,38375.61430494937,30462.493255049085,38231.653180700116,37020.43324701693,38481.864836063585
store_39,2015-04-20,2015-02-23,31198.0,31463.0,36130.583333333336,30875.46846846847,32909.96215844812,35097.345237150985,26186.0,,32909.96215844812,27523.194171057272,31397.769131866364,32191.92851283216,31902.937583363942
store_39,2015-03-30,2015-03-23,42994.0,32243.0,35555.583333333336,32178.895652173913,40992.41674801435,35118.318629704285,37984.0,,40992.41674801435,30581.74490903227,38031.57845923954,37960.76680249385,39609.503589560954
store_39,2015-04-06,2015-03-23,28553.0,32243.0,35555.583333333336,32114.791304347826,27438.321990122626,35118.318629704285,31907.0,,27438.321990122626,27768.145036786867,31487.88020660897,30435.396101747494,29350.26625492535
store_39,2015-04-13,2015-03-23,38674.0,32243.0,35555.583333333336,32050.68695652174,38119.428717719435,35118.318629704285,41222.0,,38119.428717719435,30615.573948182682,38153.24911580791,36999.71766647182,38313.0949465531
store_39,2015-04-20,2015-03-23,31198.0,32243.0,35555.583333333336,31986.58260869565,32666.428512089376,35118.318629704285,26186.0,,32666.428512089376,27679.416154831804,31323.582380597887,32178.2112317203,31742.643461015003
store_39,2015-04-27,2015-03-23,37317.0,32243.0,35555.583333333336,31922.478260869564,36318.04148946113,35118.318629704285,37674.0,,36318.04148946113,29833.0602447669,36370.120039721805,35599.76483162204,36417.90559782936
store_39,2015-05-04,2015-03-23,41595.0,32243.0,35555.583333333336,31858.373913043477,42620.03680230926,35118.318629704285,39248.0,,42620.03680230926,30949.044668341478,38995.45181067118,38912.804440611275,40945.125956385345
store_39,2015-05-11,2015-03-23,30161.0,32243.0,35555.583333333336,31794.26956521739,29551.749088655677,35118.318629704285,32062.0,,29551.749088655677,28046.417230987237,32244.02257278665,31468.26509793889,30796.163968621444
store_39,2015-05-18,2015-03-23,41653.0,32243.0,35555.583333333336,31730.165217391303,41336.25679129512,35118.318629704285,36483.0,,41336.25679129512,30352.331995960576,37645.85847366646,37878.38010746139,39548.614141689475
store_39,2015-04-27,2015-04-20,37317.0,31198.0,35456.583333333336,31127.268907563026,36085.434688324676,35126.88861223665,37674.0,,36085.434688324676,29524.025077351096,36295.441100187105,35320.79298063948,36263.24402491488
store_39,2015-05-04,2015-04-20,41595.0,31198.0,35456.583333333336,31056.537815126052,42352.445273267746,35126.88861223665,39248.0,,42352.445273267746,30634.065004851967,38909.11129516813,38616.095877517815,40767.02747280615
store_39,2015-05-11,2015-04-20,30161.0,31198.0,35456.583333333336,30985.806722689074,29263.683727157157,35126.88861223665,32062.0,,29263.683727157157,27727.56605648803,32150.8574464646,31160.945358431934,30604.349689293846
store_39,2015-05-18,2015-04-20,41653.0,31198.0,35456.583333333336,30915.0756302521,41063.96147163112,35126.88861223665,36483.0,,41063.96147163112,30034.787006779028,37557.95002795592,37578.246647321765,39367.36450252879
store_39,2015-05-25,2015-04-20,28861.0,31198.0,35456.583333333336,30844.344537815126,28276.136634422,35126.88861223665,30706.0,,28276.136634422,27372.5647311153,31369.675082219546,30471.259388145445,29679.67347130359
store_39,2015-06-01,2015-04-20,36343.0,31198.0,35456.583333333336,30773.613445378152,35572.996056081436,35126.88861223665,42833.0,,35572.996056081436,30137.297349575652,37844.29488943936,35773.122863739554,36920.93614890771
store_39,2015-06-08,2015-04-20,33247.0,31198.0,35456.583333333336,30702.882352941175,32094.73750773589,35126.88861223665,29340.0,,32094.73750773589,27702.727400892436,32187.20870665751,32140.197081707167,31972.783628158846
store_39,2015-06-15,2015-04-20,41000.0,31198.0,35456.583333333336,30632.1512605042,39168.26116577494,35126.88861223665,34076.0,,39168.26116577494,29379.697767407015,36123.71659267053,36281.23819941604,37630.377650151815
store_39,2015-05-25,2015-05-18,28861.0,41653.0,36202.083333333336,41669.56910569106,28708.16753495713,35216.445121418525,30706.0,,28708.16753495713,30593.60929934286,31543.537552125214,32566.676982886154,29981.28349335737
store_39,2015-06-01,2015-05-18,36343.0,41653.0,36202.083333333336,41686.13821138212,35955.1558501456,35216.445121418525,42833.0,,35955.1558501456,33363.68893089708,38001.53365718804,37851.396594820115,37189.136602355364
store_39,2015-06-08,2015-05-18,33247.0,41653.0,36202.083333333336,41702.70731707317,32515.046156324926,35216.445121418525,29340.0,,32515.046156324926,30947.040275449992,32357.163759247815,34244.54891130117,32266.540698707737
store_39,2015-06-15,2015-05-18,41000.0,41653.0,36202.083333333336,41719.276422764226,39585.049086524334,35216.445121418525,34076.0,,39585.049086524334,32635.97913772006,36292.498069314286,38391.20639256733,37921.77612056878
store_39,2015-06-22,2015-05-18,31402.0,41653.0,36202.083333333336,41735.845528455284,31825.792217368595,35216.445121418525,32721.0,,31825.792217368595,31336.309457225107,33254.41244626237,34389.7293304543,32460.801391584515
store_39,2015-06-29,2015-05-18,42624.0,41653.0,36202.083333333336,41752.41463414634,41139.53669353222,35216.445121418525,39351.0,,41139.53669353222,33616.35425463291,38568.99393831691,39907.53618514695,39986.647135607425
store_39,2015-07-06,2015-05-18,34278.0,41653.0,36202.083333333336,41768.9837398374,34450.82317637248,35216.445121418525,32347.0,,34450.82317637248,31662.61933870882,34004.756099263665,35628.34121684152,34146.791744865324
store_39,2015-07-13,2015-05-18,42558.0,41653.0,36202.083333333336,41785.55284552846,42356.72981977425,35216.445121418525,39778.0,,42356.72981977425,33855.97301715065,39117.05831373092,40568.75199872331,40884.916563139195
store_4,2015-02-02,2015-01-26,40512.0,40244.0,37221.75,40316.11214953271,41931.386966494196,34531.50041183743,37550.0,,41931.386966494196,33113.53564683776,38901.04565549806,39957.54169290847,40622.32299474557
store_4,2015-02-09,2015-01-26,30663.0,40244.0,37221.75,40388.22429906542,29279.871222943264,34595.19911691275,26096.0,,29279.871222943264,29689.29209127449,30865.873740981086,32332.763373896756,29911.624971424724
store_4,2015-02-16,2015-01-26,41728.0,40244.0,37221.75,40460.33644859813,38808.408061766946,34658.897821988074,35539.0,,38808.408061766946,32418.913190336163,37189.719353922315,38185.04056958291,38100.10364200485
store_4,2015-02-23,2015-01-26,32416.0,40244.0,37221.75,40532.44859813084,29879.567067418713,34722.5965270634,25080.0,,29879.567067418713,29668.623170373277,30727.10568913957,32555.216368339257,30186.974444219046
store_4,2015-03-02,2015-01-26,42022.0,40244.0,37221.75,40604.56074766355,40804.03967351468,34786.29523213872,38390.0,,40804.03967351468,33150.09223618813,38805.26322450489,39526.909095144954,39945.23457733398
store_4,2015-03-09,2015-01-26,29513.0,40244.0,37221.75,40676.67289719626,29959.455921685774,34849.99393721404,24257.0,,29959.455921685774,29601.267536585154,30479.401973895256,32534.387824223893,30121.16476852171
store_4,2015-03-16,2015-01-26,40790.0,40244.0,37221.75,40748.785046728975,38931.775191508896,34913.69264228937,32488.0,,38931.775191508896,32078.286125789604,36213.841730502965,37975.57709388347,37733.16563634791
store_4,2015-03-23,2015-01-26,30512.0,40244.0,37221.75,40820.897196261685,29738.75189080189,34977.39134736469,25671.0,,29738.75189080189,29810.541490632608,30877.167296933963,32598.769457475682,30174.847232366585
store_4,2015-03-02,2015-02-23,42022.0,32416.0,35233.916666666664,32414.99099099099,40868.23490842481,34895.109850335175,38390.0,,40868.23490842481,30602.60748805966,38164.05052503049,37864.47861288271,39714.01771450063
store_4,2015-03-09,2015-02-23,29513.0,32416.0,35233.916666666664,32413.981981981982,30111.09820888158,34960.08020403203,24257.0,,30111.09820888158,27056.01100879461,29867.33829184941,30909.593759195457,29952.18027189978
store_4,2015-03-16,2015-02-23,40790.0,32416.0,35233.916666666664,32412.972972972973,39103.13097603509,35025.05055772888,32488.0,,39103.13097603509,29525.581596200514,35608.34921423392,36354.045678097624,37578.21040146901
store_4,2015-03-23,2015-02-23,30512.0,32416.0,35233.916666666664,32411.963963963964,29846.923389000825,35090.02091142573,25671.0,,29846.923389000825,27238.546418722453,30250.613351889162,30938.431303251316,29974.926414969486
store_4,2015-03-30,2015-02-23,42508.0,32416.0,35233.916666666664,32410.954954954956,39295.719279830264,35154.99126512258,38144.0,,39295.719279830264,30379.368880939208,37557.87864883231,37065.53903475621,38558.26007492986
store_4,2015-04-06,2015-02-23,28093.0,32416.0,35233.916666666664,32409.945945945947,26484.998104628423,35219.961618819434,26136.0,,26484.998104628423,26842.974619437206,29284.971590431694,29294.34352397069,27651.69192102566
store_4,2015-04-13,2015-02-23,43126.0,32416.0,35233.916666666664,32408.936936936938,40056.44614499852,35284.931972516286,34868.0,,40056.44614499852,30038.31881730263,36719.454270555056,37116.02845181086,38611.369124282144
store_4,2015-04-20,2015-02-23,29938.0,32416.0,35233.916666666664,32407.92792792793,29459.61911812744,35349.90232621314,19642.0,,29459.61911812744,26358.480862705022,28111.84526159803,30126.330307925975,28800.712225382133
store_4,2015-03-30,2015-03-23,42508.0,30512.0,36144.083333333336,30494.46956521739,39341.970149871035,35161.760943341396,38144.0,,39341.970149871035,29971.183427394735,37876.68449440145,36820.31839169136,38717.959572618485
store_4,2015-04-06,2015-03-23,28093.0,30512.0,36144.083333333336,30476.93913043478,26529.742753621045,35226.76871998663,26136.0,,26529.742753621045,26432.219133910825,29603.275362318127,29046.810616834686,27810.319504940024
store_4,2015-04-13,2015-03-23,43126.0,30512.0,36144.083333333336,30459.408695652175,40131.050958513486,35291.776496631865,34868.0,,40131.050958513486,29629.474212018693,37047.71143061561,36882.101253033106,38791.24692355674
store_4,2015-04-20,2015-03-23,29938.0,30512.0,36144.083333333336,30441.878260869566,29566.663280477806,35356.784273277095,19642.0,,29566.663280477806,25951.915592565398,28450.915537937046,29907.31771504244,29003.675736337318
store_4,2015-04-27,2015-03-23,41911.0,30512.0,36144.083333333336,30424.347826086956,39343.137764125844,35421.792049922326,32109.0,,39343.137764125844,29136.337281924065,35865.40703248639,36198.53185929002,37819.31011906407
store_4,2015-05-04,2015-03-23,43023.0,30512.0,36144.083333333336,30406.817391304347,41649.620563692115,35486.799826567556,36025.0,,41649.620563692115,30032.045873556763,37939.567965675145,37790.00504007248,40044.39252348781
store_4,2015-05-11,2015-03-23,26505.0,30512.0,36144.083333333336,30389.28695652174,26003.60663967108,35551.807603212794,25801.0,,26003.60663967108,26343.112076105564,29316.22999100147,28768.002980871664,27385.96096760835
store_4,2015-05-18,2015-03-23,40041.0,30512.0,36144.083333333336,30371.75652173913,38854.960539873886,35616.815379858024,33468.0,,38854.960539873886,29281.087967829193,36155.68129106907,36109.51088995695,37674.445812405436
store_4,2015-04-27,2015-04-20,41911.0,29938.0,35985.083333333336,29916.235294117647,41340.813324963085,35463.59064465869,32109.0,,41340.813324963085,29250.388942438964,36478.298886098804,37098.72892990375,39218.82283390879
store_4,2015-05-04,2015-04-20,43023.0,29938.0,35985.083333333336,29894.470588235294,42594.47566065623,35529.08988135576,36025.0,,42594.47566065623,29995.159923368657,38201.51966466318,38155.5622287301,40694.65747125419
store_4,2015-05-11,2015-04-20,26505.0,29938.0,35985.083333333336,29872.70588235294,26545.103470910883,35594.58911805283,25801.0,,26545.103470910883,26248.06882923571,29443.72893474807,28928.512657750256,27749.172908431123
store_4,2015-05-18,2015-04-20,40041.0,29938.0,35985.083333333336,29850.941176470587,40615.8315757124,35660.088354749896,33468.0,,40615.8315757124,29359.70634860946,36689.63830301524,36888.48555906609,38905.434768758016
store_4,2015-05-25,2015-04-20,29937.0,29938.0,35985.083333333336,29829.176470588234,28979.357912063075,35725.587591446965,23889.0,,28979.357912063075,26335.17218677594,29617.81374846547,29969.4690827647,29196.556690498877
store_4,2015-06-01,2015-04-20,43575.0,29938.0,35985.083333333336,29807.41176470588,43022.80816631708,35791.086828144034,38245.0,,43022.80816631708,30398.48429892862,39084.29716655014,38626.530379005446,41330.36121454678
store_4,2015-06-08,2015-04-20,31294.0,29938.0,35985.083333333336,29785.647058823528,31310.032221811864,35856.5860648411,23342.0,,31310.032221811864,26602.478382687117,30212.371851715063,31102.937352681725,30773.671903975068
store_4,2015-06-15,2015-04-20,43760.0,29938.0,35985.083333333336,29763.882352941175,41233.7313541309,35922.08530153817,35166.0,,41233.7313541309,29715.540334563368,37461.60489582141,37400.17619240046,39598.24456180365
store_4,2015-05-25,2015-05-18,29937.0,40041.0,36498.5,40102.081300813006,28815.911672537553,39116.077563845225,23889.0,,28815.911672537553,29780.367219599397,29734.47055751252,32190.428107950112,29151.75701141006
store_4,2015-06-01,2015-05-18,43575.0,40041.0,36498.5,40163.16260162602,42937.90482975983,39294.98257135963,38245.0,,42937.90482975983,33882.93571467792,39227.13494325327,40906.3060965434,41341.45719543814
store_4,2015-06-08,2015-05-18,31294.0,40041.0,36498.5,40224.243902439026,31281.706012360522,39473.88757887403,23342.0,,31281.706012360522,30123.04821338194,30374.068670786837,33430.38245923433,30825.031431792428
store_4,2015-06-15,2015-05-18,43760.0,40041.0,36498.5,40285.32520325203,41228.27026140928,39652.79258638844,35166.0,,41228.27026140928,33267.41257872139,37630.92342046976,39758.18234596569,39665.87622550894
store_4,2015-06-22,2015-05-18,29885.0,40041.0,36498.5,40346.40650406504,29643.616632800902,39831.69759390285,25604.0,,29643.616632800902,30280.745818681255,30582.0388776003,32886.22792793316,29996.41002067311
store_4,2015-06-29,2015-05-18,47414.0,40041.0,36498.5,40407.48780487805,46076.243348717806,40010.60260141725,38939.0,,46076.243348717806,34567.547679287585,40504.581116239264,42666.20232229312,43678.31641918156
store_4,2015-07-06,2015-05-18,32803.0,40041.0,36498.5,40468.56910569106,31748.888505657113,40189.50760893166,27054.0,,31748.888505657113,30857.20931718283,31767.129501885705,34155.47100664827,31710.756679294176
store_4,2015-07-13,2015-05-18,45243.0,40041.0,36498.5,40529.650406504064,42790.95019568799,40368.41261644606,35607.0,,42790.95019568799,33690.78760266259,38298.816731896,40691.565592357794,40843.69779301901
store_40,2015-02-02,2015-01-26,53577.0,52798.0,48321.0,52806.878504672895,52112.16624413002,44700.46439193372,56669.0,,52112.16624413002,43915.35844867666,51160.54354535458,52168.170363416655,52500.74471829495
store_40,2015-02-09,2015-01-26,37501.0,52798.0,48321.0,52815.7570093458,42487.34687352064,44700.46439193372,38515.0,,42487.34687352064,39948.22403925716,41900.93708848479,44090.6526002513,41610.57592390363
store_40,2015-02-16,2015-01-26,51941.0,52798.0,48321.0,52824.63551401869,50675.97511158037,44700.46439193372,51628.0,,50675.97511158037,42992.58214536183,49001.47983450469,50460.32134371031,50196.4363337013
store_40,2015-02-23,2015-01-26,39375.0,52798.0,48321.0,52833.51401869159,40794.78289470957,44700.46439193372,38582.0,,40794.78289470957,39718.53732933355,41359.0824288811,43375.80838325699,40644.92199141743
store_40,2015-03-02,2015-01-26,56447.0,52798.0,48321.0,52842.392523364484,56890.603300338764,44700.46439193372,54036.0,,56890.603300338764,44226.92288794814,51875.68923075749,53665.36325908146,54515.12041097497
store_40,2015-03-09,2015-01-26,41399.0,52798.0,48321.0,52851.27102803739,41097.2705317772,44700.46439193372,36760.0,,41097.2705317772,39504.00085024976,40852.578307903634,43114.199755072965,40290.26796261486
store_40,2015-03-16,2015-01-26,52291.0,52798.0,48321.0,52860.14953271028,52212.210078467426,44700.46439193372,48827.0,,52212.210078467426,42816.974857587345,48579.89149013371,50521.33987424588,50274.72752544825
store_40,2015-03-23,2015-01-26,38748.0,52798.0,48321.0,52869.02803738318,38102.01919227707,44700.46439193372,37833.0,,38102.01919227707,39231.93023165628,40211.827861403595,42054.26766789542,38859.40639716717
store_40,2015-03-02,2015-02-23,56447.0,39375.0,45950.666666666664,39262.63063063063,56292.18554103842,44723.566394630354,54036.0,,56292.18554103842,39948.578461852296,51683.91731188959,50942.608950613365,54169.7327872292
store_40,2015-03-09,2015-02-23,41399.0,39375.0,45950.666666666664,39150.261261261265,40432.62983152742,44723.566394630354,36760.0,,40432.62983152742,35198.8748791551,40638.732075385924,40352.80612649566,39906.33476389008
store_40,2015-03-16,2015-02-23,52291.0,39375.0,45950.666666666664,39037.89189189189,51888.89217880683,44723.566394630354,48827.0,,51888.89217880683,38543.28816171367,48479.819524479055,47897.27151736366,50089.46390275758
store_40,2015-03-23,2015-02-23,38748.0,39375.0,45950.666666666664,38925.52252252252,37682.36737378301,44723.566394630354,37833.0,,37682.36737378301,34927.16042251465,40079.64458947112,39378.559079859784,38618.070871927615
store_40,2015-03-30,2015-02-23,59531.0,39375.0,45950.666666666664,38813.15315315315,54243.429674154024,44723.566394630354,56134.0,,54243.429674154024,39891.4022698006,51700.33202292812,50474.101565336954,53588.35224761457
store_40,2015-04-06,2015-02-23,34347.0,39375.0,45950.666666666664,38700.78378378379,34501.04464586239,44723.566394630354,38609.0,,34501.04464586239,34551.437355849026,39277.87034683091,38154.0211424642,36992.3936922123
store_40,2015-04-13,2015-02-23,54184.0,39375.0,45950.666666666664,38588.414414414416,52548.947043789376,44723.566394630354,50952.0,,52548.947043789376,38876.9420742144,49408.17114613991,48604.17177279779,51092.632266613466
store_40,2015-04-20,2015-02-23,38901.0,39375.0,45950.666666666664,38476.045045045044,38435.92773560896,44723.566394630354,30415.0,,38435.92773560896,33910.88654885015,37858.16471007977,38063.85261441181,36895.94240949616
store_40,2015-03-30,2015-03-23,59531.0,38748.0,46540.083333333336,38634.086956521736,54546.32541988687,44817.47383136813,56134.0,,54546.32541988687,39917.13850587286,51832.59975041833,50600.34014431415,53776.549219969
store_40,2015-04-06,2015-03-23,34347.0,38748.0,46540.083333333336,38520.17391304348,35117.67962336163,44817.47383136813,38609.0,,35117.67962336163,34621.77295730094,39514.717818243254,38415.59389912147,37363.20501102323
store_40,2015-04-13,2015-03-23,54184.0,38748.0,46540.083333333336,38406.260869565216,53367.253921863674,44817.47383136813,50952.0,,53367.253921863674,38975.867422304334,49712.2425844106,48952.691789599885,51580.82827497949
store_40,2015-04-20,2015-03-23,38901.0,38748.0,46540.083333333336,38292.34782608696,39422.68968633899,44817.47383136813,30415.0,,39422.68968633899,34033.656382446774,38218.38783923571,38484.97797836561,37482.18899581226
store_40,2015-04-27,2015-03-23,51593.0,38748.0,46540.083333333336,38178.434782608696,51076.17041826621,44817.47383136813,48846.0,,51076.17041826621,38315.16605222519,48246.54808321144,47489.552735651116,49633.8414713057
store_40,2015-05-04,2015-03-23,55624.0,38748.0,46540.083333333336,38064.52173913043,55237.43485662482,44817.47383136813,54053.0,,55237.43485662482,39637.21625149382,51369.302895997644,50401.89770931187,53572.65298083661
store_40,2015-05-11,2015-03-23,36985.0,38748.0,46540.083333333336,37950.608695652176,36105.42901039021,44817.47383136813,38071.0,,36105.42901039021,34604.65641010626,39664.63428058611,38678.630421754875,37781.42143388978
store_40,2015-05-18,2015-03-23,53630.0,38748.0,46540.083333333336,37836.69565217391,51627.89115367971,44817.47383136813,50139.0,,51627.89115367971,38529.877710079294,48861.45499501594,47978.83276609192,50331.60489784521
store_40,2015-04-27,2015-04-20,51593.0,38901.0,46520.166666666664,38792.20168067227,50519.95295218538,44882.09174775695,48846.0,,50519.95295218538,38351.63043532589,48082.68156664744,47317.3141002972,49318.275191673776
store_40,2015-05-04,2015-04-20,55624.0,38901.0,46520.166666666664,38683.403361344535,54615.50956878395,44882.09174775695,54053.0,,54615.50956878395,39665.02447779315,51183.53377218029,50201.71243956584,53218.84095533404
store_40,2015-05-11,2015-04-20,36985.0,38901.0,46520.166666666664,38574.6050420168,35124.55403457348,44882.09174775695,38071.0,,35124.55403457348,34581.916784430556,39359.21526077681,38323.88650814319,37218.67996621504
store_40,2015-05-18,2015-04-20,53630.0,38901.0,46520.166666666664,38465.80672268908,51165.70838908049,44882.09174775695,50139.0,,51165.70838908049,38581.96764659903,48728.93337894582,47848.46656544869,50070.77224351929
store_40,2015-05-25,2015-04-20,37388.0,38901.0,46520.166666666664,38357.008403361346,34272.18477649886,44882.09174775695,37940.0,,34272.18477649886,34410.35022775483,39031.42550808527,37909.52670855262,36684.39365374569
store_40,2015-06-01,2015-04-20,50169.0,38901.0,46520.166666666664,38248.21008403361,47982.683138935805,44882.09174775695,55876.0,,47982.683138935805,38915.735948199,49580.25829556425,47695.72067999323,49889.16361189676
store_40,2015-06-08,2015-04-20,40755.0,38901.0,46520.166666666664,38139.41176470588,38723.05298098192,44882.09174775695,33693.0,,38723.05298098192,34408.38902287306,39099.38157624629,38895.572952648705,38037.97311999098
store_40,2015-06-15,2015-04-20,54468.0,38901.0,46520.166666666664,38030.61344537815,52566.33469400973,44882.09174775695,46306.0,,52566.33469400973,38172.31522197307,47918.14214725556,47588.944745575456,49769.52636193489
store_40,2015-05-25,2015-05-18,37388.0,53630.0,47806.666666666664,53644.48780487805,35254.006246831006,45027.803850830205,37940.0,,35254.006246831006,39043.2806527437,39407.27003255374,40965.29385063966,37274.32608869661
store_40,2015-06-01,2015-05-18,50169.0,53630.0,47806.666666666664,53658.9756097561,48699.12880868906,45027.803850830205,55876.0,,48699.12880868906,43528.367847991714,49867.644219839756,50647.122806839056,50324.6320095794
store_40,2015-06-08,2015-05-18,40755.0,53630.0,47806.666666666664,53673.46341463415,38986.501697470165,45027.803850830205,33693.0,,38986.501697470165,38973.91937565731,39235.76851610012,41661.601538874966,38209.7711373341
store_40,2015-06-15,2015-05-18,54468.0,53630.0,47806.666666666664,53687.95121951219,52542.058645605575,45027.803850830205,46306.0,,52542.058645605575,42714.35434037352,47958.62083214526,50240.95878282269,49773.85195447365
store_40,2015-06-22,2015-05-18,37196.0,53630.0,47806.666666666664,53702.439024390245,35945.017006651644,45027.803850830205,37847.0,,35945.017006651644,39136.98950693411,39606.60695249395,41248.356178338,37649.44484173255
store_40,2015-06-29,2015-05-18,56576.0,53630.0,47806.666666666664,53716.92682926829,49386.33703503674,45027.803850830205,54460.0,,49386.33703503674,43432.53348311455,49624.71362862231,50642.67949468653,50312.16884584995
store_40,2015-07-06,2015-05-18,40776.0,53630.0,47806.666666666664,53731.41463414634,37586.83034910491,45027.803850830205,38627.0,,37586.83034910491,39487.10221439259,40413.87806664503,42128.17354174863,38832.276451852245
store_40,2015-07-13,2015-05-18,55384.0,53630.0,47806.666666666664,53745.90243902439,51364.46091642725,45027.803850830205,50370.0,,51364.46091642725,43134.97626756407,48920.754922419146,50615.43171173416,50272.199928505885
store_41,2015-02-02,2015-01-26,43833.0,58463.0,52583.666666666664,58653.73831775701,41674.26861384712,49645.611092185376,43397.0,,41674.26861384712,43488.18352720802,44905.62656867749,47188.09332502347,43554.35189213714
store_41,2015-02-09,2015-01-26,45088.0,58463.0,52583.666666666664,58844.47663551402,43994.39364696962,49645.611092185376,41836.0,,43994.39364696962,43623.87829161938,45158.668246384994,47850.23458086484,44459.064410076484
store_41,2015-02-16,2015-01-26,39613.0,58463.0,52583.666666666664,59035.214953271025,39051.092002085315,49645.611092185376,40533.0,,39051.092002085315,42758.797816315484,43076.56769809023,45642.79600632094,41342.370452236304
store_41,2015-02-23,2015-01-26,39594.0,58463.0,52583.666666666664,59225.95327102804,38437.65464829761,49645.611092185376,38412.0,,38437.65464829761,42395.41223973967,42165.088580161,45024.21450773343,40452.288232701125
store_41,2015-03-02,2015-01-26,46942.0,58463.0,52583.666666666664,59416.69158878505,47759.136889332774,49645.611092185376,46586.0,,47759.136889332774,44922.015176709974,47996.91599383938,50282.48399031682,47797.978491988695
store_41,2015-03-09,2015-01-26,40270.0,58463.0,52583.666666666664,59607.42990654206,37204.343626449205,49645.611092185376,35856.0,,37204.343626449205,41908.578755977614,40901.984906211525,44093.523128251516,39101.610694459814
store_41,2015-03-16,2015-01-26,43515.0,58463.0,52583.666666666664,59798.168224299065,42337.375012218356,49645.611092185376,39672.0,,42337.375012218356,43214.260142195635,43884.99536813458,46870.925568237675,42970.633504036115
store_41,2015-03-23,2015-01-26,39796.0,58463.0,52583.666666666664,59988.90654205607,40101.97387636056,49645.611092185376,39043.0,,40101.97387636056,42832.30831103838,42930.19498951531,45874.48468287917,41551.022128767036
store_41,2015-03-02,2015-02-23,46942.0,39594.0,47048.666666666664,39607.873873873876,48148.351181077,41499.0784939293,46586.0,,48148.351181077,37497.710030792405,45411.143225002095,45385.313692269236,46547.88709472045
store_41,2015-03-09,2015-02-23,40270.0,39594.0,47048.666666666664,39621.747747747744,37384.73094979027,41499.0784939293,35856.0,,37384.73094979027,34429.17483687628,38246.60314790652,39097.13591289089,37733.996469777965
store_41,2015-03-16,2015-02-23,43515.0,39594.0,47048.666666666664,39635.62162162162,42450.748832004916,41499.0784939293,39672.0,,42450.748832004916,35700.0165163175,41207.275775311406,41832.27139955216,41565.30568099654
store_41,2015-03-23,2015-02-23,39796.0,39594.0,47048.666666666664,39649.495495495496,40212.31185899508,41499.0784939293,39043.0,,40212.31185899508,35292.36464501236,40251.46345097479,40819.25594347542,40143.98580912666
store_41,2015-03-30,2015-02-23,63351.0,39594.0,47048.666666666664,39663.36936936937,56282.19273710871,41499.0784939293,46561.0,,56282.19273710871,38664.04389529629,48114.090410346,48651.96664597209,51118.99660573774
store_41,2015-04-06,2015-02-23,37711.0,39594.0,47048.666666666664,39677.24324324324,41944.98045976774,41499.0784939293,40102.0,,41944.98045976774,35695.13840908671,41182.019651232345,41711.598907726744,41391.132131294784
store_41,2015-04-13,2015-02-23,46299.0,39594.0,47048.666666666664,39691.117117117115,53855.429668450546,41499.0784939293,60313.0,,53855.429668450546,40285.89884945194,51889.169387459944,50200.67127787545,53285.962977099276
store_41,2015-04-20,2015-02-23,38070.0,39594.0,47048.666666666664,39704.99099099099,37369.85549207435,41499.0784939293,32621.0,,37369.85549207435,33976.798806237326,37163.31132866788,38505.389824657075,36894.60003410243
store_41,2015-03-30,2015-03-23,63351.0,39796.0,43299.083333333336,39811.147826086955,58012.74158439249,41470.546724265696,46561.0,,58012.74158439249,38421.502781154064,48681.42943621939,48957.507474147154,52087.762770472706
store_41,2015-04-06,2015-03-23,37711.0,39796.0,43299.083333333336,39826.29565217391,43100.881366628164,41470.546724265696,40102.0,,43100.881366628164,35370.686725200154,41557.809363631284,41786.48114309734,42036.50016770193
store_41,2015-04-13,2015-03-23,46299.0,39796.0,43299.083333333336,39841.443478260866,49228.229184029115,41470.546724265696,60313.0,,49228.229184029115,39135.471817127,50337.25863609827,47953.26535073248,50676.739751084526
store_41,2015-04-20,2015-03-23,38070.0,39796.0,43299.083333333336,39856.59130434783,40576.88064361969,41470.546724265696,32621.0,,40576.88064361969,33945.72885793808,38222.80912262846,39404.191160623945,38694.29177905751
store_41,2015-04-27,2015-03-23,47439.0,39796.0,43299.083333333336,39871.739130434784,47118.728231404675,41470.546724265696,44544.0,,47118.728231404675,36585.728202776925,44377.75831855679,44218.179660379465,45438.734158100466
store_41,2015-05-04,2015-03-23,47305.0,39796.0,43299.083333333336,39886.88695652174,48925.30601239804,41470.546724265696,46052.0,,48925.30601239804,37061.40328950268,45482.61757888791,45221.41444967676,46842.816430562925
store_41,2015-05-11,2015-03-23,40251.0,39796.0,43299.083333333336,39902.034782608695,41087.019727864346,41470.546724265696,39642.0,,41087.019727864346,35028.097795438865,40733.18881737668,40900.00157995043,40784.979591903466
store_41,2015-05-18,2015-03-23,44193.0,39796.0,43299.083333333336,39917.18260869565,45415.3649314286,41470.546724265696,40343.0,,45415.3649314286,35748.73965681761,42409.63721856476,42768.00774874904,43400.94563521347
store_41,2015-04-27,2015-04-20,47439.0,38070.0,43673.5,38070.13445378151,45958.614180598335,42565.46997336123,44544.0,,45958.614180598335,36125.95980110587,44356.02805131985,43625.55644322897,44983.30629932934
store_41,2015-05-04,2015-04-20,47305.0,38070.0,43673.5,38070.268907563026,47902.117843484695,42565.46997336123,46052.0,,47902.117843484695,36619.05096062985,45506.52927228197,44682.47495743595,46464.44718596035
store_41,2015-05-11,2015-04-20,40251.0,38070.0,43673.5,38070.403361344535,39694.84617713306,42565.46997336123,39642.0,,39694.84617713306,34530.88850169126,40634.1053834981,40211.580138046134,40198.95419217339
store_41,2015-05-18,2015-04-20,44193.0,38070.0,43673.5,38070.53781512605,44367.20428647098,42565.46997336123,40343.0,,44367.20428647098,35298.53029642261,42425.2247532774,42216.432787597136,43008.52247786828
store_41,2015-05-25,2015-04-20,40394.0,38070.0,43673.5,38070.67226890756,38034.87302147386,42565.46997336123,42622.0,,38034.87302147386,34719.50218053466,41074.114331611694,40091.24162008141,40030.280027182496
store_41,2015-06-01,2015-04-20,51808.0,38070.0,43673.5,38070.80672268908,51300.37237123241,42565.46997336123,48479.0,,51300.37237123241,37451.30700961182,47448.28078153121,46492.092137171625,49000.364951880125
store_41,2015-06-08,2015-04-20,40375.0,38070.0,43673.5,38070.94117647059,39632.1738102197,42565.46997336123,35816.0,,39632.1738102197,33975.44070857878,39337.88126119364,39485.12438784556,39180.83941454637
store_41,2015-06-15,2015-04-20,44763.0,38070.0,43673.5,38071.075630252104,44157.660441596454,42565.46997336123,40876.0,,44157.660441596454,35344.815149315684,42533.043471652556,42230.03296903736,43027.51622896262
store_41,2015-05-25,2015-05-18,40394.0,44193.0,44595.166666666664,44242.91056910569,38312.53992308435,43768.041410883205,42622.0,,38312.53992308435,36819.09408139141,41567.52711132252,41537.84318147049,40403.414021417644
store_41,2015-06-01,2015-05-18,51808.0,44193.0,44595.166666666664,44292.82113821138,51412.184058790386,43768.041410883205,48479.0,,51412.184058790386,39534.3161820788,47886.4084898912,47876.41054043804,49280.1595951407
store_41,2015-06-08,2015-05-18,40375.0,44193.0,44595.166666666664,44342.73170731707,39704.24241151409,43768.041410883205,35816.0,,39704.24241151409,36059.88317091158,39762.76127413243,40857.80419726755,39438.26759861082
store_41,2015-06-15,2015-05-18,44763.0,44193.0,44595.166666666664,44392.64227642276,44267.78129089183,43768.041410883205,40876.0,,44267.78129089183,37441.80452069492,42970.60756725834,43622.31551624406,43306.35930885549
store_41,2015-06-22,2015-05-18,37903.0,44193.0,44595.166666666664,44442.55284552846,37936.36723680449,43768.041410883205,36829.0,,37936.36723680449,35966.3040228404,39511.136215895895,40342.211427826696,38703.57480039367
store_41,2015-06-29,2015-05-18,54753.0,44193.0,44595.166666666664,44492.46341463415,55239.54268445032,43768.041410883205,49873.0,,55239.54268445032,40308.74488237633,49626.861365111174,49686.27862840243,51792.204078489835
store_41,2015-07-06,2015-05-18,46948.0,44193.0,44595.166666666664,44542.37398373984,48570.95656095963,43768.041410883205,44404.0,,48570.95656095963,38581.93408889276,45580.99932394761,46010.108588084084,46634.3758779358
store_41,2015-07-13,2015-05-18,54955.0,44193.0,44595.166666666664,44592.28455284553,52660.631991446135,43768.041410883205,49307.0,,52660.631991446135,39873.7320888345,48578.55780077644,48555.544842487616,50195.457525582795
store_42,2015-02-02,2015-01-26,59154.0,57316.0,58512.166666666664,57270.457943925234,61885.44715276289,55278.78190532028,62160.0,,61885.44715276289,50346.12195266786,59774.743019361056,60317.388566297304,61171.26096275961
store_42,2015-02-09,2015-01-26,47416.0,57316.0,58512.166666666664,57224.91588785047,49709.719228324844,55278.78190532028,45074.0,,49709.719228324844,46159.36909830889,50020.83371121504,51392.70867623027,49325.77683164076
store_42,2015-02-16,2015-01-26,53342.0,57316.0,58512.166666666664,57179.3738317757,54132.304540400466,55278.78190532028,58145.0,,54132.304540400466,48651.94670630901,55852.02881524024,55786.797581038336,55165.20522606833
store_42,2015-02-23,2015-01-26,45237.0,57316.0,58512.166666666664,57133.831775700935,43068.314553813085,55278.78190532028,45930.0,,43068.314553813085,45319.87070021442,48092.365486377785,48234.88056000015,45142.50153591898
store_42,2015-03-02,2015-01-26,59045.0,57316.0,58512.166666666664,57088.28971962617,61347.225144257434,55278.78190532028,60777.0,,61347.225144257434,50045.63763369579,59134.33568319257,59802.525230926854,60507.1126386576
store_42,2015-03-09,2015-01-26,45272.0,57316.0,58512.166666666664,57042.7476635514,46442.19075596743,55278.78190532028,44552.0,,46442.19075596743,45591.98385592939,48757.65755376257,49668.9958216785,47056.49530547457
store_42,2015-03-16,2015-01-26,55203.0,57316.0,58512.166666666664,56997.20560747664,55572.37898233511,55278.78190532028,56301.0,,55572.37898233511,48568.2190231141,55717.3869625518,56175.645551805326,55701.02182691777
store_42,2015-03-23,2015-01-26,46299.0,57316.0,58512.166666666664,56951.66355140187,45813.86993065018,55278.78190532028,43892.0,,45813.86993065018,45394.926007719856,48328.21727865682,49238.6707405866,46494.850006674285
store_42,2015-03-02,2015-02-23,59045.0,45237.0,55483.166666666664,45084.27927927928,61339.74946131774,55138.722168322696,60777.0,,61339.74946131774,46151.416796512334,59085.15720988014,57579.08051161808,60485.74459929446
store_42,2015-03-09,2015-02-23,45272.0,45237.0,55483.166666666664,44931.55855855856,46417.41025141082,55138.722168322696,44552.0,,46417.41025141082,41679.97966356553,48702.71080657784,47428.32717971226,47023.72803302358
store_42,2015-03-16,2015-02-23,55203.0,45237.0,55483.166666666664,44778.83783783784,55581.931243868225,55138.722168322696,56301.0,,55581.931243868225,44645.80827381363,55673.88447073031,53943.37042063909,55690.870632914244
store_42,2015-03-23,2015-02-23,46299.0,45237.0,55483.166666666664,44626.117117117115,45788.67411037228,55138.722168322696,43892.0,,45788.67411037228,41452.24000892553,48273.132092898326,46980.51807653147,46461.80915262755
store_42,2015-03-30,2015-02-23,66213.0,45237.0,55483.166666666664,44473.3963963964,65777.2474478186,55138.722168322696,60711.0,,65777.2474478186,46688.64752560062,60542.32320538043,59720.15881322595,63394.089763003394
store_42,2015-04-06,2015-02-23,41834.0,45237.0,55483.166666666664,44320.67567567567,44775.40370851131,55138.722168322696,47618.0,,44775.40370851131,41796.138317025194,49177.375292278,47081.40158487572,46628.454675419285
store_42,2015-04-13,2015-02-23,56439.0,45237.0,55483.166666666664,44167.954954954956,56957.35118095607,55138.722168322696,63493.0,,56957.35118095607,45782.45642441434,58529.69111642626,55789.01703354612,58206.93602569125
store_42,2015-04-20,2015-02-23,43013.0,45237.0,55483.166666666664,44015.23423423423,44727.29704242452,55138.722168322696,38800.0,,44727.29704242452,40485.91715880687,46222.0064035824,45546.24024363556,44622.728975436716
store_42,2015-03-30,2015-03-23,66213.0,46299.0,52151.583333333336,46160.82608695652,65190.44616165203,55011.7903354245,60711.0,,65190.44616165203,46503.520845338055,60304.41216569218,59357.22507977994,62992.642901721425
store_42,2015-04-06,2015-03-23,41834.0,46299.0,52151.583333333336,46022.65217391304,44697.828865953954,55011.7903354245,47618.0,,44697.828865953954,41685.8363869464,49109.20640045949,46972.267874275014,46562.45137164417
store_42,2015-04-13,2015-03-23,56439.0,46299.0,52151.583333333336,45884.47826086957,56760.36149349842,55011.7903354245,63493.0,,56760.36149349842,45657.17334616083,58421.71727630764,55621.814083645746,58062.270388301695
store_42,2015-04-20,2015-03-23,43013.0,46299.0,52151.583333333336,45746.30434782609,43732.80883507425,55011.7903354245,38800.0,,43732.80883507425,40248.783835951166,45848.19972349958,44984.57039927388,43952.72585022313
store_42,2015-04-27,2015-03-23,53698.0,46299.0,52151.583333333336,45608.13043478261,55869.872025305085,55011.7903354245,57548.0,,55869.872025305085,44641.196589835075,56143.22078690986,54155.466385828346,56144.80293868194
store_42,2015-05-04,2015-03-23,59019.0,46299.0,52151.583333333336,45469.95652173913,60823.640060067526,55011.7903354245,64376.0,,60823.640060067526,46304.56717865207,60070.47679849734,57753.06658060845,60936.552709014206
store_42,2015-05-11,2015-03-23,42313.0,46299.0,52151.583333333336,45331.782608695656,43416.651985910554,55011.7903354245,44309.0,,43416.651985910554,40931.40118048058,47579.14744044501,45723.10595952359,44977.73234237006
store_42,2015-05-18,2015-03-23,54532.0,46299.0,52151.583333333336,45193.608695652176,55622.08100647466,55011.7903354245,56285.0,,55622.08100647466,44366.15191012638,55639.62378063305,53786.188940415006,55698.834417931845
store_42,2015-04-27,2015-04-20,53698.0,43013.0,51538.916666666664,42851.857142857145,55832.897234111966,54899.82069377811,57548.0,,55832.897234111966,43669.21310534484,56093.57264263002,53585.73577368674,56107.30079311762
store_42,2015-05-04,2015-04-20,59019.0,43013.0,51538.916666666664,42690.71428571428,60769.933410918675,54899.82069377811,64376.0,,60769.933410918675,45326.9121510111,60015.25136823225,57173.18390445105,60888.0287596398
store_42,2015-05-11,2015-04-20,42313.0,43013.0,51538.916666666664,42529.57142857143,43417.19041956973,54899.82069377811,44309.0,,43417.19041956973,39958.21417265513,47542.00370444928,45168.28291567053,44964.941343989725
store_42,2015-05-18,2015-04-20,54532.0,43013.0,51538.916666666664,42368.42857142857,55594.16930500818,54899.82069377811,56285.0,,55594.16930500818,43385.6193195545,55592.99666626209,53215.40038929735,55667.30241609839
store_42,2015-05-25,2015-04-20,41831.0,43013.0,51538.916666666664,42207.28571428572,42720.73297733059,54899.82069377811,45923.0,,42720.73297733059,40043.25086458015,47847.85122370289,45068.905900096375,44867.47995714013
store_42,2015-06-01,2015-04-20,54508.0,43013.0,51538.916666666664,42046.142857142855,54954.172321653474,54899.82069377811,61706.0,,54954.172321653474,44022.5789341773,57186.66433847719,53785.87684337876,56459.28510611803
store_42,2015-06-08,2015-04-20,48515.0,43013.0,51538.916666666664,41885.0,48686.49335029032,54899.82069377811,43533.0,,48686.49335029032,40508.03295867644,49039.771348022805,47599.601784050465,48262.27899468236
store_42,2015-06-15,2015-04-20,57733.0,43013.0,51538.916666666664,41723.857142857145,57007.062810138654,54899.82069377811,55212.0,,57007.062810138654,43342.093901920074,55706.29450130559,53683.4796953149,56357.813530359934
store_42,2015-05-25,2015-05-18,41831.0,54532.0,51906.666666666664,54469.74796747968,42645.54390392501,54818.14431674463,45923.0,,42645.54390392501,43470.728979259424,47795.56274022321,46980.96390483242,44808.3614056008
store_42,2015-06-01,2015-05-18,54508.0,54532.0,51906.666666666664,54407.49593495935,54677.22738432784,54818.14431674463,61706.0,,54677.22738432784,47435.36204324264,57067.12390035749,55605.814623366074,56267.263588539594
store_42,2015-06-08,2015-05-18,48515.0,54532.0,51906.666666666664,54345.243902439026,48784.29211852476,54818.14431674463,43533.0,,48784.29211852476,43988.47814348215,49045.14547842313,49613.42106817157,48317.113003410486
store_42,2015-06-15,2015-05-18,57733.0,54532.0,51906.666666666664,54282.9918699187,57124.963823451704,54818.14431674463,55212.0,,57124.963823451704,46839.53809668309,55718.369380065444,55715.24267511214,56425.88952345016
store_42,2015-06-22,2015-05-18,45607.0,54532.0,51906.666666666664,54220.739837398374,42647.38641843189,54818.14431674463,50389.0,,42647.38641843189,44073.41960560593,49284.84357839217,47714.75491286603,45809.35355828285
store_42,2015-06-29,2015-05-18,65212.0,54532.0,51906.666666666664,54158.48780487805,65169.95253214441,54818.14431674463,61340.0,,65169.95253214441,48846.464474347675,60442.698949629674,60729.48394180878,63097.21899698829
store_42,2015-07-06,2015-05-18,49547.0,54532.0,51906.666666666664,54096.23577235772,48873.43533220576,54818.14431674463,46277.0,,48873.43533220576,44357.64029828211,49989.52654965012,50100.20039307912,48990.118382228466
store_42,2015-07-13,2015-05-18,60499.0,54532.0,51906.666666666664,54033.9837398374,59898.64392275848,54818.14431674463,58849.0,,59898.64392275848,47719.77694942959,57855.26274650103,57684.377971854075,59067.19513311981
store_43,2015-02-02,2015-01-26,43144.0,43905.0,42072.0,43912.68224299065,43758.85790465624,38337.8260807238,47633.0,,43758.85790465624,37088.48088976724,43243.227995126676,43985.95967480075,44217.41170924051
store_43,2015-02-09,2015-01-26,30259.0,43905.0,42072.0,43920.36448598131,32465.09744744652,38337.8260807238,32127.0,,32465.09744744652,33261.0411448788,34309.9745093901,35515.201526195946,33054.71796794527
store_43,2015-02-16,2015-01-26,43644.0,43905.0,42072.0,43928.04672897196,43842.127183323115,38337.8260807238,42640.0,,43842.127183323115,36389.28571328841,41606.651088015635,42958.41228954422,42861.84853341495
store_43,2015-02-23,2015-01-26,32040.0,43905.0,42072.0,43935.72897196261,32149.330750897352,38337.8260807238,31494.0,,32149.330750897352,33127.697971940535,33993.71894387371,35236.919648285206,32686.46136127854
store_43,2015-03-02,2015-01-26,44631.0,43905.0,42072.0,43943.411214953274,46103.312344097445,38337.8260807238,45204.0,,46103.312344097445,37080.792805682075,43215.046141607076,44540.20722720568,44944.61368225376
store_43,2015-03-09,2015-01-26,33712.0,43905.0,42072.0,43951.09345794393,33437.56878540621,38337.8260807238,28569.0,,33437.56878540621,32896.06976058199,33448.13162204334,35201.57855343589,32638.327633192977
store_43,2015-03-16,2015-01-26,43957.0,43905.0,42072.0,43958.77570093458,44788.94510006273,38337.8260807238,40718.0,,44788.94510006273,36254.36384024587,41281.59039359551,42982.608009131916,42890.60162361637
store_43,2015-03-23,2015-01-26,32632.0,43905.0,42072.0,43966.457943925234,32952.13768244925,38337.8260807238,32328.0,,32952.13768244925,33365.917386728324,34539.32125439101,35784.16507955507,33404.43664478465
store_43,2015-03-02,2015-02-23,44631.0,32040.0,39392.0,31940.513513513513,45960.90141997492,38305.90561414657,45204.0,,45960.90141997492,33263.331506805,43156.93567804049,42386.33332116803,44855.179753888275
store_43,2015-03-09,2015-02-23,33712.0,32040.0,39392.0,31841.027027027027,33206.2119329081,38305.90561414657,28569.0,,33206.2119329081,29050.59208201167,33360.37251568489,32998.795314956675,32495.360509303202
store_43,2015-03-16,2015-02-23,43957.0,32040.0,39392.0,31741.54054054054,44593.8771771224,38305.90561414657,40718.0,,44593.8771771224,32398.760475972784,41205.927597089656,40788.11675635619,42769.47543608943
store_43,2015-03-23,2015-02-23,32632.0,32040.0,39392.0,31642.054054054053,32782.56664536602,38305.90561414657,32328.0,,32782.56664536602,29498.646616223807,34472.15741983753,33593.036520947346,33298.65607004489
store_43,2015-03-30,2015-02-23,47903.0,32040.0,39392.0,31542.567567567567,46741.03780899086,38305.90561414657,46250.0,,46741.03780899086,33467.35871295786,43765.64780771248,42935.38604296291,45619.194876013746
store_43,2015-04-06,2015-02-23,28679.0,32040.0,39392.0,31443.08108108108,29527.70611147274,38305.90561414657,30247.0,,29527.70611147274,28707.956115242912,32693.537241873102,31646.381199921907,30753.814277497135
store_43,2015-04-13,2015-02-23,45928.0,32040.0,39392.0,31343.594594594593,44026.946352031955,38305.90561414657,43626.0,,44026.946352031955,32676.349508681873,41986.28398872617,41119.714818085,43246.950723840346
store_43,2015-04-20,2015-02-23,31300.0,32040.0,39392.0,31244.108108108107,31334.61816354643,38305.90561414657,26942.0,,31334.61816354643,28465.51884082873,32194.174592564334,31750.191496409785,30910.869414886223
store_43,2015-03-30,2015-03-23,47903.0,32632.0,38346.083333333336,32541.121739130434,46401.130561112775,38321.34985535901,46250.0,,46401.130561112775,33498.812212705074,43657.49347215726,42815.61084440253,45416.41845584313
store_43,2015-04-06,2015-03-23,28679.0,32632.0,38346.083333333336,32450.24347826087,29231.842653581523,38321.34985535901,30247.0,,29231.842653581523,28746.93133150496,32600.06416964684,31547.388436392583,30577.54615134355
store_43,2015-04-13,2015-03-23,45928.0,32632.0,38346.083333333336,32359.365217391303,43886.0950712685,38321.34985535901,43626.0,,43886.0950712685,32738.699068193164,41944.48164220917,41092.189563388354,43163.9785735496
store_43,2015-04-20,2015-03-23,31300.0,32632.0,38346.083333333336,32268.486956521738,31235.328416045988,38321.34985535901,26942.0,,31235.328416045988,28535.035508751436,32166.226090468328,31742.314900103065,30852.911582025084
store_43,2015-04-27,2015-03-23,44388.0,32632.0,38346.083333333336,32177.608695652172,42024.54395394656,38321.34985535901,44250.0,,42024.54395394656,32535.94083404158,41531.96460310186,40361.1930579353,42219.25603671138
store_43,2015-05-04,2015-03-23,43590.0,32632.0,38346.083333333336,32086.73043478261,43443.79763743619,38321.34985535901,47440.0,,43443.79763743619,33181.423037273016,43068.382497598395,41683.96894070045,43971.53226750998
store_43,2015-05-11,2015-03-23,30885.0,32632.0,38346.083333333336,31995.852173913045,30282.235269441037,38321.34985535901,31322.0,,30282.235269441037,28985.64580457806,33308.52837493335,32221.714600393134,31512.38266404616
store_43,2015-05-18,2015-03-23,44098.0,32632.0,38346.083333333336,31904.97391304348,43195.92872205144,38321.34985535901,41296.0,,43195.92872205144,32242.333689112464,40937.75952580348,40244.02356854886,42092.62836715394
store_43,2015-04-27,2015-04-20,44388.0,31300.0,38152.416666666664,31200.983193277312,42191.146447828214,38316.9584406613,44250.0,,42191.146447828214,32201.643535490497,41586.034962829835,40240.54861771729,42319.0157139745
store_43,2015-05-04,2015-04-20,43590.0,31300.0,38152.416666666664,31101.96638655462,43663.15723791707,38316.9584406613,47440.0,,43663.15723791707,32853.499818828524,43140.03855952612,41586.79240590689,44103.04445502795
store_43,2015-05-11,2015-04-20,30885.0,31300.0,38152.416666666664,31002.949579831933,30415.52506576752,38316.9584406613,31322.0,,30415.52506576752,28644.2642504182,33351.49450214294,32084.59645054261,31592.092686600725
store_43,2015-05-18,2015-04-20,44098.0,31300.0,38152.416666666664,30903.932773109245,43424.44355908717,38316.9584406613,41296.0,,43424.44355908717,31913.393062789197,41012.467333249486,40149.77065366887,42229.65074583539
store_43,2015-05-25,2015-04-20,31459.0,31300.0,38152.416666666664,30804.915966386554,29945.81040226703,38316.9584406613,32487.0,,29945.81040226703,28715.300210854504,33583.25628097611,32103.652643395166,31637.37173933436
store_43,2015-06-01,2015-04-20,35824.0,31300.0,38152.416666666664,30705.899159663866,30428.415042319917,38316.9584406613,45806.0,,30428.415042319917,30672.812758473105,38183.79116099374,35162.07186868174,35677.53270591417
store_43,2015-06-08,2015-04-20,33871.0,31300.0,38152.416666666664,30606.882352941175,32017.47391546244,38316.9584406613,30589.0,,32017.47391546244,28711.818767961653,33641.14411870791,32629.07086617742,32349.883640265096
store_43,2015-06-15,2015-04-20,46379.0,31300.0,38152.416666666664,30507.865546218487,44757.74183865107,38316.9584406613,44351.0,,44757.74183865107,32483.711784599644,42475.23342643745,41380.855027432415,43892.18710078178
store_43,2015-05-25,2015-05-18,31459.0,44098.0,39308.583333333336,44106.25203252032,30680.10677794971,38396.44198747639,32487.0,,30680.10677794971,32725.197733039964,33854.516255142036,34575.21195076128,32088.585389668322
store_43,2015-06-01,2015-05-18,35824.0,44098.0,39308.583333333336,44114.50406504065,31075.871060945006,38396.44198747639,45806.0,,31075.871060945006,34685.62863525648,38426.1043494738,37602.25744351781,36076.48042458983
store_43,2015-06-08,2015-05-18,33871.0,44098.0,39308.583333333336,44122.756097560974,32490.49157230439,38396.44198747639,30589.0,,32490.49157230439,32715.038998667867,33825.31118659359,34997.8721122336,32643.84349610299
store_43,2015-06-15,2015-05-18,46379.0,44098.0,39308.583333333336,44131.0081300813,45151.86648191889,38396.44198747639,44351.0,,45151.86648191889,36490.98570468713,42633.10282313176,43721.912508928384,44138.664230897484
store_43,2015-06-22,2015-05-18,30661.0,44098.0,39308.583333333336,44139.260162601626,29728.10064535516,38396.44198747639,30027.0,,29728.10064535516,32242.48373268093,32717.180877610517,33617.34624467793,30823.04479167328
store_43,2015-06-29,2015-05-18,48209.0,44098.0,39308.583333333336,44147.51219512195,43979.25916713911,38396.44198747639,43994.0,,43979.25916713911,36274.82809758154,42123.23371820517,43111.32289428308,43332.40992078368
store_43,2015-07-06,2015-05-18,34509.0,44098.0,39308.583333333336,44155.76422764228,33169.9206850292,38396.44198747639,29468.0,,33169.9206850292,32656.672890497313,33678.1208908352,35071.249397335865,32737.17097573141
store_43,2015-07-13,2015-05-18,43577.0,44098.0,39308.583333333336,44164.0162601626,41134.8673547599,38396.44198747639,40097.0,,41134.8673547599,35314.12984796175,39876.10311407877,40980.810896071576,40523.355082426824
store_44,2015-02-02,2015-01-26,63683.0,61176.0,57170.916666666664,61158.6168224299,64962.88697689725,52517.18158602131,65027.0,,64962.88697689725,51716.08600743073,60835.68952097285,62812.24963265923,63678.85323084811
store_44,2015-02-09,2015-01-26,46272.0,61176.0,57170.916666666664,61141.233644859814,49327.57069997769,52517.18158602131,44109.0,,49327.57069997769,46491.700371075065,48651.25076199966,50733.768678652836,48228.0446373456
store_44,2015-02-16,2015-01-26,56643.0,61176.0,57170.916666666664,61123.85046728972,56832.245801764075,52517.18158602131,53322.0,,56832.245801764075,48877.45636024882,54223.80912926179,56351.87204098533,55416.9761923117
store_44,2015-02-23,2015-01-26,48299.0,61176.0,57170.916666666664,61106.46728971963,46860.136632204056,52517.18158602131,44404.0,,46860.136632204056,46176.38602494452,47927.106072741786,49597.36854910661,46777.28233961191
store_44,2015-03-02,2015-01-26,62334.0,61176.0,57170.916666666664,61089.08411214953,62257.627938735764,52517.18158602131,65353.0,,62257.627938735764,51366.25861479618,60042.603174919015,61564.70191143631,62088.96316490367
store_44,2015-03-09,2015-01-26,42774.0,61176.0,57170.916666666664,61071.700934579436,43545.45110742422,52517.18158602131,42056.0,,43545.45110742422,45362.46432781309,46039.54423114851,47482.497098497166,44074.73404433139
store_44,2015-03-16,2015-01-26,58604.0,61176.0,57170.916666666664,61054.31775700935,60488.80472147651,52517.18158602131,56049.0,,60488.80472147651,49779.4601044534,56351.66210249927,58706.802735364676,58435.838513933966
store_44,2015-03-23,2015-01-26,42763.0,61176.0,57170.916666666664,61036.93457943925,43679.22765326733,52517.18158602131,38874.0,,43679.22765326733,44922.03721219922,45023.469746429546,46861.9739910469,43283.94779169443
store_44,2015-03-02,2015-02-23,62334.0,48299.0,54805.166666666664,48166.23423423423,62063.08945251652,52549.54918158823,65353.0,,62063.08945251652,47319.434219286515,59988.546211368244,59495.256993898685,61971.579522469154
store_44,2015-03-09,2015-02-23,42774.0,48299.0,54805.166666666664,48033.46846846847,43357.3968747686,52549.54918158823,42056.0,,43357.3968747686,41300.08302735599,45987.648685452274,45408.243681382766,43961.37580422323
store_44,2015-03-16,2015-02-23,58604.0,48299.0,54805.166666666664,47900.7027027027,60302.3309739118,52549.54918158823,56049.0,,60302.3309739118,45700.82136069563,56300.293385166675,56625.36125531527,58323.46143353822
store_44,2015-03-23,2015-02-23,42763.0,48299.0,54805.166666666664,47767.93693693694,43490.56348239421,52549.54918158823,38874.0,,43490.56348239421,40826.60232394086,44971.37088799414,44771.514607297344,43170.210904037165
store_44,2015-03-30,2015-02-23,65376.0,48299.0,54805.166666666664,47635.17117117117,63938.825994989835,52549.54918158823,63000.0,,63938.825994989835,47175.387573487984,59829.45839219268,59863.75790082661,62489.85431772737
store_44,2015-04-06,2015-02-23,37382.0,48299.0,54805.166666666664,47502.40540540541,38071.72918493359,52549.54918158823,42560.0,,38071.72918493359,40541.1214912277,44393.75945550727,42914.936677505306,40818.45890862808
store_44,2015-04-13,2015-02-23,62667.0,48299.0,54805.166666666664,47369.63963963964,64178.958884789434,52549.54918158823,59197.0,,64178.958884789434,46628.47348181199,58641.836022125884,59145.63186048844,61594.555979591125
store_44,2015-04-20,2015-02-23,39269.0,48299.0,54805.166666666664,47236.873873873876,41315.50889117661,52549.54918158823,34449.0,,41315.50889117661,39807.87123047219,42771.35269092161,42729.589894324024,40604.76012229853
store_44,2015-03-30,2015-03-23,65376.0,42763.0,53479.75,42586.71304347826,63375.81582974852,52533.37112463147,63000.0,,63375.81582974852,45391.235713979746,59636.39565146,58749.41494673413,62138.64755198355
store_44,2015-04-06,2015-03-23,37382.0,42763.0,53479.75,42410.42608695652,37522.20247864677,52533.37112463147,42560.0,,37522.20247864677,38752.678527176395,44205.19120109274,41804.13605122017,40475.62262786146
store_44,2015-04-13,2015-03-23,62667.0,42763.0,53479.75,42234.139130434785,63545.05708288937,52533.37112463147,59197.0,,63545.05708288937,44821.75961970794,58425.14273584027,57990.887504699116,61199.33992945933
store_44,2015-04-20,2015-03-23,39269.0,42763.0,53479.75,42057.852173913045,40689.96732508531,52533.37112463147,34449.0,,40689.96732508531,37996.13437480426,42557.44614990559,41575.90181216935,40214.734077823254
store_44,2015-04-27,2015-03-23,55723.0,42763.0,53479.75,41881.565217391304,55706.722683749394,52533.37112463147,59659.0,,55706.722683749394,43717.62986082459,55966.36460279362,54262.18414238828,56460.20236075741
store_44,2015-05-04,2015-03-23,62077.0,42763.0,53479.75,41705.27826086956,65096.017562181456,52533.37112463147,63480.0,,65096.017562181456,45579.630992526065,60369.796228937645,59626.41194999463,63338.359484564826
store_44,2015-05-11,2015-03-23,39365.0,42763.0,53479.75,41528.99130434782,42024.456332043745,52533.37112463147,41025.0,,42024.456332043745,39050.652680146144,45194.275818891736,43598.59365053827,42849.06781426765
store_44,2015-05-18,2015-03-23,58948.0,42763.0,53479.75,41352.70434782609,61033.978211654816,52533.37112463147,61318.0,,61033.978211654816,44640.11481201605,58295.11644542876,57166.90086104156,60222.9354389711
store_44,2015-04-27,2015-04-20,55723.0,39269.0,52172.166666666664,39069.27731092437,55179.178483500844,52482.56022880979,59659.0,,55179.178483500844,42547.311812843094,55773.579570770205,53460.26827563932,56127.390651387315
store_44,2015-05-04,2015-04-20,62077.0,39269.0,52172.166666666664,38869.554621848736,64659.570875165286,52482.56022880979,63480.0,,64659.570875165286,44418.97891321292,60207.377034658355,58867.085566677546,63062.10079831337
store_44,2015-05-11,2015-04-20,39365.0,39269.0,52172.166666666664,38669.83193277311,41504.51828728011,52482.56022880979,41025.0,,41504.51828728011,37874.725302218525,45004.02617202996,42797.13715541758,42520.977980080745
store_44,2015-05-18,2015-04-20,58948.0,39269.0,52172.166666666664,38470.10924369748,60563.49543112726,52482.56022880979,61318.0,,60563.49543112726,43467.90451004302,58121.35188664568,56387.82686559792,59925.54726284754
store_44,2015-05-25,2015-04-20,43034.0,39269.0,52172.166666666664,38270.38655462185,42197.073658618145,52482.56022880979,43954.0,,42197.073658618145,38335.026729816636,46211.211295809306,43734.39449151687,43755.26990903551
store_44,2015-06-01,2015-04-20,55770.0,39269.0,52172.166666666664,38070.663865546216,56534.60708498256,52482.56022880979,68257.0,,56534.60708498256,43826.57112085789,59091.389104597445,55894.77253874735,59330.00108283958
store_44,2015-06-08,2015-04-20,45644.0,39269.0,52172.166666666664,37870.94117647059,45786.61856996524,52482.56022880979,39397.0,,45786.61856996524,38139.75523455889,45888.72626625834,44470.49257025475,44732.213118389256
store_44,2015-06-15,2015-04-20,63842.0,39269.0,52172.166666666664,37671.21848739496,61874.239573219325,52482.56022880979,57151.0,,61874.239573219325,42945.74070801296,57169.26660067637,56074.30938043171,59594.91978179286
store_44,2015-05-25,2015-05-18,43034.0,58948.0,52273.5,58914.76422764228,40736.62467235231,52521.2846839123,43954.0,,40736.62467235231,43906.88194055812,45737.30311875487,45833.13213865604,42852.67821435993
store_44,2015-06-01,2015-05-18,55770.0,58948.0,52273.5,58881.528455284555,55225.695938476856,52521.2846839123,68257.0,,55225.695938476856,49443.858439667674,58667.99354079638,58078.52258213518,58521.48355826172
store_44,2015-06-08,2015-05-18,45644.0,58948.0,52273.5,58848.29268292683,44310.76178537606,52521.2846839123,39397.0,,44310.76178537606,43756.97702174503,45409.68215642945,46584.7102718408,43820.056315470116
store_44,2015-06-15,2015-05-18,63842.0,58948.0,52273.5,58815.0569105691,60477.6299568527,52521.2846839123,57151.0,,60477.6299568527,48598.0673644763,56716.63821358833,58238.46028680597,58731.95934853909
store_44,2015-06-22,2015-05-18,43349.0,58948.0,52273.5,58781.82113821138,41271.469285268045,52521.2846839123,42738.0,,41271.469285268045,43790.58215819881,45510.25132306012,45822.47682211723,42850.772501594605
store_44,2015-06-29,2015-05-18,66110.0,58948.0,52273.5,58748.58536585366,59264.21209196755,52521.2846839123,70279.0,,59264.21209196755,50290.65459167621,60688.16559195994,60463.093151074754,61583.857972936
store_44,2015-07-06,2015-05-18,43948.0,58948.0,52273.5,58715.349593495936,40704.08460881168,52521.2846839123,46716.0,,40704.08460881168,44268.3169837457,46647.12309757466,46396.47862995961,43590.972194125716
store_44,2015-07-13,2015-05-18,59134.0,58948.0,52273.5,58682.11382113821,55622.93412082366,52521.2846839123,60511.0,,55622.93412082366,48365.54751798202,56218.40626824532,56594.794426883884,56640.89712392802
store_45,2015-02-02,2015-01-26,32098.0,31724.0,30407.833333333332,31757.48598130841,32384.99341113586,28942.794851019313,31452.0,,32384.99341113586,26667.015368113844,30926.596087385056,31548.72178960926,31665.220246286113
store_45,2015-02-09,2015-01-26,23893.0,31724.0,30407.833333333332,31790.971962616823,24017.162327777827,28942.794851019313,23720.0,,24017.162327777827,24371.823210678183,25559.98572626571,26557.331708138372,24671.01955573099
store_45,2015-02-16,2015-01-26,30211.0,31724.0,30407.833333333332,31824.457943925234,30469.662281167897,28942.794851019313,29041.0,,30469.662281167897,26058.53548706368,29484.485710729066,30306.099941075154,29916.553169339837
store_45,2015-02-23,2015-01-26,23417.0,31724.0,30407.833333333332,31857.943925233645,22644.18535035345,28942.794851019313,22890.0,,22644.18535035345,24066.679637134246,24825.660067124256,25816.10048950287,23624.50086921375
store_45,2015-03-02,2015-01-26,31277.0,31724.0,30407.833333333332,31891.429906542056,30497.942890920327,28942.794851019313,28397.0,,30497.942890920327,25980.142997402145,29279.245913979878,30218.782711881606,29785.77687565222
store_45,2015-03-09,2015-01-26,27158.0,31724.0,30407.833333333332,31924.915887850468,25206.04560809041,28942.794851019313,21905.0,,25206.04560809041,24301.5128114705,25351.280153036572,26799.664970519458,24993.38935648944
store_45,2015-03-16,2015-01-26,31672.0,31724.0,30407.833333333332,31958.40186915888,30209.318171919993,28942.794851019313,25834.0,,30209.318171919993,25582.33546077593,28328.704340979766,29674.74431635368,29015.407393154095
store_45,2015-03-23,2015-01-26,25260.0,31724.0,30407.833333333332,31991.88785046729,23223.487587519427,28942.794851019313,24684.0,,23223.487587519427,24424.857660334193,25616.760812846245,26381.108932603707,24398.745605927004
store_45,2015-03-02,2015-02-23,31277.0,23417.0,28183.416666666668,23374.441441441442,31080.006719699617,28168.63136129895,28397.0,,31080.006719699617,23231.499455586665,29215.212693666188,28632.552172850446,30034.832154260614
store_45,2015-03-09,2015-02-23,27158.0,23417.0,28183.416666666668,23331.882882882885,25851.850754995623,28168.63136129895,21905.0,,25851.850754995623,21551.11166654916,25308.494038764857,25234.898362088225,25282.150929263906
store_45,2015-03-16,2015-02-23,31672.0,23417.0,28183.416666666668,23289.324324324323,30679.21959586067,28168.63136129895,25834.0,,30679.21959586067,22795.941706878657,28227.28365238654,28024.84240765819,29194.593494722605
store_45,2015-03-23,2015-02-23,25260.0,23417.0,28183.416666666668,23246.765765765766,23887.69493214172,28168.63136129895,24684.0,,23887.69493214172,21655.35838941044,25580.108764480225,24810.74887736936,24698.97043514705
store_45,2015-03-30,2015-02-23,33907.0,23417.0,28183.416666666668,23204.207207207208,31340.074067002733,28168.63136129895,28877.0,,31340.074067002733,23312.90418602508,29461.901809433894,28811.79247205057,30307.439109489686
store_45,2015-04-06,2015-02-23,19891.0,23417.0,28183.416666666668,23161.64864864865,20084.179655749143,28168.63136129895,24891.0,,20084.179655749143,21129.410904623343,24381.27033901603,23145.21260443302,22377.349524975663
store_45,2015-04-13,2015-02-23,30274.0,23417.0,28183.416666666668,23119.09009009009,29877.89430845092,28168.63136129895,31411.0,,29877.89430845092,23453.86177521523,29819.175223249957,28570.62001994712,29980.49999938589
store_45,2015-04-20,2015-02-23,23628.0,23417.0,28183.416666666668,23076.53153153153,23308.314398042858,28168.63136129895,18342.0,,23308.314398042858,20642.270565362858,23272.981919780603,23494.08353559306,22876.708289496186
store_45,2015-03-30,2015-03-23,33907.0,25260.0,28381.333333333332,25234.94782608696,31873.08469201186,28354.799745128414,28877.0,,31873.08469201186,23997.309370937222,29701.628145713425,29441.930317312275,30666.767792086415
store_45,2015-04-06,2015-03-23,19891.0,25260.0,28381.333333333332,25209.895652173913,20151.59466300853,28354.799745128414,24891.0,,20151.59466300853,21749.80334194917,24465.798136045647,23569.829641228047,22446.64535126586
store_45,2015-04-13,2015-03-23,30274.0,25260.0,28381.333333333332,25184.84347826087,29830.755844640826,28354.799745128414,31411.0,,29830.755844640826,24060.39034305192,29865.518529923076,28945.86729011114,29978.43718494256
store_45,2015-04-20,2015-03-23,23628.0,25260.0,28381.333333333332,25159.791304347826,23197.541943487435,28354.799745128414,18342.0,,23197.541943487435,21242.209475185286,23298.11389620528,23842.611111140326,22835.006038188625
store_45,2015-04-27,2015-03-23,28679.0,25260.0,28381.333333333332,25134.739130434784,28194.975804947208,28354.799745128414,25716.0,,28194.975804947208,23005.97828769196,27421.925183358537,27276.634829192066,27647.19787455432
store_45,2015-05-04,2015-03-23,31049.0,25260.0,28381.333333333332,25109.68695652174,32446.04251719416,28354.799745128414,31155.0,,32446.04251719416,24386.69465031109,30651.947420774188,30060.270931767824,31548.58565889018
store_45,2015-05-11,2015-03-23,20999.0,25260.0,28381.333333333332,25084.634782608697,20355.94284831405,28354.799745128414,22242.0,,20355.94284831405,21382.672958483497,23650.914197814152,23213.509434075004,21963.54635226159
store_45,2015-05-18,2015-03-23,31006.0,25260.0,28381.333333333332,25059.58260869565,28545.23997338538,28354.799745128414,25977.0,,28545.23997338538,23082.565094363254,27625.679906171263,27468.575995151565,27925.528145451462
store_45,2015-04-27,2015-04-20,28679.0,23628.0,27723.833333333332,23590.0756302521,28517.443728179056,27692.572924953456,25716.0,,28517.443728179056,22409.703659531133,27308.67221771084,26992.966831816244,27750.95862980972
store_45,2015-05-04,2015-04-20,31049.0,23628.0,27723.833333333332,23552.1512605042,32717.459340423164,27692.572924953456,31155.0,,32717.459340423164,23781.288122744878,30521.677421792207,29752.728105480302,31620.54522060562
store_45,2015-05-11,2015-04-20,20999.0,23628.0,27723.833333333332,23514.2268907563,20492.043415545864,27692.572924953456,22242.0,,20492.043415545864,20756.096652084136,23475.53878016644,22844.608838370215,21951.213539359658
store_45,2015-05-18,2015-04-20,31006.0,23628.0,27723.833333333332,23476.302521008405,28729.27022014933,27692.572924953456,25977.0,,28729.27022014933,22460.996999920644,27466.281048367593,27119.829334580245,27943.052103804694
store_45,2015-05-25,2015-04-20,22025.0,23628.0,27723.833333333332,23438.378151260506,20648.2506754112,27692.572924953456,20452.0,,20648.2506754112,20511.86215499407,22930.94120012155,22612.692261588774,21636.060447521093
store_45,2015-06-01,2015-04-20,31909.0,23628.0,27723.833333333332,23400.453781512606,30351.217664381307,27692.572924953456,31445.0,,30351.217664381307,23463.011100597243,29829.596863111587,28734.1466289819,30213.368431825336
store_45,2015-06-08,2015-04-20,23321.0,23628.0,27723.833333333332,23362.529411764706,22802.412568731663,27692.572924953456,20533.0,,22802.412568731663,20820.335462683306,23675.995164561704,23577.36548715357,22996.613987637582
store_45,2015-06-15,2015-04-20,29993.0,23628.0,27723.833333333332,23324.605042016807,29216.059867179516,27692.572924953456,29094.0,,29216.059867179516,22954.153023926156,28667.54426404432,27835.495588593174,28964.519130785382
store_45,2015-05-25,2015-05-18,22025.0,31006.0,27900.0,31029.29268292683,21766.25501729927,27792.06037316643,20452.0,,21766.25501729927,22849.372581913216,23336.7717968219,24503.20439057231,22347.086961991343
store_45,2015-06-01,2015-05-18,31909.0,31006.0,27900.0,31052.585365853658,30959.267476484572,27792.06037316643,31445.0,,30959.267476484572,25736.41617364352,30065.442616550332,30403.366306522934,30606.729652161655
store_45,2015-06-08,2015-05-18,23321.0,31006.0,27900.0,31075.878048780487,23168.125052084328,27792.06037316643,20533.0,,23168.125052084328,23067.866210575892,23831.06180841692,25144.334558084196,23239.01633944561
store_45,2015-06-15,2015-05-18,29993.0,31006.0,27900.0,31099.170731707316,29570.60742881932,27792.06037316643,29094.0,,29570.60742881932,25208.834076241867,28818.88926732858,29403.04447525433,29199.966532822895
store_45,2015-06-22,2015-05-18,22996.0,31006.0,27900.0,31122.463414634145,22175.706828442777,27792.06037316643,21400.0,,22175.706828442777,23056.60437374905,23789.255733869733,24849.763713931585,22820.588242936094
store_45,2015-06-29,2015-05-18,32246.0,31006.0,27900.0,31145.756097560974,29422.929936724413,27792.06037316643,30159.0,,29422.929936724413,25346.535201064544,29124.663436630282,29516.811537711,29353.37561630785
store_45,2015-07-06,2015-05-18,25134.0,31006.0,27900.0,31169.048780487807,23485.9822017717,27792.06037316643,24553.0,,23485.9822017717,23700.870193632276,25277.01419164604,25955.621742559943,24363.32339978127
store_45,2015-07-13,2015-05-18,31742.0,31006.0,27900.0,31192.341463414636,30521.94502603801,27792.06037316643,27141.0,,30521.94502603801,25079.049551802724,28485.00179973481,29513.311619889027,29342.56379787891
store_46,2015-02-02,2015-01-26,40905.0,39523.0,40244.666666666664,39495.6168224299,39994.27330073493,36279.34390564856,41194.0,,39994.27330073493,33818.70009935429,39155.872402127825,39901.96500758519,39940.04085201212
store_46,2015-02-09,2015-01-26,30956.0,39523.0,40244.666666666664,39468.233644859814,31577.3210014934,36279.34390564856,30804.0,,31577.3210014934,31128.08074552406,32886.888302380656,33564.374295369955,31848.794666673333
store_46,2015-02-16,2015-01-26,30880.0,39523.0,40244.666666666664,39440.85046728972,28262.22466449421,36279.34390564856,39292.0,,28262.22466449421,31863.15510058559,34611.18952338092,33748.32087694797,32086.172276941314
store_46,2015-02-23,2015-01-26,31469.0,39523.0,40244.666666666664,39413.46728971963,31007.6895216592,36279.34390564856,32719.0,,31007.6895216592,31312.452483384863,33335.34447576925,33689.75654389487,32013.840368839552
store_46,2015-03-02,2015-01-26,42215.0,39523.0,40244.666666666664,39386.08411214953,41832.324472376364,36279.34390564856,38222.0,,41832.324472376364,33641.05987954873,38777.88945934164,40160.805995154486,40280.44670339824
store_46,2015-03-09,2015-01-26,31338.0,39523.0,40244.666666666664,39358.700934579436,30605.668786764538,36279.34390564856,30192.0,,30605.668786764538,30886.197184808454,32359.004230804363,32950.47753693047,31074.631355716272
store_46,2015-03-16,2015-01-26,41531.0,39523.0,40244.666666666664,39331.31775700935,40371.21442202895,36279.34390564856,37472.0,,40371.21442202895,33317.36325019336,38040.8527758925,39281.69468185061,39162.658526880165
store_46,2015-03-23,2015-01-26,29264.0,39523.0,40244.666666666664,39303.93457943925,28069.616280558384,36279.34390564856,29400.0,,28069.616280558384,30402.937347473264,31249.65339540231,31536.085830875207,29273.239173646634
store_46,2015-03-02,2015-02-23,42215.0,31469.0,36749.666666666664,31370.045045045044,42613.87588071449,36177.00441160963,38222.0,,42613.87588071449,30943.08457200512,39004.293430774705,39133.702629400395,40758.66854728072
store_46,2015-03-09,2015-02-23,31338.0,31469.0,36749.666666666664,31271.09009009009,30842.98640839672,36177.00441160963,30192.0,,30842.98640839672,28100.2496538233,32403.996940002115,31651.863241586616,31212.53847059443
store_46,2015-03-16,2015-02-23,41531.0,31469.0,36749.666666666664,31172.135135135137,40760.753275065406,36177.00441160963,37472.0,,40760.753275065406,30542.937069782405,38136.585895558346,38052.57783949837,39395.75107195294
store_46,2015-03-23,2015-02-23,29264.0,31469.0,36749.666666666664,31073.18018018018,28214.03360419003,36177.00441160963,29400.0,,28214.03360419003,27583.269266092357,31263.679338599886,30181.913730039287,29353.054820279445
store_46,2015-03-30,2015-02-23,42698.0,31469.0,36749.666666666664,30974.225225225226,38483.88119802749,36177.00441160963,44049.0,,38483.88119802749,31128.968214504144,39569.961869879044,38325.58376868491,39762.18740099529
store_46,2015-04-06,2015-02-23,27125.0,31469.0,36749.666666666664,30875.27027027027,26332.65869049918,36177.00441160963,30974.0,,26332.65869049918,27511.085719863677,31161.221034036265,29582.272787391135,28605.038041947664
store_46,2015-04-13,2015-02-23,40508.0,31469.0,36749.666666666664,30776.315315315314,40522.44886748455,36177.00441160963,40475.0,,40522.44886748455,30881.34789443945,39058.15109303139,38548.08187473826,40064.120432937474
store_46,2015-04-20,2015-02-23,28517.0,31469.0,36749.666666666664,30677.36036036036,28567.591884965306,36177.00441160963,25549.0,,28567.591884965306,27027.08904622885,30097.865432191644,29506.41217872899,28525.93859963396
store_46,2015-03-30,2015-03-23,42698.0,29264.0,35304.0,29149.31304347826,38895.66942383202,36188.76887051311,44049.0,,38895.66942383202,30407.250191117626,39711.146098115045,38133.64199702239,40020.88849212794
store_46,2015-04-06,2015-03-23,27125.0,29264.0,35304.0,29034.626086956523,26725.93748810245,36188.76887051311,30974.0,,26725.93748810245,26784.476063653154,31296.23545287185,29380.16136390279,28852.16500593826
store_46,2015-04-13,2015-03-23,40508.0,29264.0,35304.0,28919.93913043478,40743.0460870497,36188.76887051311,40475.0,,40743.0460870497,30127.822012571083,39135.60498585427,38260.31280079122,40203.26791114536
store_46,2015-04-20,2015-03-23,28517.0,29264.0,35304.0,28805.252173913042,28771.500172037824,36188.76887051311,25549.0,,28771.500172037824,26268.931602351997,30169.756347516974,29209.364830404713,28654.650324536313
store_46,2015-04-27,2015-03-23,37757.0,29264.0,35304.0,28690.565217391304,37302.31779788816,36188.76887051311,39961.0,,37302.31779788816,29530.093126541797,37817.36222280042,36449.92693818675,37911.841612552365
store_46,2015-05-04,2015-03-23,44274.0,29264.0,35304.0,28575.878260869566,43267.27124168303,36188.76887051311,41884.0,,43267.27124168303,30640.559767580813,40446.680037398706,39772.35664229563,42165.20492236644
store_46,2015-05-11,2015-03-23,28796.0,29264.0,35304.0,28461.191304347827,28811.13924009639,36188.76887051311,29429.0,,28811.13924009639,26779.728487851047,31476.302703536494,30031.517136936884,29735.530186850792
store_46,2015-05-18,2015-03-23,38152.0,29264.0,35304.0,28346.50434782609,37355.38827107706,36188.76887051311,37522.0,,37355.38827107706,29140.094498488037,37022.052380530055,35931.87901205558,37281.158227461834
store_46,2015-04-27,2015-04-20,37757.0,28517.0,34783.833333333336,28399.89075630252,37665.19307087203,36142.652091984724,39961.0,,37665.19307087203,29352.79560749894,37922.94838761892,36511.00616959477,38134.02405646045
store_46,2015-05-04,2015-04-20,44274.0,28517.0,34783.833333333336,28282.78151260504,43841.24894559756,36142.652091984724,41884.0,,43841.24894559756,30493.073697645807,40622.63367919409,39936.62848442888,42519.39178850848
store_46,2015-05-11,2015-04-20,28796.0,28517.0,34783.833333333336,28165.67226890756,29158.400359662734,36142.652091984724,29429.0,,29158.400359662734,26599.508293412622,31576.68415054915,30084.61030897852,29947.948947358993
store_46,2015-05-18,2015-04-20,38152.0,28517.0,34783.833333333336,28048.563025210085,37955.96765391058,36142.652091984724,37522.0,,37955.96765391058,28995.71658634839,37206.87324863177,36108.835121448086,37651.979384552935
store_46,2015-05-25,2015-04-20,29609.0,28517.0,34783.833333333336,27931.453781512606,28054.827482687087,36142.652091984724,29269.0,,28054.827482687087,26385.538098502533,31155.493191557267,29493.68394431785,29214.323761193446
store_46,2015-06-01,2015-04-20,39450.0,28517.0,34783.833333333336,27814.344537815126,39372.30190708252,36142.652091984724,42620.0,,39372.30190708252,29892.875981459387,39378.31799968908,37872.38654272541,39925.24641272062
store_46,2015-06-08,2015-04-20,31923.0,28517.0,34783.833333333336,27697.235294117647,30920.495265623027,36142.652091984724,27377.0,,30920.495265623027,26491.173712151245,31480.04911920258,30477.091201297968,30491.272443232316
store_46,2015-06-15,2015-04-20,42202.0,28517.0,34783.833333333336,27580.126050420167,40502.48359742898,36142.652091984724,37605.0,,40502.48359742898,29304.4421533096,38083.3785631379,37340.43092610179,39266.93248419574
store_46,2015-05-25,2015-05-18,29609.0,38152.0,36014.583333333336,38117.03252032521,28079.091074044132,36175.83408137307,29269.0,,28079.091074044132,29401.07728701082,31174.641718472398,31004.706732435374,29232.897217575002
store_46,2015-06-01,2015-05-18,39450.0,38152.0,36014.583333333336,38082.06504065041,39394.15479088612,36175.83408137307,42620.0,,39394.15479088612,32919.80532089184,39396.66295741973,39388.007907209394,39942.3124300056
store_46,2015-06-08,2015-05-18,31923.0,38152.0,36014.583333333336,38047.09756097561,30996.77612229315,36175.83408137307,27377.0,,30996.77612229315,29537.61301399645,31516.536734555404,32025.141319222406,30542.372806213538
store_46,2015-06-15,2015-05-18,42202.0,38152.0,36014.583333333336,38012.13008130081,40579.18084528723,36175.83408137307,37605.0,,40579.18084528723,32362.675477327775,38120.00497555343,38894.46386538223,39318.293220674175
store_46,2015-06-22,2015-05-18,30514.0,38152.0,36014.583333333336,37977.16260162602,29560.93490187319,36175.83408137307,29933.0,,29560.93490187319,29687.644988315085,31889.922994415418,31861.94742694858,30340.242178132856
store_46,2015-06-29,2015-05-18,43106.0,38152.0,36014.583333333336,37942.19512195122,39860.24420745028,36175.83408137307,43794.0,,39860.24420745028,33134.122392015415,39943.35942960778,39856.59719567129,40553.312556084675
store_46,2015-07-06,2015-05-18,30712.0,38152.0,36014.583333333336,37907.227642276426,29559.91887424622,36175.83408137307,29636.0,,29559.91887424622,29635.080561604147,31790.58431853976,31793.229794211515,30258.766725028574
store_46,2015-07-13,2015-05-18,37370.0,38152.0,36014.583333333336,37872.260162601626,37035.793385703124,36175.83408137307,38192.0,,37035.793385703124,31920.35299471588,37134.54248902539,37274.76699929175,37262.35317983983
store_47,2015-02-02,2015-01-26,36936.0,35862.0,39104.083333333336,35883.51401869159,37888.0,35596.287151104494,35884.0,,37888.0,31459.697786161345,36456.09571703483,36920.420564784334,36918.790320061395
store_47,2015-02-09,2015-01-26,30660.0,35862.0,39104.083333333336,35905.02803738318,30720.0,35596.287151104494,29119.0,,30720.0,29472.34264597443,31811.762383701498,33136.06388074772,31226.738970239632
store_47,2015-02-16,2015-01-26,34811.0,35862.0,39104.083333333336,35926.542056074766,35328.0,35596.287151104494,33973.0,,35328.0,30827.13036293037,34965.7623837015,35661.96045161714,35019.86961355739
store_47,2015-02-23,2015-01-26,32177.0,35862.0,39104.083333333336,35948.056074766355,30720.0,35596.287151104494,30191.0,,30720.0,29631.6323656006,32169.09571703483,33330.0558064387,31511.05423990907
store_47,2015-03-02,2015-01-26,36081.0,35862.0,39104.083333333336,35969.57009345794,36352.0,35596.287151104494,35601.0,,36352.0,31212.134368270825,35849.7623837015,36324.50317282482,36008.48142870239
store_47,2015-03-09,2015-01-26,31317.0,35862.0,39104.083333333336,35991.08411214953,30208.0,35596.287151104494,29161.0,,30208.0,29417.493513798196,31655.095717034827,32967.938755387564,30959.460927253924
store_47,2015-03-16,2015-01-26,36857.0,35862.0,39104.083333333336,36012.59813084112,34304.0,35596.287151104494,33411.0,,34304.0,30612.852659325563,34437.09571703483,35202.03923400921,34313.981751273976
store_47,2015-03-23,2015-01-26,32239.0,35862.0,39104.083333333336,36034.11214953271,31744.0,35596.287151104494,29020.0,,31744.0,29622.92609056722,32120.095717034827,33503.5763172375,31757.31676419143
store_47,2015-03-02,2015-02-23,36081.0,32177.0,36175.166666666664,32164.54054054054,35584.0,33785.064016189215,35601.0,,35584.0,29355.253031913773,34990.02133872974,34651.85770437649,35244.91767895923
store_47,2015-03-09,2015-02-23,31317.0,32177.0,36175.166666666664,32152.08108108108,30208.0,33785.064016189215,29161.0,,30208.0,27665.473109133847,31051.35467206307,31569.30454574833,30613.52306847177
store_47,2015-03-16,2015-02-23,36857.0,32177.0,36175.166666666664,32139.62162162162,34816.0,33785.064016189215,33411.0,,34816.0,28929.121757782497,34004.02133872974,33984.80427918956,34246.46115313249
store_47,2015-03-23,2015-02-23,32239.0,32177.0,36175.166666666664,32127.162162162163,32256.0,33785.064016189215,29020.0,,32256.0,27934.341835002575,31687.021338729737,32282.51660925841,31689.796166049946
store_47,2015-03-30,2015-02-23,48232.0,32177.0,36175.166666666664,32114.702702702703,45312.0,33785.064016189215,37629.0,,45312.0,31027.561912222653,38908.688005396405,38523.331208339485,41072.710712185726
store_47,2015-04-06,2015-02-23,27919.0,32177.0,36175.166666666664,32102.243243243243,29952.0,33785.064016189215,31708.0,,29952.0,27985.63913229987,31815.021338729737,31920.484251298214,31149.828423084324
store_47,2015-04-13,2015-02-23,36189.0,32177.0,36175.166666666664,32089.783783783783,37632.0,33785.064016189215,41231.0,,37632.0,30441.430638091377,37549.35467206307,36377.71644378762,37851.77232622241
store_47,2015-04-20,2015-02-23,30529.0,32177.0,36175.166666666664,32077.324324324323,29440.0,33785.064016189215,25421.0,,29440.0,27010.793572454313,29548.688005396405,30623.15238432421,29203.976367283438
store_47,2015-03-30,2015-03-23,48232.0,32239.0,34150.416666666664,32227.513043478262,44544.0,33847.165883634145,37629.0,,44544.0,30662.44222768272,38673.38862787805,38052.68983951673,40666.94608041257
store_47,2015-04-06,2015-03-23,27919.0,32239.0,34150.416666666664,32216.02608695652,29696.0,33847.165883634145,31708.0,,29696.0,27693.8012338939,31750.38862787805,31635.176375378793,31022.481051951843
store_47,2015-04-13,2015-03-23,36189.0,32239.0,34150.416666666664,32204.539130434783,37376.0,33847.165883634145,41231.0,,37376.0,30149.73166867651,37484.721961211384,36092.518052792504,37724.424955089926
store_47,2015-04-20,2015-03-23,30529.0,32239.0,34150.416666666664,32193.05217391304,29184.0,33847.165883634145,25421.0,,29184.0,26719.23353203055,29484.055294544713,30338.06347825339,29076.62899615096
store_47,2015-04-27,2015-03-23,36651.0,32239.0,34150.416666666664,32181.565217391304,34304.0,33847.165883634145,37032.0,,34304.0,29107.735395384585,35061.05529454471,34237.69987066127,34940.26484521796
store_47,2015-05-04,2015-03-23,39431.0,32239.0,34150.416666666664,32170.078260869566,39424.0,33847.165883634145,38631.0,,39424.0,30065.95154445291,37300.721961211384,36370.780455620974,38148.52338091704
store_47,2015-05-11,2015-03-23,30275.0,32239.0,34150.416666666664,32158.591304347825,32768.0,33847.165883634145,30985.0,,32768.0,28021.16769352123,32533.38862787805,32612.485481128304,32501.230940449783
store_47,2015-05-18,2015-03-23,37925.0,32239.0,34150.416666666664,32147.104347826087,37888.0,33847.165883634145,34842.0,,37888.0,29301.955271160983,35525.721961211384,35143.97627515892,36308.35503483692
store_47,2015-04-27,2015-04-20,36651.0,30529.0,34495.583333333336,30503.529411764706,34688.0,34123.19507229499,37032.0,,34688.0,28767.329688199003,35281.06502409833,34066.64153018157,35201.79848791458
store_47,2015-05-04,2015-04-20,39431.0,30529.0,34495.583333333336,30478.058823529413,39552.0,34123.19507229499,38631.0,,39552.0,29686.976747022534,37435.398357431666,36105.535826077416,38270.84839329333
store_47,2015-05-11,2015-04-20,30275.0,30529.0,34495.583333333336,30452.58823529412,32512.0,34123.19507229499,30985.0,,32512.0,27585.33809156035,32540.065024098327,32206.748560526128,32414.74300734557
store_47,2015-05-18,2015-04-20,37925.0,30529.0,34495.583333333336,30427.117647058825,38272.0,34123.19507229499,34842.0,,38272.0,28955.556578955307,35745.731690764995,34968.19507945618,36569.88867753354
store_47,2015-05-25,2015-04-20,32612.0,30529.0,34495.583333333336,30401.647058823528,31104.0,34123.19507229499,30060.0,,31104.0,27244.775066350263,31762.398357431663,31528.436992946048,31403.767532706646
store_47,2015-06-01,2015-04-20,39677.0,30529.0,34495.583333333336,30376.176470588234,37248.0,34123.19507229499,38680.0,,37248.0,29350.279268030936,36683.731690764995,35269.20356648959,37030.9664743411
store_47,2015-06-08,2015-04-20,33629.0,30529.0,34495.583333333336,30350.70588235294,33664.0,34123.19507229499,30639.0,,33664.0,27685.926326854467,32808.731690764995,32550.983034786546,32949.41590786765
store_47,2015-06-15,2015-04-20,39282.0,30529.0,34495.583333333336,30325.235294117647,38016.0,34123.19507229499,36466.0,,38016.0,29136.430528535137,36201.731690764995,35150.65791258459,36861.39646320496
store_47,2015-05-25,2015-05-18,32612.0,37925.0,35303.75,37960.48780487805,30304.0,35386.55080498044,30060.0,,30304.0,29562.826944265496,31916.850268326813,33176.34263306742,31210.037490220064
store_47,2015-06-01,2015-05-18,39677.0,37925.0,35303.75,37995.9756097561,36896.0,35386.55080498044,38680.0,,36896.0,31741.039487819504,36987.51693499348,37086.0429435615,37080.8515349151
store_47,2015-06-08,2015-05-18,33629.0,37925.0,35303.75,38031.46341463415,33312.0,35386.55080498044,30639.0,,33312.0,30085.394888516366,33112.51693499348,34374.68514182736,32999.300968441654
store_47,2015-06-15,2015-05-18,39282.0,37925.0,35303.75,38066.95121951219,37344.0,35386.55080498044,36466.0,,37344.0,31498.893146356088,36398.850268326816,36865.45774460741,36737.27073587855
store_47,2015-06-22,2015-05-18,32250.0,37925.0,35303.75,38102.439024390245,32288.0,35386.55080498044,30102.0,,32288.0,29872.534261338667,32592.183601660145,33917.47725324265,32300.04359285762
store_47,2015-06-29,2015-05-18,43934.0,37925.0,35303.75,38137.92682926829,41152.0,35386.55080498044,39842.0,,41152.0,32535.318233464102,38793.51693499348,38846.726209045984,39703.38003577788
store_47,2015-07-06,2015-05-18,35213.0,37925.0,35303.75,38173.41463414634,34400.0,35386.55080498044,34811.0,,34400.0,30857.102205589537,34865.850268326816,35520.39084080407,34697.4332676957
store_47,2015-07-13,2015-05-18,42547.0,37925.0,35303.75,38208.90243902439,40896.0,35386.55080498044,39728.0,,40896.0,32492.60046342926,38670.183601660145,38741.99008018756,39533.93638610837
store_48,2015-02-02,2015-01-26,52464.0,53014.0,50146.833333333336,53073.52336448598,54541.68748119891,47709.093950603754,49549.0,,54541.68748119891,44004.87687566028,50599.92714393422,52495.703855015745,52613.1706734602
store_48,2015-02-09,2015-01-26,37897.0,53014.0,50146.833333333336,53133.04672897196,40052.09478172507,47782.428149029685,35312.0,,40052.09478172507,39920.057570437144,41048.84097691825,42006.32206319007,39479.877615319514
store_48,2015-02-16,2015-01-26,51537.0,53014.0,50146.833333333336,53192.57009345794,51893.287534852905,47855.76234745561,46395.0,,51893.287534852905,43213.92190129997,48714.68329410284,50478.021832653845,50078.19603174538
store_48,2015-02-23,2015-01-26,36750.0,53014.0,50146.833333333336,53252.09345794393,37631.35169763318,47929.09654588154,35725.0,,37631.35169763318,39671.19643354171,40428.482747838236,40861.74931535594,38037.68294034646
store_48,2015-03-02,2015-01-26,52659.0,53014.0,50146.833333333336,53311.6168224299,53589.53888426801,48002.43074430747,54209.0,,53589.53888426801,44610.488540619815,51933.65654285849,53027.215509983405,53259.10417906838
store_48,2015-03-09,2015-01-26,38836.0,53014.0,50146.833333333336,53371.14018691589,39743.85460400091,48075.7649427334,36432.0,,39743.85460400091,40111.94186671193,41417.2065155781,42120.54391662726,39603.53292650035
store_48,2015-03-16,2015-01-26,52981.0,53014.0,50146.833333333336,53430.66355140187,52690.59600270231,48149.099141159335,48995.0,,52690.59600270231,43775.17028979955,49944.89838128722,51476.66457167654,51308.78887541156
store_48,2015-03-23,2015-01-26,39313.0,53014.0,50146.833333333336,53490.18691588785,39601.436371040414,48222.43333958527,38459.0,,39601.436371040414,40419.12713712098,42094.289903541896,42494.42931580542,40061.83420524204
store_48,2015-03-02,2015-02-23,52659.0,36750.0,47109.666666666664,36660.85585585586,52938.4248149319,47595.253233895986,54209.0,,52938.4248149319,39323.31436733577,51580.89268294263,50299.10941653071,52802.20118759736
store_48,2015-03-09,2015-02-23,38836.0,36750.0,47109.666666666664,36571.71171171171,39151.44211573361,47662.97511320705,36432.0,,39151.44211573361,34811.113658188435,41082.13907631356,39412.72523370532,39184.07533109512
store_48,2015-03-16,2015-02-23,52981.0,36750.0,47109.666666666664,36482.56756756757,52181.21122875306,47730.696992518126,48995.0,,52181.21122875306,38464.16320792934,49635.63607375706,48801.69598939362,50942.50008719509
store_48,2015-03-23,2015-02-23,39313.0,36750.0,47109.666666666664,36393.423423423425,39073.89381187792,47798.41887182919,38459.0,,39073.89381187792,35083.48611054246,41777.10422790237,39800.05583493758,39683.31208271845
store_48,2015-03-30,2015-02-23,60548.0,36750.0,47109.666666666664,36304.27927927928,56153.70973415249,47866.140751140265,54665.0,,56153.70973415249,39835.54234731981,52894.95016176425,52052.221954126006,55025.30034613897
store_48,2015-04-06,2015-02-23,33989.0,36750.0,47109.666666666664,36215.13513513513,33781.49835465651,47933.86263045133,38086.0,,33781.49835465651,34268.023255272805,39933.786995035945,36985.94080627667,36175.632688762664
store_48,2015-04-13,2015-02-23,55203.0,36750.0,47109.666666666664,36125.99099099099,51160.18696876523,48001.584509762404,54556.0,,51160.18696876523,39100.489876597894,51239.25715950921,49448.37200222811,51780.787854993054
store_48,2015-04-20,2015-02-23,36896.0,36750.0,47109.666666666664,36036.84684684685,36095.079037415555,48069.30638907348,30487.0,,36095.079037415555,33506.84270571465,38217.12847549634,36569.19406630465,35668.48955666039
store_48,2015-03-30,2015-03-23,60548.0,39313.0,46075.916666666664,39249.24347826087,56490.073252982125,47639.74406633324,54665.0,,56490.073252982125,40490.4253520347,52931.60577310512,52496.600051341025,55222.667736324365
store_48,2015-04-06,2015-03-23,33989.0,39313.0,46075.916666666664,39185.48695652174,33708.66320907487,47703.98112260161,38086.0,,33708.66320907487,34867.57827926641,39832.881443892154,37220.39546585498,36108.202376821166
store_48,2015-04-13,2015-03-23,55203.0,39313.0,46075.916666666664,39121.73043478261,51096.137150309565,47768.218178869975,54556.0,,51096.137150309565,39704.42891866126,51140.118443059844,49688.76175384612,51718.72748632998
store_48,2015-04-20,2015-03-23,36896.0,39313.0,46075.916666666664,39057.973913043475,36042.795722457595,47832.455235138346,30487.0,,36042.795722457595,34115.59164818658,38120.75031919865,36817.05847214974,35613.726040959365
store_48,2015-04-27,2015-03-23,52557.0,39313.0,46075.916666666664,38994.217391304344,52044.4704110131,47896.69229140672,48918.0,,52044.4704110131,39034.61382291297,49619.7209008066,48985.12706192097,50848.39978999458
store_48,2015-05-04,2015-03-23,53088.0,39313.0,46075.916666666664,38930.46086956522,53316.1421148741,47960.92934767509,52825.0,,53316.1421148741,39774.49271411158,51367.35715418306,50469.82521163723,52711.81116126215
store_48,2015-05-11,2015-03-23,36074.0,39313.0,46075.916666666664,38866.70434782609,35939.37024148587,48025.16640394346,35851.0,,35939.37024148587,34867.30823713173,39938.512215143106,37901.05914622335,36985.96468628522
store_48,2015-05-18,2015-03-23,51046.0,39313.0,46075.916666666664,38802.94782608696,52257.673965184345,48089.40346021183,49909.0,,52257.673965184345,39206.84884544997,50085.35914179872,49306.38062123784,51265.987292544465
store_48,2015-04-27,2015-04-20,52557.0,36896.0,45756.083333333336,36814.075630252104,52853.83239528078,47810.138443709584,48918.0,,52853.83239528078,38435.44711465368,49860.65694633012,49074.13597532279,51363.87497103531
store_48,2015-05-04,2015-04-20,53088.0,36896.0,45756.083333333336,36732.1512605042,54181.40864408483,47873.55474041148,52825.0,,54181.40864408483,39180.599711190545,51626.654461498765,50586.4698073988,53263.348072436995
store_48,2015-05-11,2015-04-20,36074.0,36896.0,45756.083333333336,36650.226890756305,36495.186032125,47936.97103711336,35851.0,,36495.186032125,34226.495327618286,40094.385689746116,37856.65981960923,37337.41271254183
store_48,2015-05-18,2015-04-20,51046.0,36896.0,45756.083333333336,36568.3025210084,53106.6394729413,48000.38733381525,49909.0,,53106.6394729413,38605.20180872832,50338.67560225218,49412.13696596709,51806.842561796824
store_48,2015-05-25,2015-04-20,35570.0,36896.0,45756.083333333336,36486.378151260506,36019.483004281254,48063.80363051714,34407.0,,36019.483004281254,33946.96401705603,39496.76221159946,37303.49173492623,36658.35444937036
store_48,2015-06-01,2015-04-20,51067.0,36896.0,45756.083333333336,36404.4537815126,49756.80875362545,48127.21992721903,51519.0,,49756.80875362545,38351.366542241485,49801.00956028149,48021.569915164684,50079.69920659551
store_48,2015-06-08,2015-04-20,40118.0,36896.0,45756.083333333336,36322.529411764706,39672.13679326569,48190.63622392091,32345.0,,39672.13679326569,34168.91225175495,40069.25767239553,38751.42052237134,38483.86077755995
store_48,2015-06-15,2015-04-20,54779.0,36896.0,45756.083333333336,36240.6050420168,53249.42862388456,48254.052520622805,48435.0,,53249.42862388456,38404.45278855107,49979.493714835786,49170.37871961737,51530.82819783258
store_48,2015-05-25,2015-05-18,35570.0,51046.0,46932.5,51081.78048780488,35071.29029394422,48073.283701348075,34407.0,,35071.29029394422,38087.4077832996,39183.857998430765,38774.214603525485,36046.32103742478
store_48,2015-06-01,2015-05-18,51067.0,51046.0,46932.5,51117.560975609755,49159.89539293352,48136.483050998264,51519.0,,49159.89539293352,42558.7770599345,49605.12614797726,49681.31278265892,49694.69909798498
store_48,2015-06-08,2015-05-18,40118.0,51046.0,46932.5,51153.34146341463,39127.62084210541,48199.68240064845,32345.0,,39127.62084210541,38400.592100881215,39890.76774758462,40445.83246277786,38132.70898996576
store_48,2015-06-15,2015-05-18,54779.0,51046.0,46932.5,51189.12195121951,52738.64560495337,48262.88175029865,48435.0,,52738.64560495337,42657.735615210215,49812.17578508401,50889.82087903438,51201.46078146802
store_48,2015-06-22,2015-05-18,38214.0,51046.0,46932.5,51224.90243902439,37852.69606804559,48326.08109994884,38349.0,,37852.69606804559,39104.45422957411,41509.25905599814,41072.73483108924,38911.53534311524
store_48,2015-06-29,2015-05-18,55533.0,51046.0,46932.5,51260.68292682927,51099.32148549733,48389.28044959903,55217.0,,51099.32148549733,43420.68355170366,51568.53397836545,51493.328698485086,51951.006613757454
store_48,2015-07-06,2015-05-18,40160.0,51046.0,46932.5,51296.46341463415,39628.79456935233,48452.47979924922,36699.0,,39628.79456935233,39150.74825474795,41593.42478953385,41654.045015282674,39633.29870667381
store_48,2015-07-13,2015-05-18,54536.0,51046.0,46932.5,51332.243902439026,52212.47378950163,48515.679148899406,52118.0,,52212.47378950163,43165.270977262866,50948.71764613368,51425.35641845766,51860.13072315046
store_49,2015-02-02,2015-01-26,35701.0,37493.0,34305.666666666664,37527.42056074766,35463.2741761304,31360.685522411037,38603.0,,35463.2741761304,30679.006703707964,35142.31989951381,35884.85512241781,35746.50605374461
store_49,2015-02-09,2015-01-26,27551.0,37493.0,34305.666666666664,37561.84112149533,28278.72715127347,31360.685522411037,24804.0,,28278.72715127347,27686.274351692355,28147.8042245615,29727.16365918834,27810.055018733536
store_49,2015-02-16,2015-01-26,35816.0,37493.0,34305.666666666664,37596.26168224299,33276.64878834103,31360.685522411037,36105.0,,33276.64878834103,30019.608951380244,33580.77810358402,34317.78445393393,33721.21927445888
store_49,2015-02-23,2015-01-26,26951.0,37493.0,34305.666666666664,37630.68224299065,27216.80860383195,31360.685522411037,25464.0,,27216.80860383195,27638.69186227147,28013.831375414327,29302.01670594944,27255.968547044748
store_49,2015-03-02,2015-01-26,38260.0,37493.0,34305.666666666664,37665.102803738315,39008.52243101547,31360.685522411037,37659.0,,39008.52243101547,31070.28248911878,36009.40265114217,37554.659266745235,37885.10780995695
store_49,2015-03-09,2015-01-26,26719.0,37493.0,34305.666666666664,37699.52336448598,27447.084353996986,31360.685522411037,25206.0,,27447.084353996986,27644.565701080093,28004.589958802673,29379.759594882067,27349.781475826338
store_49,2015-03-16,2015-01-26,36401.0,37493.0,34305.666666666664,37733.943925233645,37491.73254791988,31360.685522411037,33849.0,,37491.73254791988,30319.146951747316,34233.80602344364,36099.467743064124,36003.960809931516
store_49,2015-03-23,2015-01-26,27289.0,37493.0,34305.666666666664,37768.36448598131,26767.672154708496,31360.685522411037,24662.0,,26767.672154708496,27479.626975681073,27596.785892373176,28937.563542290336,26773.729753852193
store_49,2015-03-02,2015-02-23,38260.0,26951.0,32906.916666666664,26889.207207207208,39335.88672773235,31359.23831259151,37659.0,,39335.88672773235,27871.606987742533,36118.041680107955,36078.649292172224,38102.41606554678
store_49,2015-03-09,2015-02-23,26719.0,26951.0,32906.916666666664,26827.414414414416,27647.033410444736,31359.23831259151,25206.0,,27647.033410444736,24413.943257731044,28070.75724101208,27831.167943918485,27482.450050250867
store_49,2015-03-16,2015-02-23,36401.0,26951.0,32906.916666666664,26765.62162162162,37722.86309578167,31359.23831259151,33849.0,,37722.86309578167,27079.234242380207,34310.36713612439,34560.06783537822,36157.34269530667
store_49,2015-03-23,2015-02-23,27289.0,26951.0,32906.916666666664,26703.828828828828,26880.394040567604,31359.23831259151,24662.0,,26880.394040567604,24209.053978379226,27633.877451053035,27330.225803623165,26848.454868044024
store_49,2015-03-30,2015-02-23,40082.0,26951.0,32906.916666666664,26642.036036036036,36662.32665102543,31359.23831259151,37603.0,,36662.32665102543,27446.35966661709,35208.18832120564,34672.490576514574,36313.57770990229
store_49,2015-04-06,2015-02-23,23795.0,26951.0,32906.916666666664,26580.243243243243,24076.726538979576,31359.23831259151,25842.0,,24076.726538979576,23959.44639449728,27092.654950523694,26085.794048150216,25256.58295909821
store_49,2015-04-13,2015-02-23,37731.0,26951.0,32906.916666666664,26518.45045045045,37183.962799756,31359.23831259151,35588.0,,37183.962799756,27215.366889923516,34710.4003707825,34574.00226490246,36198.08493608554
store_49,2015-04-20,2015-02-23,26550.0,26951.0,32906.916666666664,26456.65765765766,27308.44832757006,31359.23831259151,21795.0,,27308.44832757006,23825.322994926555,26820.895546720523,27023.014134332585,26475.447719916865
store_49,2015-03-30,2015-03-23,40082.0,27289.0,32442.916666666668,27232.295652173914,36444.03542864039,31389.574617014787,37603.0,,36444.03542864039,27485.831766356536,35145.53668188506,34591.98239112412,36171.7995476705
store_49,2015-04-06,2015-03-23,23795.0,27289.0,32442.916666666668,27175.591304347825,23810.81029151393,31389.574617014787,25842.0,,23810.81029151393,23992.841839934743,27014.128302842906,25981.094276534743,25083.168338544816
store_49,2015-04-13,2015-03-23,37731.0,27289.0,32442.916666666668,27118.88695652174,37109.66336558636,31389.574617014787,35588.0,,37109.66336558636,27276.863086541365,34695.745994200384,34568.465424170536,36151.95796141366
store_49,2015-04-20,2015-03-23,26550.0,27289.0,32442.916666666668,27062.182608695653,27284.734567270003,31389.574617014787,21795.0,,27284.734567270003,23894.772637092443,26823.103061428264,27043.9237288275,26462.92390997481
store_49,2015-04-27,2015-03-23,37042.0,27289.0,32442.916666666668,27005.478260869564,36516.29585229726,31389.574617014787,34980.0,,36516.29585229726,27089.037913835466,34295.290156437346,34146.2017510056,35618.39004738234
store_49,2015-05-04,2015-03-23,38833.0,27289.0,32442.916666666668,26948.77391304348,39820.40670581212,31389.574617014787,38138.0,,39820.40670581212,28004.09598607672,36449.327107608966,36407.781046901626,38537.329733841674
store_49,2015-05-11,2015-03-23,25895.0,27289.0,32442.916666666668,26892.069565217393,25337.689359669228,31389.574617014787,26343.0,,25337.689359669228,24242.035744081153,27690.087992228004,26837.23287073422,26212.31805644696
store_49,2015-05-18,2015-03-23,37285.0,27289.0,32442.916666666668,26835.365217391303,37834.22268332727,31389.574617014787,34724.0,,37834.22268332727,27216.439883485717,34649.265766780685,34767.99891968299,36435.168839214886
store_49,2015-04-27,2015-04-20,37042.0,26550.0,31903.833333333332,26488.991596638654,36424.649621046025,31416.76288590204,34980.0,,36424.649621046025,26823.46249098858,34273.804168982686,33967.714220077425,35560.40484489625
store_49,2015-05-04,2015-04-20,38833.0,26550.0,31903.833333333332,26427.983193277312,39815.13998201063,31416.76288590204,38138.0,,39815.13998201063,27750.245627789045,36456.634289304224,36273.52327991411,38536.724904019946
store_49,2015-05-11,2015-04-20,25895.0,26550.0,31903.833333333332,26366.974789915967,25329.035299560837,31416.76288590204,26343.0,,25329.035299560837,23987.08661553031,27696.266061820956,26700.9205482761,26209.463079277008
store_49,2015-05-18,2015-04-20,37285.0,26550.0,31903.833333333332,26305.96638655462,37864.771760904725,31416.76288590204,34724.0,,37864.771760904725,26966.476338099244,34668.51154893559,34651.59194387026,36458.355810146284
store_49,2015-05-25,2015-04-20,25336.0,26550.0,31903.833333333332,26244.95798319328,24397.697647577952,31416.76288590204,25984.0,,24397.697647577952,23785.321692858084,27266.153511159995,26148.095064253932,25508.479214687737
store_49,2015-06-01,2015-04-20,33137.0,26550.0,31903.833333333332,26183.949579831933,34303.678625564076,31416.76288590204,39720.0,,34303.678625564076,27154.032060661622,35146.81383715537,33695.85940788391,35238.28562580621
store_49,2015-06-08,2015-04-20,27346.0,26550.0,31903.833333333332,26122.941176470587,27774.02095923986,31416.76288590204,23356.0,,27774.02095923986,23874.794050706543,27515.5946150473,27412.519274664657,27148.75359155338
store_49,2015-06-15,2015-04-20,39695.0,26550.0,31903.833333333332,26061.932773109245,39460.39605542991,31416.76288590204,31697.0,,39460.39605542991,26727.132149682075,34191.386313777315,34918.13623095558,36824.259309560905
store_49,2015-05-25,2015-05-18,25336.0,37285.0,32990.166666666664,37313.25203252032,24319.822112329653,31516.80908377653,25984.0,,24319.822112329653,27058.435699327594,27273.543732035392,27770.761946923525,25467.39621532927
store_49,2015-06-01,2015-05-18,33137.0,37285.0,32990.166666666664,37341.50406504065,34335.21297491616,31516.80908377653,39720.0,,34335.21297491616,30455.527541485713,35190.674019564234,35381.32670473767,35269.88166962459
store_49,2015-06-08,2015-05-18,27346.0,37285.0,32990.166666666664,37369.756097560974,27734.009888567503,31516.80908377653,23356.0,,27734.009888567503,27178.820248081665,27535.606324114677,29067.4853526283,27132.82328352472
store_49,2015-06-15,2015-05-18,39695.0,37285.0,32990.166666666664,37398.0081300813,39425.73963534229,31516.80908377653,31697.0,,39425.73963534229,30044.67478798097,34213.18290637294,36582.25122455398,36811.88600081495
store_49,2015-06-22,2015-05-18,24561.0,37285.0,32990.166666666664,37426.260162601626,25226.22080016669,31516.80908377653,25395.0,,25226.22080016669,27119.922387601644,27379.34329464774,28141.371805815998,25934.45274017883
store_49,2015-06-29,2015-05-18,42863.0,37285.0,32990.166666666664,37454.51219512195,39290.23984183958,31516.80908377653,37792.0,,39290.23984183958,30904.103969629243,36199.68297520537,37601.136244751186,38119.359282112055
store_49,2015-07-06,2015-05-18,28910.0,37285.0,32990.166666666664,37482.76422764228,27497.27330805495,31516.80908377653,25207.0,,27497.27330805495,27425.57332659149,28073.694130610493,29282.92608708741,27399.967274333478
store_49,2015-07-13,2015-05-18,39963.0,37285.0,32990.166666666664,37511.0162601626,38148.624933779596,31516.80908377653,35898.0,,38148.624933779596,30478.516706340768,35187.81133918538,36679.488047993276,36926.74168380605
store_5,2015-02-02,2015-01-26,48608.0,46754.0,43578.0,46870.102803738315,49046.44424588514,41586.58221815972,45478.0,,49046.44424588514,39044.73275254045,45370.34215468162,47158.99137142113,47669.27891516958
store_5,2015-02-09,2015-01-26,37838.0,46754.0,43578.0,46986.20560747664,38756.90672994882,41725.16559022788,32909.0,,38756.90672994882,35815.6111325219,37797.02410672557,40216.28858685872,38359.597780042255
store_5,2015-02-16,2015-01-26,48703.0,46754.0,43578.0,47102.30841121495,48049.8333029781,41860.977294854674,43708.0,,48049.8333029781,38721.874144149675,44539.60353261092,46474.58101410816,46727.640371578054
store_5,2015-02-23,2015-01-26,39336.0,46754.0,43578.0,47218.411214953274,39071.96768196247,41994.07276538893,35300.0,,39071.96768196247,36273.778808900664,38788.680149117135,40667.74033377762,38939.01550137768
store_5,2015-03-02,2015-01-26,49655.0,46754.0,43578.0,47334.51401869159,48684.94736462426,42124.506326512506,44221.0,,48684.94736462426,38956.70967283262,45010.15123037892,46921.80169760336,47301.392189012
store_5,2015-03-09,2015-01-26,37224.0,46754.0,43578.0,47450.6168224299,37417.69060735587,42252.33121641361,34894.0,,37417.69060735587,36049.51980659991,38188.00727458982,39747.20452757356,37681.17652112543
store_5,2015-03-16,2015-01-26,50775.0,46754.0,43578.0,47566.719626168226,49419.120773383744,42377.59960851669,40844.0,,49419.120773383744,38648.49142972409,44213.57346063347,47045.5439652356,47441.96741821057
store_5,2015-03-23,2015-01-26,38703.0,46754.0,43578.0,47682.82242990654,37886.70931979032,42500.36263277771,29990.0,,37886.70931979032,35484.556340353505,36792.35731752268,39574.153381939635,37424.30959695378
store_5,2015-03-02,2015-02-23,49655.0,39336.0,42820.75,39381.09009009009,48678.73023346737,42235.951924545625,44221.0,,48678.73023346737,36667.64603544329,45045.22738600433,45610.4565783326,47310.38482701121
store_5,2015-03-09,2015-02-23,37224.0,39336.0,42820.75,39426.18018018018,37414.17575509059,42386.317571393825,34894.0,,37414.17575509059,33753.917643809225,38231.497775494805,38433.6889665123,37694.94806669837
store_5,2015-03-16,2015-02-23,50775.0,39336.0,42820.75,39471.27027027027,49407.17783450172,42533.665414465315,40844.0,,49407.17783450172,36344.69478846247,44261.61441632234,45723.60245445109,47452.14099224843
store_5,2015-03-23,2015-02-23,38703.0,39336.0,42820.75,39516.36036036036,37875.711233670496,42678.05602038437,29990.0,,37875.711233670496,33173.839659202175,36847.92241801829,38248.97691212836,37437.83656167796
store_5,2015-03-30,2015-02-23,48939.0,39336.0,42820.75,39561.45045045045,46525.59804839813,42819.54874021709,42655.0,,46525.59804839813,36245.47817700938,44000.0489295384,44324.32139342995,45568.57519330567
store_5,2015-04-06,2015-02-23,32360.0,39336.0,42820.75,39606.54054054054,31783.806656721128,42958.20173386742,34173.0,,31783.806656721128,32954.04270444701,36305.00279686285,35287.444435200574,33462.22781605833
store_5,2015-04-13,2015-02-23,50503.0,39336.0,42820.75,39651.63063063063,49146.70467570775,43094.07199398346,39888.0,,49146.70467570775,36276.73675718883,44042.925556563736,45551.141095408355,47201.67484433948
store_5,2015-04-20,2015-02-23,36914.0,39336.0,42820.75,39696.72072072072,36692.04846634672,43227.215369384045,25279.0,,36692.04846634672,32435.962079493067,35066.08794524359,37195.42123809943,36007.47892623005
store_5,2015-03-30,2015-03-23,48939.0,38703.0,43624.25,38741.01739130435,46584.703206762395,44243.26385808528,42655.0,,46584.703206762395,36364.462065164575,44494.322354949225,44442.201049551724,45787.01213517993
store_5,2015-04-06,2015-03-23,32360.0,38703.0,43624.25,38779.034782608695,31784.905352233596,44363.68665442611,34173.0,,31784.905352233596,33061.12525560977,36773.864002219896,35370.70511383739,33635.071221187376
store_5,2015-04-13,2015-03-23,50503.0,38703.0,43624.25,38817.05217391304,49209.2624231874,44484.10945076694,39888.0,,49209.2624231874,36389.3820068382,44527.123957984775,45666.72681240429,47418.57081881279
store_5,2015-04-20,2015-03-23,36914.0,38703.0,43624.25,38855.06956521739,36774.569477017336,44604.53224710777,25279.0,,36774.569477017336,32548.631612763213,35552.70057470837,37320.41687773216,36237.74136809819
store_5,2015-04-27,2015-03-23,45241.0,38703.0,43624.25,38893.086956521736,44030.65891568749,44724.955043448594,39053.0,,44030.65891568749,35575.564416522546,42602.87131971202,42722.91281958746,43468.220152637135
store_5,2015-05-04,2015-03-23,51351.0,38703.0,43624.25,38931.10434782608,49832.84266255407,44845.37783978942,42886.0,,49832.84266255407,36974.653550024224,45854.740167447824,46348.253029411215,48318.8732084311
store_5,2015-05-11,2015-03-23,35308.0,38703.0,43624.25,38969.12173913044,36717.8557973151,44965.800636130254,32804.0,,36717.8557973151,33683.43259608225,38162.55214448178,38061.87267335866,37218.29668690051
store_5,2015-05-18,2015-03-23,49888.0,38703.0,43624.25,39007.139130434785,49663.10039359866,45086.22343247108,40624.0,,49663.10039359866,36672.530422357784,45124.44127535658,46061.95446768106,47927.25601926323
store_5,2015-04-27,2015-04-20,45241.0,36914.0,43296.5,36935.705882352944,44082.62444533844,44500.02107781392,39053.0,,44082.62444533844,34968.83591507219,42545.215174384124,42397.15941158152,43479.536147024075
store_5,2015-05-04,2015-04-20,51351.0,36914.0,43296.5,36957.41176470588,49905.3659841539,44617.07223183676,42886.0,,49905.3659841539,36368.049997242364,45802.812738663546,46032.34924168385,48345.14435376135
store_5,2015-05-11,2015-04-20,35308.0,36914.0,43296.5,36979.117647058825,36766.55465717571,44734.1233858596,32804.0,,36766.55465717571,33070.613670013445,38101.559347678434,37731.04283538821,37226.34537409255
store_5,2015-05-18,2015-04-20,49888.0,36914.0,43296.5,37000.82352941176,49757.46636914383,44851.174539882435,40624.0,,49757.46636914383,36063.42349120543,45077.546969675415,45754.9911211528,47969.03013736362
store_5,2015-05-25,2015-04-20,35047.0,36914.0,43296.5,37022.529411764706,35049.830839755195,44968.225693905275,31887.0,,35049.830839755195,32734.012277917882,37301.68551122016,36708.549561382715,35852.40537480537
store_5,2015-06-01,2015-04-20,49402.0,36914.0,43296.5,37044.23529411765,48400.17153676803,45085.276847928115,48652.0,,48400.17153676803,37056.02623983054,47379.14946156538,45801.94158127083,48027.204199911
store_5,2015-06-08,2015-04-20,39719.0,36914.0,43296.5,37065.94117647059,37166.199248992234,45202.328001950955,31151.0,,37166.199248992234,32970.85263248768,37839.84241698106,37843.397548455534,37367.40535205493
store_5,2015-06-15,2015-04-20,50779.0,36914.0,43296.5,37087.64705882353,48218.20615673283,45319.379155973795,41251.0,,48218.20615673283,36012.39033879002,44929.52843756887,45006.432677141434,46957.223630693916
store_5,2015-05-25,2015-05-18,35047.0,49888.0,43905.083333333336,50014.47967479675,35067.05807093985,44139.033630382495,31887.0,,35067.05807093985,36414.379244207485,37031.030567107446,38808.534784140815,35763.79581839164
store_5,2015-06-01,2015-05-18,49402.0,49888.0,43905.083333333336,50140.9593495935,48095.218683834624,44284.65676652958,48652.0,,48095.218683834624,40709.416876184434,47010.6251501214,47733.15409837063,47701.248445749734
store_5,2015-06-08,2015-05-18,39719.0,49888.0,43905.083333333336,50267.439024390245,37491.04209906983,44427.367439953734,31151.0,,37491.04209906983,36732.847413821015,37689.80317967452,40136.99614940039,37515.389040748996
store_5,2015-06-15,2015-05-18,50779.0,49888.0,43905.083333333336,50393.918699186994,48551.083116424605,44567.2238999094,41251.0,,48551.083116424605,39793.75843555062,44789.769005444665,47315.06820509441,47114.00437466345
store_5,2015-06-22,2015-05-18,39015.0,49888.0,43905.083333333336,50520.39837398374,38310.04519199731,44704.28323066595,32427.0,,38310.04519199731,37107.83001856862,38480.44280755442,40763.87837638937,38327.483234454296
store_5,2015-06-29,2015-05-18,55375.0,49888.0,43905.083333333336,50646.87804878049,51888.318895366734,44838.60137480737,48545.0,,51888.318895366734,41387.41166461256,48423.97342339136,49931.71513262928,50590.63333206926
store_5,2015-07-06,2015-05-18,37687.0,49888.0,43905.083333333336,50773.35772357724,37377.64407869632,44970.233156065966,34894.0,,37377.64407869632,37401.18832738184,39080.62574492076,40527.74336122848,37983.8933200083
store_5,2015-07-13,2015-05-18,46198.0,49888.0,43905.083333333336,50899.83739837398,45035.26428237604,45099.23230169938,43176.0,,45035.26428237604,39714.773902254674,44436.83219469181,45628.90070743648,44801.26952391495
store_50,2015-02-02,2015-01-26,48591.0,53471.0,47968.5,53514.719626168226,48741.73586485382,43654.34593740476,51558.0,,48741.73586485382,42701.18591834669,47984.693934086186,49287.61613059486,48812.594372625186
store_50,2015-02-09,2015-01-26,39151.0,53471.0,47968.5,53558.43925233645,40459.071183435815,43654.34593740476,36921.0,,40459.071183435815,39433.19376759671,40344.805706946856,42160.0520830798,40092.17808695564
store_50,2015-02-16,2015-01-26,46594.0,53471.0,47968.5,53602.15887850467,47334.219532893825,43654.34593740476,49316.0,,47334.219532893825,42192.31776411475,46768.18849009952,48117.46835389087,47375.39446018568
store_50,2015-02-23,2015-01-26,40693.0,53471.0,47968.5,53645.878504672895,39905.55352479986,43654.34593740476,39226.0,,39905.55352479986,39695.89685241107,40928.6331540682,42177.65482796138,40107.66075985024
store_50,2015-03-02,2015-01-26,51755.0,53471.0,47968.5,53689.59813084112,52790.322168019644,43654.34593740476,49860.0,,52790.322168019644,43061.96660518079,48768.22270180813,51463.76262993288,51462.04538886073
store_50,2015-03-09,2015-01-26,39532.0,53471.0,47968.5,53733.31775700935,40538.145134669525,43654.34593740476,37495.0,,40538.145134669525,39551.472689869086,40562.49702402476,42302.70861476407,40254.56181946669
store_50,2015-03-16,2015-01-26,50381.0,53471.0,47968.5,53777.03738317757,50860.91775791718,43654.34593740476,47902.0,,50860.91775791718,42519.11443978564,47472.42123177397,50024.07211323905,49695.18025020541
store_50,2015-03-23,2015-01-26,39419.0,53471.0,47968.5,53820.7570093458,39658.47575023631,43654.34593740476,37518.0,,39658.47575023631,39441.58267099812,40276.940562547024,41785.43134394774,39615.85754827952
store_50,2015-03-02,2015-02-23,51755.0,40693.0,45773.833333333336,40620.02702702703,52636.82529360248,43653.210004572065,49860.0,,52636.82529360248,39033.84223693355,48716.678432724846,49750.25058093224,51349.76536715471
store_50,2015-03-09,2015-02-23,39532.0,40693.0,45773.833333333336,40547.05405405405,40413.7883514947,43653.210004572065,37495.0,,40413.7883514947,35510.84082049345,40520.666118688925,40600.011603147344,40163.57846678894
store_50,2015-03-16,2015-02-23,50381.0,40693.0,45773.833333333336,40474.08108108108,50694.60265726544,43653.210004572065,47902.0,,50694.60265726544,38455.818153750275,47416.6042206125,48289.705184791696,49573.53218914161
store_50,2015-03-23,2015-02-23,39419.0,40693.0,45773.833333333336,40401.10810810811,39549.6237785648,43653.210004572065,37518.0,,39549.6237785648,35369.82503208261,40240.27792771229,40078.80392395454,39536.20569199914
store_50,2015-03-30,2015-02-23,52269.0,40693.0,45773.833333333336,40328.13513513513,51090.99389912048,43653.210004572065,49440.0,,51090.99389912048,38711.31033888015,48061.40130123085,48747.459220134624,50143.482091605976
store_50,2015-04-06,2015-02-23,33830.0,40693.0,45773.833333333336,40255.16216216216,34203.43865826883,43653.210004572065,37332.0,,34203.43865826883,34558.663451190914,38396.21622094697,36848.22034228034,35595.12088835292
store_50,2015-04-13,2015-02-23,53275.0,40693.0,45773.833333333336,40182.18918918919,53321.37917362293,43653.210004572065,48480.0,,53321.37917362293,38871.94452867393,48484.86305939833,49928.950256703036,51598.601159594
store_50,2015-04-20,2015-02-23,36940.0,40693.0,45773.833333333336,40109.21621621621,38869.56215703004,43653.210004572065,32150.0,,38869.56215703004,34464.11738730738,38224.257387200705,38856.16844077819,38061.0412648418
store_50,2015-03-30,2015-03-23,52269.0,39419.0,45335.75,39337.48695652174,50849.0756460307,43714.72700027889,49440.0,,50849.0756460307,38299.4342289759,48001.26754876986,48448.22504574372,49972.027707114095
store_50,2015-04-06,2015-03-23,33830.0,39419.0,45335.75,39255.973913043475,33968.887807437466,43714.72700027889,37332.0,,33968.887807437466,34146.619817251405,38338.53826923878,36552.90572372937,35429.05087710101
store_50,2015-04-13,2015-03-23,53275.0,39419.0,45335.75,39174.46086956522,53023.63283583366,43714.72700027889,48480.0,,53023.63283583366,38449.652957953964,48406.11994537085,49595.39024021028,51386.34552185828
store_50,2015-04-20,2015-03-23,36940.0,39419.0,45335.75,39092.94782608696,38560.20330862921,43714.72700027889,32150.0,,38560.20330862921,34038.946876427864,38141.64343630269,38515.18650647212,37840.298769840425
store_50,2015-04-27,2015-03-23,51503.0,39419.0,45335.75,39011.434782608696,49786.05277576424,43714.72700027889,48326.0,,49786.05277576424,37941.8520798074,47275.59325868104,47628.60846263685,48992.13919308309
store_50,2015-05-04,2015-03-23,51325.0,39419.0,45335.75,38929.921739130434,51949.51803077197,43714.72700027889,49668.0,,51949.51803077197,38430.98811002589,48444.08167701695,49116.72163578277,50817.818039819525
store_50,2015-05-11,2015-03-23,37116.0,39419.0,45335.75,38848.40869565217,36428.329665535086,43714.72700027889,35077.0,,36428.329665535086,34117.602194495164,38406.685555271324,37663.54044757381,36815.59985871345
store_50,2015-05-18,2015-03-23,51508.0,39419.0,45335.75,38766.89565217392,51444.05224015469,43714.72700027889,48289.0,,51444.05224015469,38138.4892703725,47815.92641347786,48600.00990875176,50197.125148130006
store_50,2015-04-27,2015-04-20,51503.0,36940.0,44369.166666666664,36840.39495798319,49603.74705942377,43711.14307181897,48326.0,,49603.74705942377,37112.92167941322,47213.63004374757,47188.35106266515,48858.59175348605
store_50,2015-05-04,2015-04-20,51325.0,36940.0,44369.166666666664,36740.78991596639,51842.56337826312,43711.14307181897,49668.0,,51842.56337826312,37610.23757610216,48407.235483360695,48720.467469313975,50739.33997711649
store_50,2015-05-11,2015-04-20,37116.0,36940.0,44369.166666666664,36641.184873949576,36500.31119586254,43711.14307181897,35077.0,,36500.31119586254,33319.82940118539,38429.484755893835,37373.18694828464,36867.89505376572
store_50,2015-05-18,2015-04-20,51508.0,36940.0,44369.166666666664,36541.57983193277,51353.93929669392,43711.14307181897,48289.0,,51353.93929669392,37314.975552444615,47784.69412283763,48211.77372771165,50130.95563657339
store_50,2015-05-25,2015-04-20,38202.0,36940.0,44369.166666666664,36441.97478991596,37407.184395337885,43711.14307181897,36757.0,,37407.184395337885,33660.92413196278,39291.775822385614,38154.124810860325,37836.799326310305
store_50,2015-06-01,2015-04-20,54834.0,36940.0,44369.166666666664,36342.36974789916,52540.36415426561,43711.14307181897,51446.0,,52540.36415426561,37907.00623437863,49232.502408694854,49379.81139638859,51573.30373161264
store_50,2015-06-08,2015-04-20,41297.0,36940.0,44369.166666666664,36242.76470588235,41124.509862238076,43711.14307181897,35936.0,,41124.509862238076,34046.22632951515,40257.21764468568,40241.83670737513,40403.95832286545
store_50,2015-06-15,2015-04-20,55085.0,36940.0,44369.166666666664,36143.15966386555,53870.54908282036,43711.14307181897,45786.0,,53870.54908282036,37260.00264073879,47789.23071821311,49320.137582528565,51514.094843022576
store_50,2015-05-25,2015-05-18,38202.0,51508.0,45737.75,51530.07317073171,37675.63983728767,43847.92881987437,36757.0,,37675.63983728767,38150.91311827053,39426.85621905401,40106.093813182095,38044.88929307811
store_50,2015-06-01,2015-05-18,54834.0,51508.0,45737.75,51552.14634146341,52882.36372169359,43847.92881987437,51446.0,,52882.36372169359,42424.884126147335,49392.09751385598,51382.60634042641,51835.14249711471
store_50,2015-06-08,2015-05-18,41297.0,51508.0,45737.75,51574.21951219512,41289.062976007684,43847.92881987437,35936.0,,41289.062976007684,38556.13732972531,40357.663931960684,42145.47781924967,40536.11258043735
store_50,2015-06-15,2015-05-18,55085.0,51508.0,45737.75,51596.29268292683,54079.52610153463,43847.92881987437,45786.0,,54079.52610153463,41793.642514905114,47904.484973802995,51257.20380734717,51678.71575255798
store_50,2015-06-22,2015-05-18,38962.0,51508.0,45737.75,51618.365853658535,38627.91092399908,43847.92881987437,36808.0,,38627.91092399908,38306.85079964742,39761.27991462448,40687.71502858635,38750.137788198124
store_50,2015-06-29,2015-05-18,55347.0,51508.0,45737.75,51640.439024390245,53312.20004972846,43847.92881987437,50852.0,,53312.20004972846,42414.04541342758,49337.37628986761,51555.94952484853,52041.04506495153
store_50,2015-07-06,2015-05-18,41137.0,51508.0,45737.75,51662.51219512195,41191.106458755836,43847.92881987437,37901.0,,41191.106458755836,38835.471067678875,40980.0117595434,42384.69454786445,40822.58202552983
store_50,2015-07-13,2015-05-18,53417.0,51508.0,45737.75,51684.58536585366,51451.026221943306,43847.92881987437,47236.0,,51451.026221943306,41637.89862966733,47511.651680605886,49907.56264984901,50021.92679466035
store_51,2015-02-02,2015-01-26,59599.0,58573.0,57062.0,58521.57009345794,60609.66706423264,52078.833709513194,64263.0,,60609.66706423264,50158.295838171965,58983.83359124861,60432.069568728955,60959.635416845114
store_51,2015-02-09,2015-01-26,43258.0,58573.0,57062.0,58470.14018691589,44740.57203369016,52078.833709513194,43449.0,,44740.57203369016,44910.5065614456,46756.13524773445,47305.755051803324,44961.26877327348
store_51,2015-02-16,2015-01-26,57841.0,58573.0,57062.0,58418.71028037383,54472.9407017972,52078.833709513194,57805.0,,54472.9407017972,48344.354955954885,54785.59147043679,55719.0620339227,55221.354096414914
store_51,2015-02-23,2015-01-26,43303.0,58573.0,57062.0,58367.280373831774,42541.56087490882,52078.833709513194,42548.0,,42541.56087490882,44452.95356546482,45722.798194807336,45939.83674883493,43303.34614560924
store_51,2015-03-02,2015-01-26,62668.0,58573.0,57062.0,58315.85046728972,62349.69497472687,52078.833709513194,60870.0,,62349.69497472687,49892.76845021854,58432.84289474669,60546.983171344786,61114.19717938479
store_51,2015-03-09,2015-01-26,43627.0,58573.0,57062.0,58264.42056074766,43230.93476577055,52078.833709513194,42235.0,,43230.93476577055,44492.02700514734,45848.25615842791,46222.56905839128,43655.255163352165
store_51,2015-03-16,2015-01-26,59617.0,58573.0,57062.0,58212.990654205605,59602.69328972332,52078.833709513194,57736.0,,59602.69328972332,49037.931093348874,56472.5089997455,58377.77908291636,58477.007519847175
store_51,2015-03-23,2015-01-26,43750.0,58573.0,57062.0,58161.56074766355,43993.34485616796,52078.833709513194,39660.0,,43993.34485616796,44218.39133047781,45244.059521893716,46020.553243189664,43416.21900824348
store_51,2015-03-02,2015-02-23,62668.0,43303.0,54794.5,43115.85585585586,62630.74912291455,52043.23262150259,60870.0,,62630.74912291455,45251.04822861042,58514.66058147237,58775.30292840103,61290.799983000456
store_51,2015-03-09,2015-02-23,43627.0,43303.0,54794.5,42928.71171171171,43255.25035512835,52043.23262150259,42235.0,,43255.25035512835,39794.24209833466,45844.494325543645,44308.59803210771,43667.94266017083
store_51,2015-03-16,2015-02-23,59617.0,43303.0,54794.5,42741.56756756757,59726.61375978248,52043.23262150259,57736.0,,59726.61375978248,44334.98770697894,56501.94879376169,56508.14068634808,58553.28797540587
store_51,2015-03-23,2015-02-23,43750.0,43303.0,54794.5,42554.423423423425,43949.86698416424,52043.23262150259,39660.0,,43949.86698416424,39472.14614701289,45217.69986855561,44055.41312778089,43385.62361811072
store_51,2015-03-30,2015-02-23,64768.0,43303.0,54794.5,42367.27927927928,60919.815382529174,52043.23262150259,64104.0,,60919.815382529174,45361.68961190157,59022.34933467725,58583.790454143,61109.99715763633
store_51,2015-04-06,2015-02-23,39772.0,43303.0,54794.5,42180.13513513513,38876.82330618879,52043.23262150259,42787.0,,38876.82330618879,39140.67015183235,44569.01864256379,42099.96479279877,41028.11479007706
store_51,2015-04-13,2015-02-23,62383.0,43303.0,54794.5,41992.99099099099,62029.86479501685,52043.23262150259,60087.0,,62029.86479501685,44892.941201072914,58053.36580550647,58214.769352127594,60686.464899125436
store_51,2015-04-20,2015-02-23,39670.0,43303.0,54794.5,41805.84684684685,40015.02426074997,52043.23262150259,36965.0,,40015.02426074997,38418.0862470142,43007.75229408418,41328.35193652135,40113.79228058834
store_51,2015-03-30,2015-03-23,64768.0,43750.0,53252.833333333336,43573.252173913046,60778.06321349023,52044.79890096558,64104.0,,60778.06321349023,45357.56394595745,58975.620704818604,58507.82849476505,61019.61997622647
store_51,2015-04-06,2015-03-23,39772.0,43750.0,53252.833333333336,43396.504347826085,38781.31900687904,52044.79890096558,42787.0,,38781.31900687904,39144.63651271486,44537.70596928154,42048.82365070545,40967.26466447807
store_51,2015-04-13,2015-03-23,62383.0,43750.0,53252.833333333336,43219.75652173913,62048.20164232207,52044.79890096558,60087.0,,62048.20164232207,44914.6557711943,58060.00018109588,58223.84883164419,60698.296908062686
store_51,2015-04-20,2015-03-23,39670.0,43750.0,53252.833333333336,43043.00869565218,40041.03342744518,52044.79890096558,36965.0,,40041.03342744518,38442.38205105661,43016.94410947025,41342.04952978957,40130.5226989908
store_51,2015-04-27,2015-03-23,57287.0,43750.0,53252.833333333336,42866.260869565216,56706.04567142237,52044.79890096558,58514.0,,56706.04567142237,43876.27696789807,55754.94819079598,55041.97151361373,56844.21415889579
store_51,2015-05-04,2015-03-23,62260.0,43750.0,53252.833333333336,42689.51304347826,63858.27007803578,52044.79890096558,64795.0,,63858.27007803578,45770.059336544706,60232.689659667114,60229.75272292047,63180.95263142005
store_51,2015-05-11,2015-03-23,41002.0,43750.0,53252.833333333336,42512.7652173913,39909.61114085883,52044.79890096558,41430.0,,39909.61114085883,38985.715513221294,44461.47001394147,42274.97592474547,41305.13649367536
store_51,2015-05-18,2015-03-23,60477.0,43750.0,53252.833333333336,42336.01739130435,59717.350883057006,52044.79890096558,58733.0,,59717.350883057006,44262.00007266575,56831.71659467419,56639.079926275415,58828.51681509796
store_51,2015-04-27,2015-04-20,57287.0,39670.0,51688.0,39464.90756302521,56597.762773739814,52043.22301011925,58514.0,,56597.762773739814,42568.270478126324,55718.328594619685,54450.42275731469,56774.95512715444
store_51,2015-05-04,2015-04-20,62260.0,39670.0,51688.0,39259.815126050424,63848.9119885083,52043.22301011925,64795.0,,63848.9119885083,44472.13573209685,60229.044999542515,59688.37685294186,63174.85236458131
store_51,2015-05-11,2015-04-20,41002.0,39670.0,51688.0,39054.72268907563,39896.792060716856,52043.22301011925,41430.0,,39896.792060716856,37683.248251415964,44456.6716902787,41730.15167268429,41296.826549642115
store_51,2015-05-18,2015-04-20,60477.0,39670.0,51688.0,38849.63025210084,59670.06359540685,52043.22301011925,58733.0,,59670.06359540685,42950.55955108956,56815.428868508694,56074.56825977106,58798.20056693107
store_51,2015-05-25,2015-04-20,39897.0,39670.0,51688.0,38644.53781512605,38989.06221357874,52043.22301011925,43454.0,,38989.06221357874,37784.117576974866,44828.76174123266,41699.05548360084,41287.776177924345
store_51,2015-06-01,2015-04-20,61182.0,39670.0,51688.0,38439.445378151264,60137.08584654897,52043.22301011925,65880.0,,60137.08584654897,43979.67917640278,59353.436285556076,57947.946404362614,61110.850593470546
store_51,2015-06-08,2015-04-20,48630.0,39670.0,51688.0,38234.35294117647,46143.517533629296,52043.22301011925,39934.0,,46143.517533629296,38244.72764070357,46040.246847916176,44608.43758922508,44863.39455557006
store_51,2015-06-15,2015-04-20,64268.0,39670.0,51688.0,38029.26050420168,62177.89644056191,52043.22301011925,59165.0,,62177.89644056191,43253.33999355469,57795.37315022705,57440.503569373854,60521.09709651152
store_51,2015-05-25,2015-05-18,39897.0,60477.0,53106.75,60447.739837398374,39231.143095763226,52136.56142956028,43454.0,,39231.143095763226,44121.884908960266,44940.56817510784,44400.59997915349,41449.77085910884
store_51,2015-06-01,2015-05-18,61182.0,60477.0,53106.75,60418.47967479675,60191.81364655787,52136.56142956028,65880.0,,60191.81364655787,50315.80067870213,59402.79169203938,60561.518229820336,61153.229280531916
store_51,2015-06-08,2015-05-18,48630.0,60477.0,53106.75,60389.21951219512,46203.424195995576,52136.56142956028,39934.0,,46203.424195995576,44606.707876821565,46091.32854185195,47234.869156875706,44909.07969888031
store_51,2015-06-15,2015-05-18,64268.0,60477.0,53106.75,60359.9593495935,62181.2061639975,52136.56142956028,59165.0,,62181.2061639975,49632.35384902161,57827.58919785259,60047.44179059096,60530.64779764495
store_51,2015-06-22,2015-05-18,44612.0,60477.0,53106.75,60330.69918699187,44550.05911294691,52136.56142956028,45874.0,,44550.05911294691,45210.724247071295,47520.2068475024,47738.9863547337,45527.75441510794
store_51,2015-06-29,2015-05-18,68148.0,60477.0,53106.75,60301.439024390245,64073.55853859582,52136.56142956028,70217.0,,64073.55853859582,51473.18699893519,62142.3733227187,63590.463273043875,64853.98009998717
store_51,2015-07-06,2015-05-18,49381.0,60477.0,53106.75,60272.17886178862,45741.42234280877,52136.56142956028,45391.0,,45741.42234280877,45303.558947736805,47756.32792412302,48247.87250379914,46152.24284891727
store_51,2015-07-13,2015-05-18,59509.0,60477.0,53106.75,60242.918699186994,58060.70717681784,52136.56142956028,60609.0,,58060.70717681784,49233.27675793787,56935.42286879271,58216.57662714333,58306.91694109329
store_52,2015-02-02,2015-01-26,25351.0,26441.0,24290.833333333332,26434.11214953271,24899.985578389555,22463.442246805327,25320.0,,24899.985578389555,21407.05332972299,24227.80927506496,24881.246317368543,24563.79330610789
store_52,2015-02-09,2015-01-26,21957.0,26441.0,24290.833333333332,26427.22429906542,21416.94011202404,22463.442246805327,18454.0,,21416.94011202404,19927.634284461157,20778.12745294312,22383.238811047508,20979.588102969377
store_52,2015-02-16,2015-01-26,23103.0,26441.0,24290.833333333332,26420.33644859813,23661.480324796776,22463.442246805327,24956.0,,23661.480324796776,21176.156050504793,23693.6408572007,24294.5808393517,23723.644750033796
store_52,2015-02-23,2015-01-26,20023.0,26441.0,24290.833333333332,26413.448598130843,19611.145132155496,22463.442246805327,19755.0,,19611.145132155496,19853.55275863214,20609.862459653606,21795.274093407,20137.574888972355
store_52,2015-03-02,2015-01-26,26346.0,26441.0,24290.833333333332,26406.560747663552,26350.368377695522,22463.442246805327,24377.0,,26350.368377695522,21475.60067221396,24396.936874833613,25364.767228495206,25261.39624022571
store_52,2015-03-09,2015-01-26,20588.0,26441.0,24290.833333333332,26399.672897196262,20263.329883734925,22463.442246805327,19222.0,,20263.329883734925,19868.61119443855,20649.590710180084,21996.694013037973,20428.479953726845
store_52,2015-03-16,2015-01-26,25905.0,26441.0,24290.833333333332,26392.78504672897,24976.263402999124,22463.442246805327,24050.0,,24976.263402999124,21230.617718552392,23829.901883268147,24725.20478531168,24345.330398840666
store_52,2015-03-23,2015-01-26,21789.0,26441.0,24290.833333333332,26385.89719626168,20680.88971639711,22463.442246805327,19536.0,,20680.88971639711,19971.15178468535,20893.443987734143,22220.647585532555,20751.72513001994
store_52,2015-03-02,2015-02-23,26346.0,20023.0,23191.166666666668,19958.54054054054,26413.989109753664,22467.3355591749,24377.0,,26413.989109753664,19490.147410876536,24419.441556309517,24064.851925053932,25301.32204873088
store_52,2015-03-09,2015-02-23,20588.0,20023.0,23191.166666666668,19894.08108108108,20302.889042317012,22467.3355591749,19222.0,,20302.889042317012,17871.49604989138,20664.07486716397,20681.11037099831,20453.56192472906
store_52,2015-03-16,2015-02-23,25905.0,20023.0,23191.166666666668,19829.62162162162,25012.85199695454,22467.3355591749,24050.0,,25012.85199695454,19224.853692059674,23843.395852043144,23403.01867718428,24368.579797311657
store_52,2015-03-23,2015-02-23,21789.0,20023.0,23191.166666666668,19765.162162162163,20723.12238314353,22467.3355591749,19536.0,,20723.12238314353,17957.96953873532,20908.819314106142,20895.56197332895,20778.45641630046
store_52,2015-03-30,2015-02-23,25216.0,20023.0,23191.166666666668,19700.702702702703,25608.76784877924,22467.3355591749,28350.0,,25608.76784877924,19905.85325390336,25475.36780265138,24273.64414596405,25635.209575129345
store_52,2015-04-06,2015-02-23,16780.0,20023.0,23191.166666666668,19636.243243243243,16945.26412176449,22467.3355591749,20017.0,,16945.26412176449,17468.572798692756,19809.866560313127,19329.810935412585,18548.41885600332
store_52,2015-04-13,2015-02-23,25834.0,20023.0,23191.166666666668,19571.783783783783,26148.59528283655,22467.3355591749,23205.0,,26148.59528283655,19229.5544703517,23940.310280670485,23744.266995885206,24892.56721574501
store_52,2015-04-20,2015-02-23,20359.0,20023.0,23191.166666666668,19507.324324324323,19698.339804708066,22467.3355591749,15657.0,,19698.339804708066,17220.59519355342,19274.225121294323,19866.14258329219,19335.272917029055
store_52,2015-03-30,2015-03-23,25216.0,21789.0,23204.166666666668,21742.13913043478,24223.782398726937,22507.832692339183,28350.0,,24223.782398726937,20259.56012688108,25027.205030355373,24039.460761969593,24787.844769809126
store_52,2015-04-06,2015-03-23,16780.0,21789.0,23204.166666666668,21695.278260869567,16619.214452536326,22507.832692339183,20017.0,,16619.214452536326,17976.07029605882,19714.68238162517,19552.434127732886,18354.322660579226
store_52,2015-04-13,2015-03-23,25834.0,21789.0,23204.166666666668,21648.41739130435,26293.9049068827,22507.832692339183,23205.0,,26293.9049068827,19806.9030938847,24002.245866407295,24171.129731600027,24989.25752112201
store_52,2015-04-20,2015-03-23,20359.0,21789.0,23204.166666666668,21601.55652173913,19244.64440022743,22507.832692339183,15657.0,,19244.64440022743,17714.885754424628,19136.49236418887,20037.153714050284,19062.430726297618
store_52,2015-04-27,2015-03-23,23720.0,21789.0,23204.166666666668,21554.695652173912,23301.492414971155,22507.832692339183,23351.0,,23301.492414971155,19386.88391802156,23053.44170243678,22897.453915090482,23173.73110109584
store_52,2015-05-04,2015-03-23,26136.0,21789.0,23204.166666666668,21507.834782608697,26886.44042762567,22507.832692339183,25088.0,,26886.44042762567,20140.467795605742,24827.424373321617,24687.128589745087,25748.478607658988
store_52,2015-05-11,2015-03-23,19546.0,21789.0,23204.166666666668,21460.97391304348,19022.718316155937,22507.832692339183,18830.0,,19022.718316155937,18116.38451260075,20120.183669498372,20390.979801900885,19588.902799099767
store_52,2015-05-18,2015-03-23,25446.0,21789.0,23204.166666666668,21414.11304347826,26053.157208501878,22507.832692339183,24520.0,,26053.157208501878,19926.89565871228,24360.32996694702,24237.533082149555,25115.66540631786
store_52,2015-04-27,2015-04-20,23720.0,20359.0,22770.916666666668,20301.697478991595,23091.23369456952,22489.41259346444,23351.0,,23091.23369456952,18909.037204813176,22977.21542934465,22504.015135627382,23040.814839624152
store_52,2015-05-04,2015-04-20,26136.0,20359.0,22770.916666666668,20244.394957983193,25859.75709965366,22489.41259346444,25088.0,,25859.75709965366,19544.49733110971,24479.0565643727,23941.78758182082,25111.901427243378
store_52,2015-05-11,2015-04-20,19546.0,20359.0,22770.916666666668,20187.092436974788,18708.53830209867,22489.41259346444,18830.0,,18708.53830209867,17620.708571314935,20009.316965187703,19950.939154217856,19391.876399625013
store_52,2015-05-18,2015-04-20,25446.0,20359.0,22770.916666666668,20129.789915966387,25959.213420590408,22489.41259346444,24520.0,,25959.213420590408,19461.190370955414,24322.875338018282,23891.194066037482,25054.505048871695
store_52,2015-05-25,2015-04-20,20054.0,20359.0,22770.916666666668,20072.48739495798,18306.661195243887,22489.41259346444,17139.0,,18306.661195243887,17305.353978618994,19311.691262902776,19521.25760500027,18790.41602246801
store_52,2015-06-01,2015-04-20,23662.0,20359.0,22770.916666666668,20015.18487394958,24035.780102498895,22489.41259346444,26463.0,,24035.780102498895,19447.61346236851,24329.39756532111,23336.85884079044,24274.142750624007
store_52,2015-06-08,2015-04-20,21527.0,20359.0,22770.916666666668,19957.882352941175,20141.39115190677,22489.41259346444,17501.0,,20141.39115190677,17602.800394997008,20043.934581790403,20352.040478503804,19997.963721719287
store_52,2015-06-15,2015-04-20,27339.0,20359.0,22770.916666666668,19900.579831932773,25588.31412029906,22489.41259346444,23535.0,,25588.31412029906,19234.746173194704,23870.90890458783,23567.072820585912,24619.758958931616
store_52,2015-05-25,2015-05-18,20054.0,25446.0,23138.75,25431.91869918699,18040.655033393392,22528.247874634824,17139.0,,18040.655033393392,18817.795943887886,19235.967636009405,20428.166463691778,18633.072103791645
store_52,2015-06-01,2015-05-18,23662.0,25446.0,23138.75,25417.837398373984,23253.994343895458,22528.247874634824,26463.0,,23253.994343895458,20892.54708812918,24081.74740617676,24026.060347303846,23798.608979186843
store_52,2015-06-08,2015-05-18,21527.0,25446.0,23138.75,25403.756097560974,20656.06061296761,22528.247874634824,17501.0,,20656.06061296761,19239.116369309057,20228.436162534144,21602.515378726166,20322.22679772032
store_52,2015-06-15,2015-05-18,27339.0,25446.0,23138.75,25389.674796747968,26081.31182034463,22528.247874634824,23535.0,,26081.31182034463,20874.140641675345,24048.18656499315,24812.230334292857,24930.652497847565
store_52,2015-06-22,2015-05-18,21858.0,25446.0,23138.75,25375.593495934958,21018.636636928244,22528.247874634824,20145.0,,21018.636636928244,19664.604001071144,21230.62817052102,22140.924572899105,21098.68608318705
store_52,2015-06-29,2015-05-18,27316.0,25446.0,23138.75,25361.51219512195,25775.798097578307,22528.247874634824,25892.0,,25775.798097578307,21163.186881047866,24732.015324071042,25021.655734664084,25234.956973335655
store_52,2015-07-06,2015-05-18,18880.0,25446.0,23138.75,25347.43089430894,18431.19695355418,22528.247874634824,19304.0,,18431.19695355418,19170.803674642564,20087.814942729667,20903.608418509666,19326.63908864514
store_52,2015-07-13,2015-05-18,23593.0,25446.0,23138.75,25333.349593495936,22034.320613843644,22528.247874634824,22314.0,,22034.320613843644,20113.524011710626,22292.189496159488,22889.571357825727,22178.746053381863
store_53,2015-02-02,2015-01-26,89049.0,83802.0,81548.83333333333,83796.40186915887,90525.74144590356,74520.82512185672,88719.0,,90525.74144590356,71844.68596717893,84588.52218925342,86237.526489297,87581.68648158715
store_53,2015-02-09,2015-01-26,69757.0,83802.0,81548.83333333333,83790.80373831776,67292.40347472184,74520.82512185672,65817.0,,67292.40347472184,65253.123666889944,69210.07619885952,72374.61446802963,67956.77398072286
store_53,2015-02-16,2015-01-26,79818.0,83802.0,81548.83333333333,83785.20560747663,76516.86245930073,74520.82512185672,81410.0,,76516.86245930073,68797.67521742391,77482.56252705248,79211.00570042334,77635.77323859901
store_53,2015-02-23,2015-01-26,68179.0,83802.0,81548.83333333333,83779.60747663552,66348.0332702636,74520.82512185672,66800.0,,66348.0332702636,65257.04274315559,69222.95279737344,72202.59754883536,67714.7514477519
store_53,2015-03-02,2015-01-26,86853.0,83802.0,81548.83333333333,83774.00934579439,84275.20520983948,74520.82512185672,79826.0,,84275.20520983948,69678.12471583197,79540.67677723206,81945.75877202651,81508.85208220298
store_53,2015-03-09,2015-01-26,70474.0,83802.0,81548.83333333333,83768.41121495327,67090.80060964455,74520.82512185672,63006.0,,67090.80060964455,64819.552897112546,68205.87524383375,71716.47086519969,67028.0451151887
store_53,2015-03-16,2015-01-26,86176.0,83802.0,81548.83333333333,83762.81308411215,81627.46409270538,74520.82512185672,80427.0,,81627.46409270538,69384.13366171537,78858.42973818736,81023.42000881395,80204.6022443647
store_53,2015-03-23,2015-01-26,67245.0,83802.0,81548.83333333333,83757.21495327103,64348.936750025314,74520.82512185672,64462.0,,64348.936750025314,64634.258594069484,67777.25395729401,70932.34736608787,65919.46601337883
store_53,2015-03-02,2015-02-23,86853.0,68179.0,78265.66666666667,68032.85585585586,84816.71441843436,74604.39188875695,79826.0,,84816.71441843436,64817.80411853055,79749.03543573043,78850.0582859779,81823.91352500432
store_53,2015-03-09,2015-02-23,70474.0,68179.0,78265.66666666667,67886.71171171172,67293.10164151795,74604.39188875695,63006.0,,67293.10164151795,59890.695986950464,68301.16451009162,68473.6429235038,67153.66154162904
store_53,2015-03-16,2015-02-23,86176.0,68179.0,78265.66666666667,67740.56756756757,81792.90973108186,74604.39188875695,80427.0,,81792.90973108186,64429.933693439,78941.4338732796,77752.7427828647,80309.63523236469
store_53,2015-03-23,2015-02-23,67245.0,68179.0,78265.66666666667,67594.42342342342,64514.040397831224,74604.39188875695,64462.0,,64514.040397831224,59659.931768096896,67860.1440955294,67648.2253931479,66024.30800241804
store_53,2015-03-30,2015-02-23,86664.0,68179.0,78265.66666666667,67448.27927927928,79669.73980054632,74604.39188875695,82195.0,,79669.73980054632,64337.439662178454,78823.04389643442,77250.0605310271,79637.17659474704
store_53,2015-04-06,2015-02-23,57716.0,68179.0,78265.66666666667,67302.13513513513,60002.332346559895,74604.39188875695,66213.0,,60002.332346559895,59223.78943387409,66939.90807843895,66199.7784399004,64012.934474042166
store_53,2015-04-13,2015-02-23,89093.0,68179.0,78265.66666666667,67155.99099099099,87991.10470978825,74604.39188875695,84509.0,,87991.10470978825,65815.0220366004,82368.16553284839,80979.72299673849,84956.4295918527
store_53,2015-04-20,2015-02-23,65143.0,68179.0,78265.66666666667,67009.84684684685,60747.90403581758,74604.39188875695,51714.0,,60747.90403581758,57217.25849115544,62355.43197485818,63492.715872645094,60219.744406284255
store_53,2015-03-30,2015-03-23,86664.0,67245.0,77763.25,67095.81739130434,80800.58278344164,74720.6167119173,82195.0,,80800.58278344164,64260.03812666618,79238.73316511964,77534.18830100725,80286.3131499816
store_53,2015-04-06,2015-03-23,57716.0,67245.0,77763.25,66946.6347826087,60494.992988624734,74720.6167119173,66213.0,,60494.992988624734,59054.784926164386,67142.86990018068,66231.8555344959,64305.651366376915
store_53,2015-04-13,2015-03-23,89093.0,67245.0,77763.25,66797.45217391304,88349.68965525963,74720.6167119173,84509.0,,88349.68965525963,65626.42979158428,82526.43545572564,80958.6194844529,85174.2662947408
store_53,2015-04-20,2015-03-23,65143.0,67245.0,77763.25,66648.26956521739,61087.918259906786,74720.6167119173,51714.0,,61087.918259906786,57025.579219577354,62507.51165727469,63463.99846559254,60427.20951185389
store_53,2015-04-27,2015-03-23,80860.0,67245.0,77763.25,66499.08695652174,80008.56476573707,74720.6167119173,78964.0,,80008.56476573707,63600.07406202516,77897.72715921812,76502.60040166246,78905.90096872825
store_53,2015-05-04,2015-03-23,85829.0,67245.0,77763.25,66349.90434782609,87694.4536271031,74720.6167119173,88092.0,,87694.4536271031,65980.74638383521,83502.35677967346,81392.56110842111,85848.59719855855
store_53,2015-05-11,2015-03-23,61978.0,67245.0,77763.25,66200.72173913043,61587.66295255142,74720.6167119173,64645.0,,61587.66295255142,58880.32162908559,66984.4265548229,66270.70373949945,64460.651385257195
store_53,2015-05-18,2015-03-23,83755.0,67245.0,77763.25,66051.53913043479,83288.15506744277,74720.6167119173,79881.0,,83288.15506744277,64135.651558542115,79296.59059312003,77942.07746742878,81003.76393522671
store_53,2015-04-27,2015-04-20,80860.0,65143.0,76347.25,64981.16806722689,81388.70529420329,74677.58167220339,78964.0,,81388.70529420329,63071.672147661935,78343.42898880222,76551.74496442034,79670.1925781751
store_53,2015-05-04,2015-04-20,85829.0,65143.0,76347.25,64819.336134453784,88224.90127234094,74677.58167220339,88092.0,,88224.90127234094,65329.152725571155,83664.82764818144,81105.30393103561,86138.34222212757
store_53,2015-05-11,2015-04-20,61978.0,65143.0,76347.25,64657.50420168067,61853.75126706816,74677.58167220339,64645.0,,61853.75126706816,58189.15530585031,67058.77764642384,65877.95890536005,64602.7538660736
store_53,2015-05-18,2015-04-20,83755.0,65143.0,76347.25,64495.67226890756,83527.45909182733,74677.58167220339,79881.0,,83527.45909182733,63438.85186184832,79362.01358801025,77537.56832879988,81130.90760717433
store_53,2015-05-25,2015-04-20,62308.0,65143.0,76347.25,64333.84033613445,59937.85119657957,74677.58167220339,58887.0,,59937.85119657957,57046.646172131055,64500.81095626098,63910.61231708511,61860.982876125185
store_53,2015-06-01,2015-04-20,88601.0,65143.0,76347.25,64172.008403361346,84791.368739123,74677.58167220339,91602.0,,84791.368739123,65247.6012592411,83690.31680377547,80409.31714420943,85239.82250572872
store_53,2015-06-08,2015-04-20,71125.0,65143.0,76347.25,64010.17647058824,68872.79405266348,74677.58167220339,60497.0,,68872.79405266348,58506.82888506501,68015.79190828896,67734.98095943057,67318.51743622393
store_53,2015-06-15,2015-04-20,91930.0,65143.0,76347.25,63848.34453781512,87104.64132510206,74677.58167220339,79378.0,,87104.64132510206,63785.545362160075,80386.7409991018,78784.30701973576,82982.69572839444
store_53,2015-05-25,2015-05-18,62308.0,83755.0,76815.5,83749.74796747968,59988.338253054804,74800.35863002873,58887.0,,59988.338253054804,62570.849264366174,64558.56562769451,67602.2895551229,61907.73990423707
store_53,2015-06-01,2015-05-18,88601.0,83755.0,76815.5,83744.49593495936,84808.0162760854,74800.35863002873,91602.0,,84808.0162760854,70789.33869158193,83736.79163537137,84102.4729469588,85267.6804365673
store_53,2015-06-08,2015-05-18,71125.0,83755.0,76815.5,83739.24390243902,68811.51419849675,74800.35863002873,60497.0,,68811.51419849675,64059.80239013778,68036.29094284182,71412.22266177047,67302.85355096092
store_53,2015-06-15,2015-05-18,91930.0,83755.0,76815.5,83733.9918699187,87038.7674018284,74800.35863002873,79378.0,,87038.7674018284,69360.23112882511,80405.7086772857,82474.56461681878,82964.46609278442
store_53,2015-06-22,2015-05-18,70659.0,83755.0,76815.5,83728.73983739837,66895.39789476259,74800.35863002873,66996.0,,66895.39789476259,64712.99948031281,69563.9188415971,71988.15993953637,68119.61365426675
store_53,2015-06-29,2015-05-18,93848.0,83755.0,76815.5,83723.48780487805,87420.54828639748,74800.35863002873,95028.0,,87420.54828639748,71648.98496018632,85749.63563880873,85833.74456793568,87721.45049753448
store_53,2015-07-06,2015-05-18,72148.0,83755.0,76815.5,83718.23577235773,67513.24364121967,74800.35863002873,65212.0,,67513.24364121967,64544.90543480087,69175.2007570828,71865.03576362865,67946.7155598376
store_53,2015-07-13,2015-05-18,83122.0,83755.0,76815.5,83712.9837398374,81772.4239240965,74800.35863002873,82212.0,,81772.4239240965,69009.75232770893,79594.92751804175,80976.21026426408,80846.06899516059
store_54,2015-02-02,2015-01-26,31699.0,31547.0,28686.333333333332,31567.420560747665,31646.799936047522,27165.759147152974,34454.0,,31646.799936047522,26438.187568183068,31088.853027733498,31779.403344477974,32089.614635103433
store_54,2015-02-09,2015-01-26,22049.0,31547.0,28686.333333333332,31587.841121495327,21075.946400357065,27165.759147152974,21895.0,,21075.946400357065,23136.840000334098,23378.90184917001,23576.01816672826,21878.35481338133
store_54,2015-02-16,2015-01-26,28196.0,31547.0,28686.333333333332,31608.26168224299,26533.192159265178,27165.759147152974,30978.0,,26533.192159265178,25216.93518885635,28225.650435472715,28445.82916020232,27937.607484076438
store_54,2015-02-23,2015-01-26,21830.0,31547.0,28686.333333333332,31628.682242990653,21831.363199329066,27165.759147152974,21130.0,,21831.363199329066,23141.305417543717,23375.707448827347,23760.09542097252,22104.312386878926
store_54,2015-03-02,2015-01-26,33217.0,31547.0,28686.333333333332,31649.10280373832,33785.427784724976,27165.759147152974,33331.0,,33785.427784724976,26594.94615270708,31427.395643959317,32552.32063350663,33045.28554243365
store_54,2015-03-09,2015-01-26,22426.0,31547.0,28686.333333333332,31669.52336448598,23266.58036352693,27165.759147152974,22237.0,,23266.58036352693,23510.313744071314,24223.113170226632,24730.940761746984,23309.458202705682
store_54,2015-03-16,2015-01-26,30918.0,31547.0,28686.333333333332,31689.943925233645,31935.269825093455,27165.759147152974,31458.0,,31935.269825093455,26068.9008901162,30186.34299074881,31197.989355316487,31356.585451686005
store_54,2015-03-23,2015-01-26,23560.0,31547.0,28686.333333333332,31710.364485981307,23660.9057290099,27165.759147152974,23297.0,,23660.9057290099,23723.908956496787,24707.88829205429,25183.53707339465,23869.60663670233
store_54,2015-03-02,2015-02-23,33217.0,21830.0,26918.416666666668,21762.144144144146,34007.481532485064,27123.891150606927,33331.0,,34007.481532485064,23567.5619277004,31487.457561030664,31306.601258059523,33176.034498915236
store_54,2015-03-09,2015-02-23,22426.0,21830.0,26918.416666666668,21694.288288288288,23503.79181973545,27123.891150606927,22237.0,,23503.79181973545,20472.48398932819,24288.227656780793,23487.149170356763,23449.392369559402
store_54,2015-03-16,2015-02-23,30918.0,21830.0,26918.416666666668,21626.432432432433,32155.75158479295,27123.891150606927,31458.0,,32155.75158479295,23016.070262071284,30245.88091179996,29940.599701743973,31486.381820836315
store_54,2015-03-23,2015-02-23,23560.0,21830.0,26918.416666666668,21558.576576576575,23850.37229122863,27123.891150606927,23297.0,,23850.37229122863,20654.03666929697,24757.087813945185,23905.59380600958,23980.608534738254
store_54,2015-03-30,2015-02-23,35058.0,21830.0,26918.416666666668,21490.72072072072,33019.09553669511,27123.891150606927,36876.0,,33019.09553669511,23894.017724955633,32339.66222910068,31671.697182998538,33651.286813356535
store_54,2015-04-06,2015-02-23,21840.0,21830.0,26918.416666666668,21422.864864864863,21782.635684217064,27123.891150606927,22987.0,,21782.635684217064,20294.972623765076,23964.508944941328,22814.963312040887,22633.67451943186
store_54,2015-04-13,2015-02-23,33121.0,21830.0,26918.416666666668,21355.00900900901,33542.07347076565,27123.891150606927,32759.0,,33542.07347076565,23361.198613864035,31141.65487379086,30915.584145614965,32720.68331011575
store_54,2015-04-20,2015-02-23,21908.0,21830.0,26918.416666666668,21287.153153153155,22473.95270444144,27123.891150606927,19464.0,,22473.95270444144,19871.05909640974,23020.614618349457,22285.435141100075,21985.07182546254
store_54,2015-03-30,2015-03-23,35058.0,23560.0,27082.416666666668,23509.547826086957,32730.77215515695,27137.533174440567,36876.0,,32730.77215515695,24413.752831764446,32248.1017765325,31777.97652922104,33477.811244642624
store_54,2015-04-06,2015-03-23,21840.0,23560.0,27082.416666666668,23459.095652173914,21489.36429267817,27137.533174440567,22987.0,,21489.36429267817,20816.4871122799,23871.299155706245,22919.90844062014,22457.20057448352
store_54,2015-04-13,2015-03-23,33121.0,23560.0,27082.416666666668,23408.64347826087,33074.43603512097,27137.533174440567,32759.0,,33074.43603512097,23860.28990778415,30990.323069853843,30936.70611299574,32438.547694584515
store_54,2015-04-20,2015-03-23,21908.0,23560.0,27082.416666666668,23358.191304347827,22000.83899930022,27137.533174440567,19464.0,,22000.83899930022,20371.85430639361,22867.457391246928,22304.96568346318,21699.61772102176
store_54,2015-04-27,2015-03-23,31168.0,23560.0,27082.416666666668,23307.739130434784,30134.744235746977,27137.533174440567,33051.0,,30134.744235746977,23467.633315327,30107.759136729183,29570.24313983427,30745.64505377646
store_54,2015-05-04,2015-03-23,32564.0,23560.0,27082.416666666668,23257.28695652174,33242.24686177901,27137.533174440567,32297.0,,33242.24686177901,23796.640522772566,30892.260012073188,30896.580693569947,32400.243801512144
store_54,2015-05-11,2015-03-23,22104.0,23560.0,27082.416666666668,23206.834782608697,22180.4543307462,27137.533174440567,20472.0,,22180.4543307462,20519.891279208874,23263.32916839559,22628.48892237288,22113.90017032541
store_54,2015-05-18,2015-03-23,31556.0,23560.0,27082.416666666668,23156.38260869565,30715.213236810923,27137.533174440567,29024.0,,30715.213236810923,22953.64938380197,28958.91547041716,28863.068267847422,29877.151182002133
store_54,2015-04-27,2015-04-20,31168.0,21908.0,27151.833333333332,21845.361344537814,30285.576617052313,27165.7424109444,33051.0,,30285.576617052313,23058.216243695406,30167.439675998903,29456.08868940232,30839.613154203213
store_54,2015-05-04,2015-04-20,32564.0,21908.0,27151.833333333332,21782.722689075632,33365.97888752281,27165.7424109444,32297.0,,33365.97888752281,23381.61104583945,30942.90709948907,30768.478486760305,32477.789731804183
store_54,2015-05-11,2015-04-20,22104.0,21908.0,27151.833333333332,21720.084033613446,22181.477860483436,27165.7424109444,20472.0,,22181.477860483436,20085.591091196373,23273.073423809277,22439.887749084148,22117.087674071383
store_54,2015-05-18,2015-04-20,31556.0,21908.0,27151.833333333332,21657.44537815126,30906.17892742122,27165.7424109444,29024.0,,30906.17892742122,22544.742864264314,29031.973779455206,28766.196446180937,29995.439112180888
store_54,2015-05-25,2015-04-20,21141.0,21908.0,27151.833333333332,21594.806722689074,21846.474542869175,27165.7424109444,21014.0,,21846.474542869175,20097.265287119426,23342.07231793786,22400.99900127131,22078.318155740137
store_54,2015-06-01,2015-04-20,29818.0,21908.0,27151.833333333332,21532.168067226892,29910.841466880585,27165.7424109444,32989.0,,29910.841466880585,22951.083611197886,30021.861292608326,29239.191982487144,30593.74560268087
store_54,2015-06-08,2015-04-20,22626.0,21908.0,27151.833333333332,21469.529411764706,23071.12079148845,27165.7424109444,19479.0,,23071.12079148845,20035.0322782187,23238.621067477616,22615.809744969647,22355.29550541952
store_54,2015-06-15,2015-04-20,33720.0,21908.0,27151.833333333332,21406.89075630252,31271.305483998796,27165.7424109444,30438.0,,31271.305483998796,22763.11028351129,29625.015964981067,29272.766184937132,30645.16132459591
store_54,2015-05-25,2015-05-18,21141.0,31556.0,28286.666666666668,31573.837398373984,22025.3923211609,27236.17101809861,21014.0,,22025.3923211609,23098.86677204288,23425.18777975317,23800.035499394555,22193.14764277677
store_54,2015-06-01,2015-05-18,29818.0,31556.0,28286.666666666668,31591.674796747968,30165.398764824153,27236.17101809861,32989.0,,30165.398764824153,25974.98732090534,30130.189927640917,30680.027699503695,30754.41083743712
store_54,2015-06-08,2015-05-18,22626.0,31556.0,28286.666666666668,31609.51219512195,23086.868260467712,27236.17101809861,19479.0,,23086.868260467712,23036.31687719356,23267.34642618877,23945.340587174283,22371.247670556124
store_54,2015-06-15,2015-05-18,33720.0,31556.0,28286.666666666668,31627.349593495936,31358.542552246356,27236.17101809861,30438.0,,31358.542552246356,25786.104261501077,29677.571190114988,30642.07566687958,30704.43448452097
store_54,2015-06-22,2015-05-18,21895.0,31556.0,28286.666666666668,31645.18699186992,20721.814071863646,27236.17101809861,23460.0,,20721.814071863646,23272.262678356976,23805.995029987418,23765.263503995895,22144.38669201041
store_54,2015-06-29,2015-05-18,34063.0,31556.0,28286.666666666668,31663.024390243903,31202.99674816202,27236.17101809861,38585.0,,31202.99674816202,26932.83697473874,32341.38925542021,32552.09569123858,33078.84641989411
store_54,2015-07-06,2015-05-18,22576.0,31556.0,28286.666666666668,31680.861788617887,22720.669856588676,27236.17101809861,21739.0,,22720.669856588676,23317.052761424547,23898.613624895763,24321.689536176014,22834.15566242254
store_54,2015-07-13,2015-05-18,29180.0,31556.0,28286.666666666668,31698.69918699187,29699.703195081696,27236.17101809861,31041.0,,29699.703195081696,25645.46286669126,29325.62473772677,29985.613047514977,29881.935808780985
store_55,2015-02-02,2015-01-26,57917.0,54672.0,51636.416666666664,54717.57009345794,58126.67456771432,51386.706432235675,57326.0,,58126.67456771432,46837.909680010656,55696.363744793656,56575.94613685311,57354.807823604584
store_55,2015-02-09,2015-01-26,45181.0,54672.0,51636.416666666664,54763.14018691589,48207.73394694767,51440.59896828728,43890.0,,48207.73394694767,43515.6985384025,47911.38353787144,48807.29605564389,47635.30995969314
store_55,2015-02-16,2015-01-26,46701.0,54672.0,51636.416666666664,54808.71028037383,44310.04416445432,51494.49150433889,52951.0,,44310.04416445432,44267.52323083338,49632.48694370699,48130.772585147904,46781.0715414103
store_55,2015-02-23,2015-01-26,45877.0,54672.0,51636.416666666664,54854.280373831774,46106.30669237395,51548.38404039049,45235.0,,46106.30669237395,43436.05539618041,47659.2411196802,47867.00094681559,46442.778801996494
store_55,2015-03-02,2015-01-26,58575.0,54672.0,51636.416666666664,54899.85046728972,59263.67868613101,51602.2765764421,54443.0,,59263.67868613101,46645.3174852185,55114.36511759922,56763.07184638838,57554.41991697384
store_55,2015-03-09,2015-01-26,44664.0,54672.0,51636.416666666664,54945.42056074766,45426.13458582111,51656.169112493706,41534.0,,45426.13458582111,42838.591560818444,46198.85041749592,46887.75953309779,45201.564207547264
store_55,2015-03-16,2015-01-26,56460.0,54672.0,51636.416666666664,54990.990654205605,56715.571242179314,51710.061648545314,52236.0,,56715.571242179314,45994.43431594241,53529.32930294865,54985.18231519807,55314.88378149889
store_55,2015-03-23,2015-01-26,41307.0,54672.0,51636.416666666664,55036.56074766355,41517.68292876372,51763.95418459692,41933.0,,41517.68292876372,42365.65921824155,45029.03319847679,44779.327822247775,42548.845631705226
store_55,2015-03-02,2015-02-23,58575.0,45877.0,49394.416666666664,45841.69369369369,59154.90521060518,48409.42854508784,54443.0,,59154.90521060518,43302.920588007626,54330.77395909061,55177.12032607975,57268.850355508286
store_55,2015-03-09,2015-02-23,44664.0,45877.0,49394.416666666664,45806.38738738739,45230.112089073635,48409.42854508784,41534.0,,45230.112089073635,39464.477812602214,45386.176251913435,45243.90293138377,44854.93597165008
store_55,2015-03-16,2015-02-23,56460.0,45877.0,49394.416666666664,45771.08108108108,56674.142465025245,48409.42854508784,52236.0,,56674.142465025245,42623.1526796944,52768.18637723064,53418.81633905255,55076.443436556365
store_55,2015-03-23,2015-02-23,41307.0,45877.0,49394.416666666664,45735.77477477478,41424.958076929106,48409.42854508784,41933.0,,41424.958076929106,38967.79686620834,44250.79158119859,43175.18502903228,42274.50722991707
store_55,2015-03-30,2015-02-23,62146.0,45877.0,49394.416666666664,45700.46846846847,58964.90894406311,48409.42854508784,60045.0,,58964.90894406311,44055.88894632658,56134.77520357659,55988.55569530837,58294.152444210995
store_55,2015-04-06,2015-02-23,38078.0,45877.0,49394.416666666664,45665.16216216216,38408.27597279394,48409.42854508784,41609.0,,38408.27597279394,38480.46904953008,43137.2308798202,41428.30508722569,40096.380530475944
store_55,2015-04-13,2015-02-23,54220.0,45877.0,49394.416666666664,45629.85585585586,54895.109420386245,48409.42854508784,54553.0,,54895.109420386245,42679.8300697138,52947.5086956843,52797.271995966286,54310.5004407729
store_55,2015-04-20,2015-02-23,39566.0,45877.0,49394.416666666664,45594.54954954955,41484.259178417065,48409.42854508784,34611.0,,41484.259178417065,37910.09341996016,41829.89194836124,41988.48856046079,40802.116014342006
store_55,2015-03-30,2015-03-23,62146.0,41307.0,49572.5,41233.18260869565,58910.59463630295,48453.22228794411,60045.0,,58910.59463630295,42788.78564756324,56176.031545434314,55408.046215839226,58272.77870927369
store_55,2015-04-06,2015-03-23,38078.0,41307.0,49572.5,41159.36521739131,38342.84497985241,48453.22228794411,41609.0,,38342.84497985241,37206.276069312546,43174.7816599508,40839.173068182616,40067.22710870955
store_55,2015-04-13,2015-03-23,54220.0,41307.0,49572.5,41085.54782608696,54690.269989448876,48453.22228794411,54553.0,,54690.269989448876,41380.22001478285,52938.58999648296,52127.693273792866,54183.78610302803
store_55,2015-04-20,2015-03-23,39566.0,41307.0,49572.5,41011.73043478261,41259.59717770807,48453.22228794411,34611.0,,41259.59717770807,36602.1499857764,41814.36572590269,41305.41330747866,40661.529431188115
store_55,2015-04-27,2015-03-23,56592.0,41307.0,49572.5,40937.913043478264,55863.974440669306,48453.22228794411,56010.0,,55863.974440669306,41734.944253155954,53815.4914802231,53016.59160554754,55306.417071075346
store_55,2015-05-04,2015-03-23,58695.0,41307.0,49572.5,40864.09565217391,57434.54020083105,48453.22228794411,58408.0,,57434.54020083105,42291.33687727844,55138.34673361035,54287.917516961126,56901.34028393772
store_55,2015-05-11,2015-03-23,40240.0,41307.0,49572.5,40790.27826086956,40459.00651282622,48453.22228794411,43120.0,,40459.00651282622,37671.715294519985,44383.835504275405,42250.84379622188,41860.574087798144
store_55,2015-05-18,2015-03-23,57161.0,41307.0,49572.5,40716.46086956522,56052.53361955946,48453.22228794411,51386.0,,56052.53361955946,41069.67382529554,52337.01120651981,52343.52705853998,54482.31984218685
store_55,2015-04-27,2015-04-20,56592.0,39566.0,49224.333333333336,39480.033613445376,55542.858995418545,48464.502708387765,56010.0,,55542.858995418545,41183.961235797855,53592.39744291729,52610.951309628246,55049.16809509376
store_55,2015-05-04,2015-04-20,58695.0,39566.0,49224.333333333336,39394.06722689076,57097.14033276324,48464.502708387765,58408.0,,57097.14033276324,41736.291943053584,54909.82455536552,53872.4036209604,56632.69513116045
store_55,2015-05-11,2015-04-20,40240.0,39566.0,49224.333333333336,39308.100840336134,40053.34162155268,48464.502708387765,43120.0,,40053.34162155268,37105.18264337284,44132.558318295334,41796.35495058159,41544.15565609322
store_55,2015-05-18,2015-04-20,57161.0,39566.0,49224.333333333336,39222.13445378151,55709.034722212426,48464.502708387765,51386.0,,55709.034722212426,40510.286459673574,52106.45601851525,51923.08509437412,54209.40646223757
store_55,2015-05-25,2015-04-20,42640.0,39566.0,49224.333333333336,39136.16806722689,40510.46940430839,48464.502708387765,39938.0,,40510.46940430839,36691.35335903663,43224.267579213905,41515.24792972964,41206.15516944522
store_55,2015-06-01,2015-04-20,53062.0,39566.0,49224.333333333336,39050.20168067227,52836.05305484442,48464.502708387765,62067.0,,52836.05305484442,41601.155825319685,54709.128796059245,52070.63243796891,54407.23004669133
store_55,2015-06-08,2015-04-20,44768.0,39566.0,49224.333333333336,38964.23529411765,44651.54026203384,48464.502708387765,38934.0,,44651.54026203384,37114.9445139818,44269.957865122386,43656.850414471664,43896.576129199086
store_55,2015-06-15,2015-04-20,58602.0,39566.0,49224.333333333336,38878.268907563026,57126.88545298934,48464.502708387765,50529.0,,57126.88545298934,40541.28434318192,52293.40626210756,52553.69713922898,55024.45511499921
store_55,2015-05-25,2015-05-18,42640.0,57161.0,50642.0,57220.87804878049,41296.55860163922,51503.2279142722,39938.0,,41296.55860163922,42537.380652098844,43958.85286721307,44524.91765146226,41888.715103868046
store_55,2015-06-01,2015-05-18,53062.0,57161.0,50642.0,57280.756097560974,53600.47894833519,51547.66594117264,62067.0,,53600.47894833519,47471.27156958125,55436.49298277839,55080.57412610955,55074.629551830665
store_55,2015-06-08,2015-05-18,44768.0,57161.0,50642.0,57340.634146341465,45437.550930819554,51592.103968073076,38934.0,,45437.550930819554,43015.32700646201,45004.51697693985,46691.27651480228,44579.08110771749
store_55,2015-06-15,2015-05-18,58602.0,57161.0,50642.0,57400.51219512195,57896.25177673189,51636.541994973515,50529.0,,57896.25177673189,46466.47228097533,53022.41725891063,55591.20507105717,55695.31203568398
store_55,2015-06-22,2015-05-18,43438.0,57161.0,50642.0,57460.39024390244,42948.02998874546,51680.98002187395,42144.0,,42948.02998874546,43148.0571792174,45244.67666291515,45842.56007972554,43500.5599729485
store_55,2015-06-29,2015-05-18,59051.0,57161.0,50642.0,57520.26829268293,54860.88728915826,51725.41804877439,63422.0,,54860.88728915826,47904.510518659365,56308.295763052745,56038.519726728715,56236.848254618824
store_55,2015-07-06,2015-05-18,45816.0,57161.0,50642.0,57580.14634146341,44831.71892888448,51769.85607567482,41009.0,,44831.71892888448,43284.8173351461,45494.23964296149,46723.49906383727,44584.13278888257
store_55,2015-07-13,2015-05-18,54372.0,57161.0,50642.0,57640.0243902439,54231.008496585295,51814.29410257526,53424.0,,54231.008496585295,46416.04671277206,52765.66949886176,54046.24813348064,53728.86685721696
store_56,2015-02-02,2015-01-26,31744.0,30740.0,29024.166666666668,30693.271028037383,31954.70004415656,27984.091114639476,43488.0,,31954.70004415656,27697.74697907144,29654.319275154234,31488.699341976175,31058.427564964306
store_56,2015-02-09,2015-01-26,21263.0,30740.0,29024.166666666668,30646.542056074766,20776.671125205397,27984.091114639476,33076.0,,20776.671125205397,24606.78156608376,25928.309635503843,24627.17712219462,22779.08298997896
store_56,2015-02-16,2015-01-26,28379.0,30740.0,29024.166666666668,30599.81308411215,29249.503165670067,27984.091114639476,43349.0,,29249.503165670067,27278.082004441192,28752.586982325403,29915.0526745011,29054.7418290836
store_56,2015-02-23,2015-01-26,22003.0,30740.0,29024.166666666668,30553.084112149532,21752.39582112265,27984.091114639476,34722.0,,21752.39582112265,24967.962530654044,26253.551200809598,25246.52157610891,23501.78294239416
store_56,2015-03-02,2015-01-26,30865.0,30740.0,29024.166666666668,30506.355140186915,32692.556837943775,27984.091114639476,47357.0,,32692.556837943775,28329.167108490976,29900.27153974997,32050.53803497823,31604.94347461642
store_56,2015-03-09,2015-01-26,21931.0,30740.0,29024.166666666668,30459.6261682243,22044.60577054228,27984.091114639476,32764.0,,22044.60577054228,24716.64138858182,26350.954517282808,25328.996946448115,23718.217063027223
store_56,2015-03-16,2015-01-26,31629.0,30740.0,29024.166666666668,30412.89719626168,31486.372456343648,27984.091114639476,42426.0,,31486.372456343648,27439.075347701637,29498.210079216595,31151.31561437701,30711.546598598132
store_56,2015-03-23,2015-01-26,23842.0,30740.0,29024.166666666668,30366.168224299065,23110.085469871658,27984.091114639476,33705.0,,23110.085469871658,24989.930210782408,26706.114417059267,25972.160243663755,24507.39676835468
store_56,2015-03-02,2015-02-23,30865.0,22003.0,27534.666666666668,21879.243243243243,32670.269080742393,26101.35729298354,47357.0,,32670.269080742393,25363.648040519405,28768.764346797532,30117.00398680529,31150.635689761286
store_56,2015-03-09,2015-02-23,21931.0,22003.0,27534.666666666668,21755.486486486487,22026.148576723794,26101.35729298354,32764.0,,22026.148576723794,21740.665574694354,25220.72417879133,23390.723257707086,23266.746500583413
store_56,2015-03-16,2015-02-23,31629.0,22003.0,27534.666666666668,21631.72972972973,31467.701420395133,26101.35729298354,42426.0,,31467.701420395133,24452.06501568215,28367.90846001511,29205.970440729317,30259.917647524984
store_56,2015-03-23,2015-02-23,23842.0,22003.0,27534.666666666668,21507.972972972973,23091.74914334477,26101.35729298354,33705.0,,23091.74914334477,21991.963725138277,25575.92436766499,24020.059858249177,24056.015729919287
store_56,2015-03-30,2015-02-23,33525.0,22003.0,27534.666666666668,21384.216216216217,32537.883819711453,26101.35729298354,44443.0,,32537.883819711453,24857.73199936827,28724.635926453884,29880.577184102658,31052.5805495687
store_56,2015-04-06,2015-02-23,21456.0,22003.0,27534.666666666668,21260.45945945946,21410.057712888,26101.35729298354,35673.0,,21410.057712888,21997.505875999665,25015.360557512733,23106.103678305717,22810.420202970334
store_56,2015-04-13,2015-02-23,29529.0,22003.0,27534.666666666668,21136.702702702703,30950.322463071345,26101.35729298354,43588.0,,30950.322463071345,24473.43558934632,28195.448807573848,28909.052456946694,29876.705303507162
store_56,2015-04-20,2015-02-23,20692.0,22003.0,27534.666666666668,21012.945945945947,21251.022399668258,26101.35729298354,28828.0,,21251.022399668258,20961.570329323484,24962.348786439485,22720.90172009827,22692.62589707937
store_56,2015-03-30,2015-03-23,33525.0,23842.0,26798.5,23738.539130434783,32488.03575258742,26515.393298293733,44443.0,,32488.03575258742,25403.63831161656,28600.64301696038,30201.703035479466,30975.518420558095
store_56,2015-04-06,2015-03-23,21456.0,23842.0,26798.5,23635.078260869566,21353.938075622686,26515.393298293733,35673.0,,21353.938075622686,22545.415662112282,24889.277124638804,23425.44435459108,22728.71284620067
store_56,2015-04-13,2015-03-23,29529.0,23842.0,26798.5,23531.61739130435,30896.08940933014,26515.393298293733,43588.0,,30896.08940933014,25024.514299846887,28069.99423587462,29231.31162704255,29796.39530177915
store_56,2015-04-20,2015-03-23,20692.0,23842.0,26798.5,23428.15652173913,21210.250276961287,26515.393298293733,28828.0,,21210.250276961287,21517.471442427734,24841.381191751672,23052.7526952312,22622.286140297096
store_56,2015-04-27,2015-03-23,30921.0,23842.0,26798.5,23324.695652173912,31642.731157828654,26515.393298293733,43428.0,,31642.731157828654,25078.7600154709,28318.87481870746,29636.791833597254,30349.41805334927
store_56,2015-05-04,2015-03-23,31976.0,23842.0,26798.5,23221.234782608695,32300.64783304843,26515.393298293733,44922.0,,32300.64783304843,25371.396559135836,28538.18037711405,30065.97658379691,30836.723900853227
store_56,2015-05-11,2015-03-23,20350.0,23842.0,26798.5,23117.77391304348,20037.229757651083,26515.393298293733,33520.0,,20037.229757651083,21975.842424141185,24450.3743519816,22534.323121989015,21753.45308007554
store_56,2015-05-18,2015-03-23,29784.0,23842.0,26798.5,23014.31304347826,30739.05299572972,26515.393298293733,42409.0,,30739.05299572972,24759.751333928813,28017.64876467448,29047.39882463915,29680.08154123649
store_56,2015-04-27,2015-04-20,30921.0,20692.0,26404.833333333332,20565.546218487394,31614.623152626322,25788.884800148233,43428.0,,31614.623152626322,24070.555357799327,27936.11376203596,28969.235417847623,30182.886453281477
store_56,2015-05-04,2015-04-20,31976.0,20692.0,26404.833333333332,20439.092436974788,32271.39317138501,25788.884800148233,44922.0,,32271.39317138501,24359.74339169162,28155.03710162219,29395.68500529127,30669.342995060848
store_56,2015-05-11,2015-04-20,20350.0,20692.0,26404.833333333332,20312.638655462186,20008.44352443322,25788.884800148233,33520.0,,20008.44352443322,20960.971473339567,24067.387219304925,21862.227574838307,21586.419129952857
store_56,2015-05-18,2015-04-20,29784.0,20692.0,26404.833333333332,20186.18487394958,30711.103150038543,25788.884800148233,42409.0,,30711.103150038543,23741.715165352813,27634.940427840032,28373.711459503687,29513.66708678535
store_56,2015-05-25,2015-04-20,21127.0,20692.0,26404.833333333332,20059.731092436974,23445.51732461394,25788.884800148233,33830.0,,23445.51732461394,21460.138078647495,25213.07848603183,23833.376683499984,24132.191602692226
store_56,2015-06-01,2015-04-20,28060.0,20692.0,26404.833333333332,19933.277310924368,30320.482212095558,25788.884800148233,48265.0,,30320.482212095558,24486.353950928784,27504.733448525705,28357.68179804086,29224.341896549806
store_56,2015-06-08,2015-04-20,21927.0,20692.0,26404.833333333332,19806.823529411766,22893.968519564714,25788.884800148233,30454.0,,22893.968519564714,20862.930026065435,25029.228884348755,23358.813536389134,23723.670329394932
store_56,2015-06-15,2015-04-20,31497.0,20692.0,26404.833333333332,19680.36974789916,30654.69084736507,25788.884800148233,40244.0,,30654.69084736507,23352.111246963683,27616.136326948876,28209.78804865006,29471.88361176587
store_56,2015-05-25,2015-05-18,21127.0,29784.0,27208.333333333332,29735.577235772358,23367.77401341046,27108.6866318091,33830.0,,23367.77401341046,24433.481602046464,25894.931326184298,25710.491679252005,24350.646013252168
store_56,2015-06-01,2015-05-18,28060.0,29784.0,27208.333333333332,29687.154471544716,30309.200169398893,27108.6866318091,48265.0,,30309.200169398893,27480.339229440862,28208.74004484711,30280.15442120174,29492.022852044305
store_56,2015-06-08,2015-05-18,21927.0,29784.0,27208.333333333332,29638.731707317074,22793.09529300813,27108.6866318091,30454.0,,22793.09529300813,23855.26385220966,25703.371752716852,25236.670111863536,23924.992869874095
store_56,2015-06-15,2015-05-18,31497.0,29784.0,27208.333333333332,29590.308943089432,30557.033731832722,27108.6866318091,40244.0,,30557.033731832722,26356.05180572351,28291.351232325047,30096.537593885274,29675.58826196707
store_56,2015-06-22,2015-05-18,20607.0,29784.0,27208.333333333332,29541.886178861787,22657.201089406746,27108.6866318091,35138.0,,22657.201089406746,24491.158176201563,25658.073684849725,25335.151470285306,23824.338725434412
store_56,2015-06-29,2015-05-18,33982.0,29784.0,27208.333333333332,29493.463414634145,33380.02024552871,27108.6866318091,46507.0,,33380.02024552871,27640.21480361504,29232.34673689038,31963.54865185801,31766.518447144896
store_56,2015-07-06,2015-05-18,22319.0,29784.0,27208.333333333332,29445.040650406503,22616.878739117394,27108.6866318091,32783.0,,22616.878739117394,24135.134193523758,25644.63290141994,25209.868138413076,23794.472759391614
store_56,2015-07-13,2015-05-18,32096.0,29784.0,27208.333333333332,29396.61788617886,32443.650110119335,27108.6866318091,43960.0,,32443.650110119335,27128.755423062947,28920.22335842059,31314.033027275873,31072.96763805401
store_57,2015-02-02,2015-01-26,44156.0,47376.0,39702.0,47448.42056074766,43830.97319427847,37372.68919040804,44683.0,,43830.97319427847,37201.86899220488,41962.220794895504,43634.45796643845,43392.30142451282
store_57,2015-02-09,2015-01-26,30177.0,47376.0,39702.0,47520.84112149533,32258.276743015012,37480.87502572692,27999.0,,32258.276743015012,33190.99898431961,32579.383922913978,34500.406325356096,31972.28586700191
store_57,2015-02-16,2015-01-26,41964.0,47376.0,39702.0,47593.26168224299,39973.01794632345,37589.0608610458,38938.0,,39973.01794632345,35881.620069944605,38833.35960245642,40584.00683576274,39568.900532425214
store_57,2015-02-23,2015-01-26,30310.0,47376.0,39702.0,47665.68224299065,29729.53296704449,37697.24669636468,26999.0,,29729.53296704449,32738.494558057115,31475.259887803055,32906.740977594796,29969.346914241807
store_57,2015-03-02,2015-01-26,45545.0,47376.0,39702.0,47738.102803738315,45759.95081825598,37805.43253168356,40002.0,,45759.95081825598,36911.92659338255,41189.127783313175,44137.427159247556,43997.9803931766
store_57,2015-03-09,2015-01-26,28892.0,47376.0,39702.0,47810.52336448598,30653.49703903372,37913.61836700243,24292.0,,30653.49703903372,32535.376967217446,30953.038468678715,33081.953353606856,30176.873363616174
store_57,2015-03-16,2015-01-26,42710.0,47376.0,39702.0,47882.943925233645,43004.26849828811,38021.80420232131,36127.0,,43004.26849828811,36016.28808940615,39051.024233536475,41998.50289093465,41313.66252830412
store_57,2015-03-23,2015-01-26,29859.0,47376.0,39702.0,47955.36448598131,30993.904855029752,38129.99003764019,25065.0,,30993.904855029752,32746.037054093034,31396.29829755665,33416.53427735103,30583.553579367785
store_57,2015-03-02,2015-02-23,45545.0,30310.0,38315.583333333336,30226.063063063062,45933.67911944573,37866.2871349078,40002.0,,45933.67911944573,31807.658950107132,41267.32208478451,41946.379549812744,44130.19173696204
store_57,2015-03-09,2015-02-23,28892.0,30310.0,38315.583333333336,30142.126126126128,30765.797762642476,37932.99582256555,24292.0,,30765.797762642476,27394.07186352393,30996.93119506934,30842.162911759304,30260.508540245683
store_57,2015-03-16,2015-02-23,42710.0,30310.0,38315.583333333336,30058.18918918919,43210.66223468965,37999.704510223295,36127.0,,43210.66223468965,30860.16275249078,39112.455581637645,39800.687361359305,41462.0863188989
store_57,2015-03-23,2015-02-23,29859.0,30310.0,38315.583333333336,29974.252252252252,31102.17043664176,38066.41319788104,25065.0,,31102.17043664176,27547.63131715834,31411.19454484093,31148.56785881564,30656.648777984512
store_57,2015-03-30,2015-02-23,46616.0,30310.0,38315.583333333336,29890.315315315314,46120.82788042308,38133.121885538785,40048.0,,46120.82788042308,31831.121202087215,41433.98325532062,42060.51624366776,44299.30881265997
store_57,2015-04-06,2015-02-23,25426.0,30310.0,38315.583333333336,29806.37837837838,25442.841768583996,38199.83057319654,26147.0,,25442.841768583996,26888.804864784608,29929.89078059351,28001.956409366925,26737.75176080486
store_57,2015-04-13,2015-02-23,41383.0,30310.0,38315.583333333336,29722.441441441442,41881.189285073444,38266.53926085428,39245.0,,41881.189285073444,31105.8219029575,39797.57618197591,39471.326691758884,41076.99008483518
store_57,2015-04-20,2015-02-23,29010.0,30310.0,38315.583333333336,29638.504504504504,30717.74452349973,38333.24794851203,21253.0,,30717.74452349973,26938.29718712137,30101.33082400392,30375.24394460942,29716.75704911008
store_57,2015-03-30,2015-03-23,46616.0,29859.0,37920.416666666664,29774.06086956522,46373.69671076414,37984.47541805292,40048.0,,46373.69671076414,31708.521380721275,41468.724042939015,42132.21998198656,44470.0183569779
store_57,2015-04-06,2015-03-23,25426.0,29859.0,37920.416666666664,29689.121739130434,25684.93777035791,38049.14026571041,26147.0,,25684.93777035791,26764.230920266487,29960.359345356104,28067.163094285068,26900.421371331486
store_57,2015-04-13,2015-03-23,41383.0,29859.0,37920.416666666664,29604.182608695653,41430.78352287146,38113.805113367904,39245.0,,41430.78352287146,30881.883987371668,39596.52954541312,39132.372506812506,40734.68201615133
store_57,2015-04-20,2015-03-23,29010.0,29859.0,37920.416666666664,29519.24347826087,30096.47950927147,38178.469961025396,21253.0,,30096.47950927147,26689.51565931777,29842.649823432286,29936.411635267294,29249.716058829883
store_57,2015-04-27,2015-03-23,47411.0,29859.0,37920.416666666664,29434.304347826088,46611.03390863495,38243.13480868288,40480.0,,46611.03390863495,31792.555675972937,41778.05623910594,42330.213973627346,44744.243355551946
store_57,2015-05-04,2015-03-23,46374.0,29859.0,37920.416666666664,29349.365217391303,46753.68885159286,38307.79965634037,45263.0,,46753.68885159286,32493.32434171303,43441.496169311074,43099.69665433227,45712.52269219144
store_57,2015-05-11,2015-03-23,28118.0,29859.0,37920.416666666664,29264.426086956522,28174.27337653393,38372.464503997864,25768.0,,28174.27337653393,27051.225804879283,30771.579293510593,29461.694398638123,28676.591474498604
store_57,2015-05-18,2015-03-23,42237.0,29859.0,37920.416666666664,29179.486956521738,42690.64277227298,38437.129351655356,39079.0,,42690.64277227298,31023.66796387382,40068.924041309445,39840.318984912585,41652.86629945906
store_57,2015-04-27,2015-04-20,47411.0,29010.0,36337.333333333336,28920.78151260504,46522.592435390594,38018.35922219478,40480.0,,46522.592435390594,31327.00950050339,41673.65055252845,42060.32019592071,44659.185614787304
store_57,2015-05-04,2015-04-20,46374.0,29010.0,36337.333333333336,28831.563025210085,46718.11027399834,38079.9703110218,45263.0,,46718.11027399834,32034.28242050908,43353.693528340045,42860.14468447871,45665.71897103613
store_57,2015-05-11,2015-04-20,28118.0,29010.0,36337.333333333336,28742.344537815126,28058.46229502932,38141.58139984883,25768.0,,28058.46229502932,26579.67450943237,30656.01456495938,29174.84747839876,28571.023553030194
store_57,2015-05-18,2015-04-20,42237.0,29010.0,36337.333333333336,28653.126050420167,42604.80136179119,38203.19248867586,39079.0,,42604.80136179119,30555.350462031507,39962.33128348902,39570.45987417961,41568.86466903129
store_57,2015-05-25,2015-04-20,31179.0,29010.0,36337.333333333336,28563.907563025212,30013.758272686573,38264.803577502884,27628.0,,30013.758272686573,27116.82896379257,31968.853950063152,30580.288388035602,30341.399542359984
store_57,2015-06-01,2015-04-20,42316.0,29010.0,36337.333333333336,28474.689075630253,41165.725014841744,38326.41466632991,45044.0,,41165.725014841744,31194.023155733605,41512.04656039055,39585.43054485243,41601.64946445366
store_57,2015-06-08,2015-04-20,31363.0,29010.0,36337.333333333336,28385.470588235294,29896.115086960082,38388.02575515694,26668.0,,29896.115086960082,26954.992109097948,31650.713614039007,30371.56615063238,30094.648094344244
store_57,2015-06-15,2015-04-20,47038.0,29010.0,36337.333333333336,28296.252100840335,44741.17110689103,38449.636843983964,39501.0,,44741.17110689103,30905.056197864094,40897.26931695833,40872.77900586077,43224.452069575855
store_57,2015-05-25,2015-05-18,31179.0,42237.0,37798.416666666664,42258.21951219512,29992.083559017563,38487.57230897617,27628.0,,29992.083559017563,31200.184578122215,32035.885289331243,32399.941112123157,30346.005643775166
store_57,2015-06-01,2015-05-18,42316.0,42237.0,37798.416666666664,42279.439024390245,41231.59055328594,38551.78625037712,45044.0,,41231.59055328594,35306.033213531424,41609.12560122102,41463.30965510465,41670.305354449454
store_57,2015-06-08,2015-05-18,31363.0,42237.0,37798.416666666664,42300.65853658537,29723.366501301076,38616.00019177806,26668.0,,29723.366501301076,31049.06312804731,31669.122231026377,32117.420379623087,29989.60763665259
store_57,2015-06-15,2015-05-18,47038.0,42237.0,37798.416666666664,42321.87804878049,44640.35443040682,38680.21413317901,39501.0,,44640.35443040682,35025.55189700471,40940.52285452861,42667.7550152129,43172.083894909934
store_57,2015-06-22,2015-05-18,30328.0,42237.0,37798.416666666664,42343.09756097561,29373.876892064836,38744.428074579955,28093.0,,29373.876892064836,31227.117027755296,32070.434988881592,32130.296136040743,30002.349740171307
store_57,2015-06-29,2015-05-18,47742.0,42237.0,37798.416666666664,42364.31707317073,44870.185315638286,38808.642015980906,46214.0,,44870.185315638286,36041.794438779514,43297.60911053973,43777.97351058113,44556.11250745844
store_57,2015-07-06,2015-05-18,32029.0,42237.0,37798.416666666664,42385.53658536585,32399.624651186197,38872.85595738185,30033.0,,32399.624651186197,31960.919122942934,33768.493536189344,34185.96365016322,32567.851960166307
store_57,2015-07-13,2015-05-18,43894.0,42237.0,37798.416666666664,42406.756097560974,41629.46348453864,38937.0698987828,38458.0,,41629.46348453864,34495.24373536415,39674.844461107146,40785.85200893832,40813.6812696102
store_58,2015-02-02,2015-01-26,40996.0,36804.0,36432.416666666664,36756.84112149533,41728.0,34599.73015154089,42121.0,,41728.0,32634.569705671838,39482.91005051363,40156.89801873416,41134.35814345083
store_58,2015-02-09,2015-01-26,28749.0,36804.0,36432.416666666664,36709.68224299065,29952.0,34599.73015154089,29572.0,,29952.0,29152.832723028314,31374.576717180295,31684.328634811238,30299.499691921887
store_58,2015-02-16,2015-01-26,35797.0,36804.0,36432.416666666664,36662.52336448598,35200.0,34599.73015154089,39009.0,,35200.0,31243.95288324193,36269.576717180295,36416.0564701984,36357.085959268166
store_58,2015-02-23,2015-01-26,27607.0,36804.0,36432.416666666664,36615.36448598131,24704.0,34599.73015154089,28112.0,,24704.0,28181.07304345555,29138.576717180295,28936.020838647226,26791.99001498106
store_58,2015-03-02,2015-01-26,40626.0,36804.0,36432.416666666664,36568.20560747664,40960.0,34599.73015154089,39274.0,,40960.0,32091.19320366917,38277.91005051363,39084.45147181286,39779.24100058568
store_58,2015-03-09,2015-01-26,28863.0,36804.0,36432.416666666664,36521.04672897196,28160.0,34599.73015154089,28215.0,,28160.0,28676.027649597072,30324.91005051363,30520.425653521856,28827.381035376093
store_58,2015-03-16,2015-01-26,37486.0,36804.0,36432.416666666664,36473.88785046729,37888.0,34599.73015154089,37999.0,,37888.0,31456.71923838212,36828.91005051363,37367.908435938334,37591.68261575794
store_58,2015-03-23,2015-01-26,29369.0,36804.0,36432.416666666664,36426.72897196261,29184.0,34599.73015154089,28751.0,,29184.0,28885.410827167165,30844.91005051363,31111.547834515848,29592.051493793035
store_58,2015-03-02,2015-02-23,40626.0,27607.0,35026.75,27478.684684684686,40832.0,34557.58478751388,39274.0,,40832.0,29253.717067456935,38221.19492917129,37624.657972164416,39700.822999670345
store_58,2015-03-09,2015-02-23,28863.0,27607.0,35026.75,27350.369369369368,28160.0,34557.58478751388,28215.0,,28160.0,25845.24345098332,30310.86159583796,29112.928559036067,28823.128372218285
store_58,2015-03-16,2015-02-23,37486.0,27607.0,35026.75,27222.054054054053,37888.0,34557.58478751388,37999.0,,37888.0,28614.341263081133,36814.86159583795,35954.735015052756,37587.429952600134
store_58,2015-03-23,2015-02-23,29369.0,27607.0,35026.75,27093.73873873874,29056.0,34557.58478751388,28751.0,,29056.0,26013.15336089323,30788.194929171288,29634.72535566802,29513.633492877696
store_58,2015-03-30,2015-02-23,41251.0,27607.0,35026.75,26965.423423423425,37632.0,34557.58478751388,42014.0,,37632.0,29114.679744419613,38067.86159583796,36824.11959653514,38722.609056510664
store_58,2015-04-06,2015-02-23,26830.0,27607.0,35026.75,26837.108108108107,28288.0,34557.58478751388,30423.0,,28288.0,26105.63469937457,31089.528262504624,29686.743537959497,29603.144168997413
store_58,2015-04-13,2015-02-23,38127.0,27607.0,35026.75,26708.792792792792,39424.0,34557.58478751388,39712.0,,39424.0,29005.16108290095,37897.86159583795,37042.558039837604,39025.0235330021
store_58,2015-04-20,2015-02-23,28161.0,27607.0,35026.75,26580.477477477478,28416.0,34557.58478751388,24415.0,,28416.0,25228.97318071305,29129.528262504624,28225.470699409427,27756.68017804039
store_58,2015-03-30,2015-03-23,41251.0,29369.0,34214.083333333336,29260.46956521739,37632.0,34537.62900546652,42014.0,,37632.0,29575.311700573893,38061.20966848884,37045.602820407825,38720.59542533064
store_58,2015-04-06,2015-03-23,26830.0,29369.0,34214.083333333336,29151.93913043478,27392.0,34537.62900546652,30423.0,,27392.0,26441.09306703352,30784.20966848884,29503.801455218265,29081.97317351467
store_58,2015-04-13,2015-03-23,38127.0,29369.0,34214.083333333336,29043.408695652175,39424.0,34537.62900546652,39712.0,,39424.0,29471.445862064575,37891.20966848884,37266.808892356836,39023.009901822086
store_58,2015-04-20,2015-03-23,28161.0,29369.0,34214.083333333336,28934.878260869566,27264.0,34537.62900546652,24415.0,,27264.0,25533.512942809917,28738.876335155506,27929.350782189835,27087.17850704259
store_58,2015-04-27,2015-03-23,36646.0,29369.0,34214.083333333336,28826.347826086956,35712.0,34537.62900546652,37649.0,,35712.0,28615.4371664124,35966.20966848884,35054.909503719915,36212.71805207036
store_58,2015-05-04,2015-03-23,40902.0,29369.0,34214.083333333336,28717.817391304347,39936.0,34537.62900546652,40864.0,,39936.0,29662.6471043006,38445.87633515551,37763.79200029299,39687.94105755913
store_58,2015-05-11,2015-03-23,26173.0,29369.0,34214.083333333336,28609.28695652174,26624.0,34537.62900546652,27333.0,,26624.0,25812.428470760227,29498.20966848884,28345.87238554061,27649.17411871916
store_58,2015-05-18,2015-03-23,38754.0,29369.0,34214.083333333336,28500.75652173913,36608.0,34537.62900546652,36088.0,,36608.0,28473.924122934142,35744.543001822174,35047.87868594685,36232.85704384922
store_58,2015-04-27,2015-04-20,36646.0,28161.0,33655.166666666664,28045.96638655462,35328.0,34507.19556273998,37649.0,,35328.0,28192.332659423035,35828.065187579996,34694.90556511379,35987.151162946146
store_58,2015-05-04,2015-04-20,40902.0,28161.0,33655.166666666664,27930.932773109245,40704.0,34507.19556273998,40864.0,,40704.0,29403.18500035941,38691.73185424666,37925.08779378433,40129.8622082527
store_58,2015-05-11,2015-04-20,26173.0,28161.0,33655.166666666664,27815.899159663866,27392.0,34507.19556273998,27333.0,,27392.0,25552.037341295785,29744.065187579992,28506.71332706732,28091.095269412726
store_58,2015-05-18,2015-04-20,38754.0,28161.0,33655.166666666664,27700.865546218487,37632.0,34507.19556273998,36088.0,,37632.0,28249.175396517876,36075.73185424666,35324.21023863384,36823.10887005785
store_58,2015-05-25,2015-04-20,26591.0,28161.0,33655.166666666664,27585.831932773108,26624.0,34507.19556273998,26343.0,,26624.0,25268.02773745425,29158.065187579992,27895.401338058502,27329.621379447526
store_58,2015-06-01,2015-04-20,38358.0,28161.0,33655.166666666664,27470.798319327732,38144.0,34507.19556273998,41056.0,,38144.0,28999.165792676336,37902.398520913324,36781.42747211385,38707.93375388656
store_58,2015-06-08,2015-04-20,31707.0,28161.0,33655.166666666664,27355.764705882353,29696.0,34507.19556273998,26453.0,,29696.0,25689.732419326996,30218.73185424666,29298.142409980188,29144.7541371194
store_58,2015-06-15,2015-04-20,42204.0,28161.0,33655.166666666664,27240.731092436974,40960.0,34507.19556273998,36589.0,,40960.0,28730.441903120514,37352.06518757999,36924.50936360317,38911.56665536318
store_58,2015-05-25,2015-05-18,26591.0,38754.0,34432.333333333336,38728.829268292684,26880.0,34537.68326352396,26343.0,,26880.0,28525.120837878567,29253.56108784132,29606.606367842105,27481.028405704445
store_58,2015-06-01,2015-05-18,38358.0,38754.0,34432.333333333336,38703.65853658537,38144.0,34537.68326352396,41056.0,,38144.0,32232.525019063236,37912.56108784132,38382.97232023656,38711.01010462841
store_58,2015-06-08,2015-05-18,31707.0,38754.0,34432.333333333336,38678.48780487805,30464.0,34537.68326352396,26453.0,,30464.0,29045.64348596219,30484.894421174653,31253.80892894163,29592.822514406438
store_58,2015-06-15,2015-05-18,42204.0,38754.0,34432.333333333336,38653.31707317073,41472.0,34537.68326352396,36589.0,,41472.0,32062.619095718288,37532.89442117466,38770.515700903714,39211.304357135166
store_58,2015-06-22,2015-05-18,29349.0,38754.0,34432.333333333336,38628.14634146341,28672.0,34537.68326352396,29340.0,,28672.0,29194.8804197601,30849.894421174653,31160.08138599611,29477.42004811773
store_58,2015-06-29,2015-05-18,44015.0,38754.0,34432.333333333336,38602.9756097561,42496.0,34537.68326352396,44122.0,,42496.0,33277.856029516195,40385.227754507985,41113.14388497596,42212.76632903675
store_58,2015-07-06,2015-05-18,30772.0,38754.0,34432.333333333336,38577.80487804878,31232.0,34537.68326352396,30250.0,,31232.0,29683.403067843723,32006.56108784132,32543.408359364614,31251.634374694833
store_58,2015-07-13,2015-05-18,39478.0,38754.0,34432.333333333336,38552.634146341465,38144.0,34537.68326352396,37828.0,,38144.0,31749.807249028392,36836.56108784132,37565.78743973048,37679.087422689234
store_59,2015-02-02,2015-01-26,49255.0,46674.0,44445.416666666664,46655.63551401869,49774.8572113191,40871.74995510593,48929.0,,49774.8572113191,39621.52276387291,46525.20238880834,48050.008007351054,48647.70768083499
store_59,2015-02-09,2015-01-26,33764.0,46674.0,44445.416666666664,46637.27102803739,34086.38786041703,40871.74995510593,34216.0,,34086.38786041703,35275.83221574671,36391.37927184098,37187.34043321181,34809.77299069731
store_59,2015-02-16,2015-01-26,47939.0,46674.0,44445.416666666664,46618.90654205607,47427.07606682905,40871.74995510593,46098.0,,47427.07606682905,38876.44989009396,44798.94200731166,46292.01512863068,46411.13914760425
store_59,2015-02-23,2015-01-26,34558.0,46674.0,44445.416666666664,46600.542056074766,33489.57387098419,40871.74995510593,33080.0,,33489.57387098419,35023.04036411879,35813.77460869671,36652.51084886464,34131.57004315904
store_59,2015-03-02,2015-01-26,49612.0,46674.0,44445.416666666664,46582.17757009346,48292.47710285476,40871.74995510593,50006.0,,48292.47710285476,39553.11732781726,46390.07568598689,47528.76045882142,47990.00309537916
store_59,2015-03-09,2015-01-26,34315.0,46674.0,44445.416666666664,46563.81308411215,31956.077653635304,40871.74995510593,32623.0,,31956.077653635304,34733.43676564572,35150.27586958041,35791.16857859054,33037.37510552326
store_59,2015-03-16,2015-01-26,47576.0,46674.0,44445.416666666664,46545.44859813084,46868.44298786532,40871.74995510593,43751.0,,46868.44298786532,38450.86545825268,43830.39764765708,45523.359644270015,45438.22561613122
store_59,2015-03-23,2015-01-26,32079.0,46674.0,44445.416666666664,46527.08411214953,30995.7577760917,40871.74995510593,30897.0,,30995.7577760917,34344.42978714483,34254.83591039921,34953.181673796134,31972.935964167707
store_59,2015-03-02,2015-02-23,49612.0,34558.0,42899.25,34431.14414414414,48751.79790540098,40893.16903067847,50006.0,,48751.79790540098,35934.19444003194,46550.32231202648,45966.202866209445,48283.86512637469
store_59,2015-03-09,2015-02-23,34315.0,34558.0,42899.25,34304.28828828829,32156.877217815043,40893.16903067847,32623.0,,32156.877217815043,31062.08350525454,35224.34874949783,34092.34729494847,33167.06624316925
store_59,2015-03-16,2015-02-23,47576.0,34558.0,42899.25,34177.43243243243,46958.28543864726,40893.16903067847,43751.0,,46958.28543864726,34748.16241453688,43867.48482310858,43761.826894067905,45497.45473469861
store_59,2015-03-23,2015-02-23,32079.0,34558.0,42899.25,34050.576576576575,31039.26339678068,40893.16903067847,30897.0,,31039.26339678068,30619.608429147956,34276.477475819716,33161.14694957807,32002.739419917536
store_59,2015-03-30,2015-02-23,51673.0,34558.0,42899.25,33923.72072072072,48076.36862017911,40893.16903067847,48178.0,,48076.36862017911,35504.07262451119,45715.84588361919,45217.00101266085,47373.477353196206
store_59,2015-04-06,2015-02-23,31833.0,34558.0,42899.25,33796.86486486487,31201.227846892067,40893.16903067847,34559.0,,31201.227846892067,31129.644534633626,35551.132292523514,33981.602641610065,33070.10193791373
store_59,2015-04-13,2015-02-23,49853.0,34558.0,42899.25,33670.00900900901,49269.923208331784,40893.16903067847,44897.0,,49269.923208331784,35169.621606859895,45020.03074633675,45116.32035454483,47267.27032867549
store_59,2015-04-20,2015-02-23,32768.0,34558.0,42899.25,33543.15315315315,31437.135640590594,40893.16903067847,27404.0,,31437.135640590594,30104.95826063174,33244.76822375636,32602.71910592766,31335.40639914825
store_59,2015-03-30,2015-03-23,51673.0,32079.0,42032.916666666664,31935.0,48392.838361504604,40893.169766255916,48178.0,,48392.838361504604,34787.274970632454,45821.33604258684,44999.37536334459,47574.44784133181
store_59,2015-04-06,2015-03-23,31833.0,32079.0,42032.916666666664,31791.0,31331.883478016993,40893.169766255916,34559.0,,31331.883478016993,30383.852844419936,35594.684414757634,33670.18907470944,33153.07334534969
store_59,2015-04-13,2015-03-23,49853.0,32079.0,42032.916666666664,31647.0,49401.499044214,40893.169766255916,44897.0,,49401.499044214,34421.51221101951,45063.889603489966,44804.19518012473,47350.82610139618
store_59,2015-04-20,2015-03-23,32768.0,32079.0,42032.916666666664,31503.0,31573.959594065003,40893.169766255916,27404.0,,31573.959594065003,29355.149432426795,33290.3764534403,32292.039539479236,31422.294927657054
store_59,2015-04-27,2015-03-23,47232.0,32079.0,42032.916666666664,31359.0,44761.71095235967,40893.169766255916,44060.0,,44761.71095235967,33597.97105504032,43238.29357287186,42298.83584663158,44183.93120968158
store_59,2015-05-04,2015-03-23,52658.0,32079.0,42032.916666666664,31215.0,52527.65223502311,40893.169766255916,48349.0,,52527.65223502311,35299.53409542081,47256.607333759675,47046.54499312904,50245.25161317783
store_59,2015-05-11,2015-03-23,33662.0,32079.0,42032.916666666664,31071.0,34184.62989984593,40893.169766255916,34019.0,,34184.62989984593,30611.388047538356,36365.59988870061,34931.33700476606,34822.449775402354
store_59,2015-05-18,2015-03-23,50476.0,32079.0,42032.916666666664,30927.0,49177.567679789776,40893.169766255916,45882.0,,49177.567679789776,34427.37915895891,45317.57914868189,44847.059158424425,47468.053449839674
store_59,2015-04-27,2015-04-20,47232.0,32768.0,41268.75,32634.63025210084,45436.40277525894,40909.87171093318,44060.0,,45436.40277525894,33868.236391184706,43468.758162064034,42712.61780111416,44614.08293251191
store_59,2015-05-04,2015-04-20,52658.0,32768.0,41268.75,32501.26050420168,52828.88570043505,40909.87171093318,48349.0,,52828.88570043505,35517.96684508141,47362.58580378941,47274.905079466844,50438.24296742508
store_59,2015-05-11,2015-04-20,33662.0,32768.0,41268.75,32367.89075630252,34391.40288562317,40909.87171093318,34019.0,,34391.40288562317,30817.845050408407,36440.09153218545,35113.339609664436,34955.45510519048
store_59,2015-05-18,2015-04-20,50476.0,32768.0,41268.75,32234.52100840336,49274.4390957801,40909.87171093318,45882.0,,49274.4390957801,34619.65454501666,45355.436935571095,44975.00778702612,47531.267071192386
store_59,2015-05-25,2015-04-20,34262.0,32768.0,41268.75,32101.1512605042,32431.497964184688,40909.87171093318,32218.0,,32431.497964184688,30242.467276517436,35186.45655837262,33745.91160066225,33236.48742315994
store_59,2015-06-01,2015-04-20,48733.0,32768.0,41268.75,31967.78151260504,46859.45492447148,40909.87171093318,52575.0,,46859.45492447148,35192.69402114424,46781.44221180155,45136.71147525878,47760.48261532987
store_59,2015-06-08,2015-04-20,38367.0,32768.0,41268.75,31834.41176470588,38259.77674989864,40909.87171093318,31485.0,,38259.77674989864,30932.25860364824,36884.88282027727,36481.23236081303,36744.607995005164
store_59,2015-06-15,2015-04-20,52487.0,32768.0,41268.75,31701.04201680672,51561.589167701124,40909.87171093318,44725.0,,51561.589167701124,34704.893270777284,45732.15362621143,45839.41834062786,48678.960776223474
store_59,2015-05-25,2015-05-18,34262.0,50476.0,42811.416666666664,50490.93495934959,32996.328058146406,41075.43539390144,32218.0,,32996.328058146406,35724.01643972344,35429.92115068261,36649.22157747635,33611.993902840935
store_59,2015-06-01,2015-05-18,48733.0,50476.0,42811.416666666664,50505.86991869919,47186.85024626046,41075.43539390144,52575.0,,47186.85024626046,40661.51031793253,46945.761880053964,47931.797311192306,47985.20891576468
store_59,2015-06-08,2015-05-18,38367.0,50476.0,42811.416666666664,50520.80487804878,38341.321668119235,41075.43539390144,31485.0,,38341.321668119235,36387.1398009623,36967.252354006894,39163.89934790699,36813.20986775581
store_59,2015-06-15,2015-05-18,52487.0,50476.0,42811.416666666664,50535.739837398374,51636.44517631928,41075.43539390144,44725.0,,51636.44517631928,40180.00529632653,45812.2935234069,48528.8747206721,48743.31493504583
store_59,2015-06-22,2015-05-18,35571.0,50476.0,42811.416666666664,50550.67479674797,35171.55604088241,41075.43539390144,33363.0,,35171.55604088241,36206.868985456924,36536.66381159461,37974.23101772634,35294.92067155077
store_59,2015-06-29,2015-05-18,55597.0,50476.0,42811.416666666664,50565.60975609756,48422.46236236407,41075.43539390144,55457.0,,48422.46236236407,41258.27488271853,48318.2992520885,49147.55189323968,49528.94003343111
store_59,2015-07-06,2015-05-18,39045.0,50476.0,42811.416666666664,50580.544715447155,36642.46245293089,41075.43539390144,36671.0,,36642.46245293089,36893.83703270659,38129.632615610775,39393.294189430766,37100.27388151587
store_59,2015-07-13,2015-05-18,49993.0,50476.0,42811.416666666664,50595.47967479675,48431.84451638799,41075.43539390144,46004.0,,48431.84451638799,39913.4537502504,45170.42663676314,47200.05096067119,47045.13768562177
store_6,2015-02-02,2015-01-26,35267.0,34757.0,34304.833333333336,34761.542056074766,36767.59681622312,34020.23161477489,35813.0,,36767.59681622312,30060.6005457723,35628.47671651882,35790.004415168296,36261.19785795867
store_6,2015-02-09,2015-01-26,29916.0,34757.0,34304.833333333336,34766.08411214953,31806.61639970533,34055.64078999078,28699.0,,31806.61639970533,28341.310662168424,31603.483244346222,32327.5962507239,31530.40807510092
store_6,2015-02-16,2015-01-26,37758.0,34757.0,34304.833333333336,34770.6261682243,37508.748568473275,34091.049965206665,34928.0,,37508.748568473275,30051.465433605365,35580.5273006022,36038.726895354426,36590.48635932795
store_6,2015-02-23,2015-01-26,30018.0,34757.0,34304.833333333336,34775.168224299065,31435.480573881527,34126.45914042255,30336.0,,31435.480573881527,28533.563038848064,32025.43796907162,32383.75397985463,31596.872868097802
store_6,2015-03-02,2015-01-26,36779.0,34757.0,34304.833333333336,34779.71028037383,37855.94014746973,34161.86831563843,36196.0,,37855.94014746973,30293.62172525933,36118.92449360102,36398.11303621552,37070.81513946712
store_6,2015-03-09,2015-01-26,31912.0,34757.0,34304.833333333336,34784.2523364486,31794.64427629165,34197.277490854314,29856.0,,31794.64427629165,28527.715348132555,31985.159203208328,32500.871094200185,31746.538618665843
store_6,2015-03-16,2015-01-26,37950.0,34757.0,34304.833333333336,34788.79439252336,39352.455574178566,34232.6866660702,32478.0,,39352.455574178566,29987.68142372935,35378.429635837296,36618.53956974014,37361.48366707315
store_6,2015-03-23,2015-01-26,29579.0,34757.0,34304.833333333336,34793.33644859813,29169.562935484522,34268.095841286085,28069.0,,29169.562935484522,27908.832651243152,30514.465422939284,30954.999525149207,29626.459515328206
store_6,2015-03-02,2015-02-23,36779.0,30018.0,32754.833333333332,29979.684684684686,36954.08939318486,34021.04163996619,36196.0,,36954.08939318486,28560.52129302415,35301.6409088394,34964.93112453515,36259.151155448286
store_6,2015-03-09,2015-02-23,31912.0,30018.0,32754.833333333332,29941.369369369368,30799.950180309002,34054.634544934,29856.0,,30799.950180309002,26774.96963256367,31136.92783788078,31017.862851042966,30872.14035110689
store_6,2015-03-16,2015-02-23,37950.0,30018.0,32754.833333333332,29903.054054054053,38416.25306814038,34088.22744990182,32478.0,,38416.25306814038,28236.90970077565,34549.6954671579,35160.62634912532,36526.6081904994
store_6,2015-03-23,2015-02-23,29579.0,30018.0,32754.833333333332,29864.73873873874,28196.850977982052,34121.82035486963,28069.0,,28196.850977982052,26146.463343560536,29673.561437105127,29475.149180708835,28766.914587632033
store_6,2015-03-30,2015-02-23,32132.0,30018.0,32754.833333333332,29826.423423423425,31747.353062547794,34155.41325983744,38543.0,,31747.353062547794,28149.289011306,34348.39546529371,32719.951941156418,33195.79275007429
store_6,2015-04-06,2015-02-23,24839.0,30018.0,32754.833333333332,29788.108108108107,23735.860261370886,34189.00616480526,27085.0,,23735.860261370886,25367.25826680251,27858.56453156807,27126.66637533361,25561.927673672268
store_6,2015-04-13,2015-02-23,39635.0,30018.0,32754.833333333332,29749.792792792792,36954.08939318486,34222.599069773074,30572.0,,36954.08939318486,27753.04494129772,33426.97424217273,34165.594500990235,35169.2514916601
store_6,2015-04-20,2015-02-23,30788.0,30018.0,32754.833333333332,29711.477477477478,30425.636279520382,34256.19197474089,24954.0,,30425.636279520382,26017.162723581725,29378.156537617906,30135.73048554242,29669.23618457893
store_6,2015-03-30,2015-03-23,32132.0,29579.0,33304.083333333336,29538.2,32322.826363863584,34145.80637768482,38543.0,,32322.826363863584,28204.702296411677,34723.303232398976,32993.49207338662,33656.32027526405
store_6,2015-04-06,2015-03-23,24839.0,29579.0,33304.083333333336,29497.4,24324.823300895558,34179.210062941886,27085.0,,24324.823300895558,25424.2166710244,28237.968878076295,27406.65303081849,26031.570220426347
store_6,2015-04-13,2015-03-23,39635.0,29579.0,33304.083333333336,29456.6,37523.24976062261,34212.61374819894,30572.0,,37523.24976062261,27806.792406022127,33799.777697985315,34435.54561289393,35625.5133648749
store_6,2015-04-20,2015-03-23,30788.0,29579.0,33304.083333333336,29415.8,31035.275270265323,34246.01743345601,24954.0,,31035.275270265323,26076.31086243638,29764.452867866217,30425.48950259123,30152.84947993592
store_6,2015-04-27,2015-03-23,35022.0,29579.0,33304.083333333336,29375.0,34214.28101537243,34279.42111871307,34862.0,,34214.28101537243,27944.826495345547,34126.78811623526,33405.77826213614,34221.01978934445
store_6,2015-05-04,2015-03-23,38848.0,29579.0,33304.083333333336,29334.2,38038.26941425186,34312.824803970136,38381.0,,38038.26941425186,28992.76822165076,36574.45091586173,35798.21332327957,37486.85276470027
store_6,2015-05-11,2015-03-23,28220.0,29579.0,33304.083333333336,29293.4,28440.353338872752,34346.2284892272,29185.0,,28440.353338872752,26306.866451633327,30309.812224068693,29740.483869863867,29219.403756198095
store_6,2015-05-18,2015-03-23,37538.0,29579.0,33304.083333333336,29252.6,36949.70514635365,34379.632174484264,36587.0,,36949.70514635365,28578.860093453033,35613.596159895664,35003.84255921548,36403.64230829709
store_6,2015-04-27,2015-04-20,35022.0,30788.0,33047.75,30758.731092436974,34711.449559115,34039.16606631362,34862.0,,34711.449559115,28315.299531123655,34207.066519705,33828.979678224896,34523.50394176881
store_6,2015-05-04,2015-04-20,38848.0,30788.0,33047.75,30729.462184873948,38565.09946879805,34069.35615230217,38381.0,,38565.09946879805,29368.66682942488,36664.61648959935,36236.78933940219,37809.37921197266
store_6,2015-05-11,2015-04-20,28220.0,30788.0,33047.75,30700.193277310926,28888.605479290403,34099.54623829072,29185.0,,28888.605479290403,26672.72785641315,30373.785159763465,30140.848415797293,29488.83507510923
store_6,2015-05-18,2015-04-20,37538.0,30788.0,33047.75,30670.9243697479,37496.161772034255,34129.73632427927,36587.0,,37496.161772034255,28959.938923723057,35710.303924011416,35453.515261693974,36739.4304376239
store_6,2015-05-25,2015-04-20,29114.0,30788.0,33047.75,30641.655462184874,28911.593386747692,34159.92641026782,28651.0,,28911.593386747692,26599.98932274291,30203.447795582564,30077.05935536782,29400.88180784672
store_6,2015-06-01,2015-04-20,39467.0,30788.0,33047.75,30612.386554621848,38840.954358285475,34190.11649625637,40915.0,,38840.954358285475,29770.601058451954,37601.234786095156,36734.46032301527,38486.84946314291
store_6,2015-06-08,2015-04-20,33922.0,30788.0,33047.75,30583.117647058825,33175.94697627916,34220.30658224492,26906.0,,33175.94697627916,26960.160172226126,31043.232325426387,31941.094157895543,31944.136038188277
store_6,2015-06-15,2015-04-20,37677.0,30788.0,33047.75,30553.8487394958,37220.30688254682,34250.49666823347,34821.0,,37220.30688254682,28668.771755753725,35029.6856275156,35067.500440077194,36210.79427994392
store_6,2015-05-25,2015-05-18,29114.0,37538.0,33603.5,37564.560975609755,28801.822627809168,34219.50616897556,28651.0,,28801.822627809168,28625.48425319921,30352.10754260305,31264.274405556636,29399.23792816198
store_6,2015-06-01,2015-05-18,39467.0,37538.0,33603.5,37591.12195121951,38774.124359456175,34250.495101204004,40915.0,,38774.124359456175,31810.320201697097,37764.20811981872,37947.81776796253,38514.220672433425
store_6,2015-06-08,2015-05-18,33922.0,37538.0,33603.5,37617.68292682927,33085.26164386831,34281.48403343245,26906.0,,33085.26164386831,29004.56122916143,31198.253881289435,33147.52526899903,31955.3881889283
store_6,2015-06-15,2015-05-18,37677.0,37538.0,33603.5,37644.243902439026,37153.032642258615,34312.47296566089,34821.0,,37153.032642258615,30724.607072908362,35192.510880752874,36290.405397156464,36237.86531510095
store_6,2015-06-22,2015-05-18,28788.0,37538.0,33603.5,37670.80487804878,29567.147704418247,34343.461897889334,29813.0,,29567.147704418247,28933.702068622337,30994.54923480608,31828.99382940377,30141.55747616016
store_6,2015-06-29,2015-05-18,41870.0,37538.0,33603.5,37697.365853658535,39636.40718775277,34374.45083011778,35701.0,,39636.40718775277,31221.53198164701,36313.63572925092,37655.21876763253,38086.42156546864
store_6,2015-07-06,2015-05-18,31738.0,37538.0,33603.5,37723.92682926829,31832.077266743938,34405.43976234622,28717.0,,31832.077266743938,29117.13483690835,31384.19242224798,32805.092223429914,31459.57264333103
store_6,2015-07-13,2015-05-18,38063.0,37538.0,33603.5,37750.48780487805,36543.686110262344,34436.428694574664,37992.0,,36543.686110262344,31123.443229959295,36046.39537008745,36459.82151199531,36440.6516357768
store_60,2015-02-02,2015-01-26,34822.0,34783.0,33831.916666666664,34843.96261682243,35328.0,32895.821989053096,34023.0,,35328.0,29386.52875322031,34082.27399635103,34624.61540988193,34687.383405078996
store_60,2015-02-09,2015-01-26,27267.0,34783.0,33831.916666666664,34904.92523364486,26624.0,32967.73174719299,24538.0,,26624.0,26807.0819496435,28043.243915730996,29257.648376544992,27075.997890097242
store_60,2015-02-16,2015-01-26,35616.0,34783.0,33831.916666666664,34965.88785046729,33792.0,33039.6415053329,32622.0,,33792.0,29004.920860352406,33151.21383511096,33744.27590831995,33423.68949003048
store_60,2015-02-23,2015-01-26,26657.0,34783.0,33831.916666666664,35026.85046728972,26112.0,33111.55126347279,23631.0,,26112.0,26642.33119963274,27618.18375449093,28912.799082534268,26570.905219710865
store_60,2015-03-02,2015-01-26,35824.0,34783.0,33831.916666666664,35087.81308411215,35840.0,33183.4610216127,33936.0,,35840.0,29523.17011034164,34319.82034053757,34892.686777981,35034.02115942038
store_60,2015-03-09,2015-01-26,27319.0,34783.0,33831.916666666664,35148.77570093458,25088.0,33255.3707797526,23320.0,,25088.0,26489.580449621975,27221.123593250864,28432.327104181,25873.682916147533
store_60,2015-03-16,2015-01-26,35921.0,34783.0,33831.916666666664,35209.73831775701,34304.0,33327.2805378925,31380.0,,34304.0,28976.562217473736,33003.7601792975,33831.3254561993,33513.88300656284
store_60,2015-03-23,2015-01-26,27226.0,34783.0,33831.916666666664,35270.700934579436,26624.0,33399.1902960324,25178.0,,26624.0,27012.401128182642,28400.396765344132,29436.965389368408,27280.339410917994
store_60,2015-03-02,2015-02-23,35824.0,26657.0,32603.916666666668,26642.558558558558,35712.0,32938.65860104245,33936.0,,35712.0,26927.161975181094,34195.55286701415,33091.56141617034,34917.59094478577
store_60,2015-03-09,2015-02-23,27319.0,26657.0,32603.916666666668,26628.117117117115,25472.0,33007.09067244005,23320.0,,25472.0,23955.446350889117,27266.363557480014,26852.650219356587,26081.210308170583
store_60,2015-03-16,2015-02-23,35921.0,26657.0,32603.916666666668,26613.675675675677,34944.0,33075.522743837646,31380.0,,34944.0,26467.73072659714,33133.17424794588,32358.580509284693,33883.13835500392
store_60,2015-03-23,2015-02-23,27226.0,26657.0,32603.916666666668,26599.234234234234,27264.0,33143.95481523524,25178.0,,27264.0,24492.300816590876,28528.651605078412,27956.635841287156,27649.09306553746
store_60,2015-03-30,2015-02-23,39879.0,26657.0,32603.916666666668,26584.792792792792,37760.0,33212.38688663284,33521.0,,37760.0,27191.299478013185,34831.12896221095,33964.986551696085,36162.77410233362
store_60,2015-04-06,2015-02-23,23935.0,26657.0,32603.916666666668,26570.35135135135,24576.0,33280.81895803044,25253.0,,24576.0,24134.44099657835,27703.272986010146,26777.134492192305,25982.07809001943
store_60,2015-04-13,2015-02-23,35907.0,26657.0,32603.916666666668,26555.90990990991,36096.0,33349.25102942804,35504.0,,36096.0,27252.296800857803,34983.08367647601,33542.590002179044,35568.31028685603
store_60,2015-04-20,2015-02-23,26724.0,26657.0,32603.916666666668,26541.46846846847,25600.0,33417.683100825634,19902.0,,25600.0,23531.72403370868,26306.561033608545,26407.71222679493,25462.6601993815
store_60,2015-03-30,2015-03-23,39879.0,27226.0,31653.666666666668,27217.008695652174,38016.0,33006.90370409209,33521.0,,38016.0,27234.368438058704,34847.96790136403,34077.46375145649,36295.36058722684
store_60,2015-04-06,2015-03-23,23935.0,27226.0,31653.666666666668,27208.017391304347,24704.0,33072.72557076838,25253.0,,24704.0,24159.62994696277,27676.575190256124,26832.610229908634,26033.17319960909
store_60,2015-04-13,2015-03-23,35907.0,27226.0,31653.666666666668,27199.02608695652,36224.0,33138.54743744467,35504.0,,36224.0,27277.891455866837,34955.51581248156,33598.32254738953,35619.02884626195
store_60,2015-04-20,2015-03-23,26724.0,27226.0,31653.666666666668,27190.034782608695,25728.0,33204.36930412096,19902.0,,25728.0,23557.72439334233,26278.123101373654,26463.701579499564,25513.002208603677
store_60,2015-04-27,2015-03-23,35923.0,27226.0,31653.666666666668,27181.043478260868,33280.0,33270.191170797254,31253.0,,33280.0,26266.27161653211,32601.06372359908,31626.809274838164,32828.53088397938
store_60,2015-05-04,2015-03-23,37435.0,27226.0,31653.666666666668,27172.05217391304,36352.0,33336.013037473545,35166.0,,36352.0,27272.247411150463,34951.33767915785,33620.128359893795,35653.584194600044
store_60,2015-05-11,2015-03-23,25852.0,27226.0,31653.666666666668,27163.06086956522,25472.0,33401.83490414984,23974.0,,25472.0,24127.223205768816,27615.944968049946,27004.90680604624,26283.36380776221
store_60,2015-05-18,2015-03-23,36421.0,27226.0,31653.666666666668,27154.069565217393,35712.0,33467.65677082613,31930.0,,35712.0,26734.770428958596,33703.21892360871,32838.34372043562,34548.51317224574
store_60,2015-04-27,2015-04-20,35923.0,26724.0,31424.75,26711.092436974788,32512.0,33130.89524013684,31253.0,,32512.0,25965.105382444515,32298.63174671228,31152.28101420775,32321.7469928688
store_60,2015-05-04,2015-04-20,37435.0,26724.0,31424.75,26698.18487394958,35584.0,33194.864544855904,35166.0,,35584.0,26970.257059829353,34648.288181618635,33145.03592009902,35146.533051446095
store_60,2015-05-11,2015-04-20,25852.0,26724.0,31424.75,26685.277310924368,25088.0,33258.83384957498,23974.0,,25088.0,23879.265880071333,27440.277949858326,26701.024995701773,26019.38988792434
store_60,2015-05-18,2015-04-20,36421.0,26724.0,31424.75,26672.36974789916,35584.0,33322.803154294044,31930.0,,35584.0,26522.56041459903,33612.26771809801,32648.41427000323,34446.50165060413
store_60,2015-05-25,2015-04-20,25955.0,26724.0,31424.75,26659.462184873948,24320.0,33386.77245901312,23424.0,,24320.0,23705.56923484101,27043.590819671037,26281.827415917905,25429.041157796397
store_60,2015-06-01,2015-04-20,36461.0,26724.0,31424.75,26646.55462184874,35072.0,33450.74176373219,37155.0,,35072.0,27210.435197940133,35225.913921244064,33248.842330394364,35300.60375976092
store_60,2015-06-08,2015-04-20,28738.0,26724.0,31424.75,26633.647058823528,27904.0,33514.71106845126,23194.0,,27904.0,24199.301161039253,28204.237022817084,27859.5642320096,27667.64596754212
store_60,2015-06-15,2015-04-20,37755.0,26724.0,31424.75,26620.73949579832,36352.0,33578.68037317033,30776.0,,36352.0,26496.59569556695,33568.89345772344,32832.20460429504,34713.88144177621
store_60,2015-05-25,2015-05-18,25955.0,36421.0,32363.833333333332,36487.349593495936,23808.0,33418.49395994539,23424.0,,23808.0,26560.38241239638,26883.49798664846,28029.77145081165,25109.15802596288
store_60,2015-06-01,2015-05-18,36461.0,36421.0,32363.833333333332,36553.69918699187,34816.0,33482.72050447581,37155.0,,34816.0,30113.179003543,35151.240168158605,35118.92903125014,35142.98738778431
store_60,2015-06-08,2015-05-18,28738.0,36421.0,32363.833333333332,36620.04878048781,27904.0,33546.94704900623,23194.0,,27904.0,27149.975594689622,28214.982349668742,29851.79359882741,27672.29635542243
store_60,2015-06-15,2015-05-18,37755.0,36421.0,32363.833333333332,36686.39837398374,36096.0,33611.17359353665,30776.0,,36096.0,29422.05790012196,33494.39119784555,34717.54355892199,34556.339289034164
store_60,2015-06-22,2015-05-18,28088.0,36421.0,32363.833333333332,36752.74796747968,27904.0,33675.400138067074,25979.0,,27904.0,27585.140205554297,29186.13337935569,30314.088600375424,28309.179655068798
store_60,2015-06-29,2015-05-18,42804.0,36421.0,32363.833333333332,36819.09756097561,39680.0,33739.626682597496,36694.0,,39680.0,30816.79393955806,36704.542227532496,37274.10159043922,38160.05656394506
store_60,2015-07-06,2015-05-18,29127.0,36421.0,32363.833333333332,36885.44715447154,27136.0,33803.85322712792,26406.0,,27136.0,27573.73338784754,29115.284409042637,30063.267359518275,27935.82810550824
store_60,2015-07-13,2015-05-18,37591.0,36421.0,32363.833333333332,36951.79674796748,36096.0,33868.07977165834,32938.0,,36096.0,29805.529978994164,34300.69325721945,35108.001645733355,35073.42886455794
store_61,2015-02-02,2015-01-26,50099.0,50202.0,48187.5,50241.18691588785,49217.9955934242,46719.84615805295,49090.0,,49217.9955934242,41951.21838105214,48342.61391715905,49034.61126226725,48896.28034007849
store_61,2015-02-09,2015-01-26,38324.0,50202.0,48187.5,50280.3738317757,37458.65189097459,46785.92422590906,37780.0,,37458.65189097459,38670.63570695133,40674.85870562788,41232.347810814885,38623.76648140492
store_61,2015-02-16,2015-01-26,47439.0,50202.0,48187.5,50319.56074766355,47144.48375400023,46852.002293765174,46145.0,,47144.48375400023,41264.36382791842,46713.82868258847,47508.52881185865,46880.00949719407
store_61,2015-02-23,2015-01-26,43848.0,50202.0,48187.5,50358.7476635514,43410.88776823888,46918.08036162129,42245.0,,43410.88776823888,40188.88797048736,44191.32270995338,44983.231636936966,43552.554483799395
store_61,2015-03-02,2015-01-26,51858.0,50202.0,48187.5,50397.93457943925,50709.30181807669,46984.1584294774,48961.0,,50709.30181807669,42205.98497528476,48884.820082518025,49786.86887787359,49870.770510165385
store_61,2015-03-09,2015-01-26,40703.0,50202.0,48187.5,50437.121495327105,37766.331924872444,47050.23649733351,34770.0,,37766.331924872444,38344.741416790435,39862.189474068655,40893.3514998076,38162.048357120075
store_61,2015-03-16,2015-01-26,50573.0,50202.0,48187.5,50476.30841121495,49622.554003188394,47116.31456518963,45711.0,,49622.554003188394,41616.52528279899,47483.28952279267,48696.72234662193,48428.23852643967
store_61,2015-03-23,2015-01-26,38622.0,50202.0,48187.5,50515.495327102806,38065.306835876196,47182.39263304574,36109.0,,38065.306835876196,38608.813542289245,40452.23315630731,41293.6546855096,38681.10954032623
store_61,2015-03-02,2015-02-23,51858.0,43848.0,45822.166666666664,43828.53153153153,50907.57970717159,46669.11663269468,48961.0,,50907.57970717159,40005.199219723494,48845.898779955416,48667.72029486471,49963.32231821229
store_61,2015-03-09,2015-02-23,40703.0,43848.0,45822.166666666664,43809.06306306306,37806.07389842678,46730.877889203715,34770.0,,37806.07389842678,36112.31164533718,39768.98392921017,39690.77834793662,38150.627848822725
store_61,2015-03-16,2015-02-23,50573.0,43848.0,45822.166666666664,43789.59459459459,49656.194077878376,46792.639145712754,45711.0,,49656.194077878376,39374.22778355034,47386.611074530374,47486.31490099194,48412.33068639169
store_61,2015-03-23,2015-02-23,38622.0,43848.0,45822.166666666664,43770.126126126124,38111.98278541354,46854.40040222179,36109.0,,38111.98278541354,36359.382282918305,40358.46106254511,40084.903147922494,38673.20450140204
store_61,2015-03-30,2015-02-23,57932.0,43848.0,45822.166666666664,43750.657657657655,55945.9011175942,46916.16165873083,52670.0,,55945.9011175942,41278.983871521334,51844.02092544167,51831.49447181253,54134.923114400124
store_61,2015-04-06,2015-02-23,33070.0,43848.0,45822.166666666664,43731.18918918919,34274.621458879825,46977.92291523987,38886.0,,34274.621458879825,36219.98574713936,40046.18145803989,38676.14396106075,36822.99066722846
store_61,2015-04-13,2015-02-23,47555.0,43848.0,45822.166666666664,43711.72072072072,50205.37454170909,47039.68417174891,50040.0,,50205.37454170909,40095.27801440648,49095.01957115266,48532.5042053633,49796.96056420843
store_61,2015-04-20,2015-02-23,35989.0,43848.0,45822.166666666664,43692.252252252256,34959.0964864351,47101.445428257946,28129.0,,34959.0964864351,34793.13726194456,36729.847304897674,37140.63981898086,34805.96675199618
store_61,2015-03-30,2015-03-23,57932.0,38622.0,45286.0,38557.7652173913,56277.791896485396,46701.81237295535,52670.0,,56277.791896485396,39730.76706954743,51883.20142314691,51139.26465272981,54326.455207071514
store_61,2015-04-06,2015-03-23,33070.0,38622.0,45286.0,38493.53043478261,34377.04057140709,46760.55984696678,38886.0,,34377.04057140709,34632.161550450925,40007.86680612462,37866.47690621665,36864.407151965104
store_61,2015-04-13,2015-03-23,47555.0,38622.0,45286.0,38429.29565217391,50289.28297762902,46819.307320978216,50040.0,,50289.28297762902,38497.98370725445,49049.53009953574,47710.01304245355,49825.943641305355
store_61,2015-04-20,2015-03-23,35989.0,38622.0,45286.0,38365.06086956522,35022.958059349316,46878.05479498965,28129.0,,35022.958059349316,33186.15338912917,36676.67095144632,36304.56277084448,34821.51384024806
store_61,2015-04-27,2015-03-23,50633.0,38622.0,45286.0,38300.82608695652,46403.52091360397,46936.802269001084,45867.0,,46403.52091360397,37345.16418136594,46402.441060868354,45053.39353949118,46342.299565277004
store_61,2015-05-04,2015-03-23,50531.0,38622.0,45286.0,38236.59130434783,50278.199686039654,46995.54974301252,49298.0,,50278.199686039654,38388.0486762,48857.24980968405,47575.76066697815,49668.38513120737
store_61,2015-05-11,2015-03-23,35386.0,38622.0,45286.0,38172.35652173913,35596.96351354219,47054.29721702396,35632.0,,35596.96351354219,34337.65960747218,39427.75357685538,37903.70284289174,36945.287428774274
store_61,2015-05-18,2015-03-23,51262.0,38622.0,45286.0,38108.12173913044,50699.70342306946,47113.04469103539,47669.0,,50699.70342306946,38213.98140760504,48493.91603803495,47500.38155815592,49581.932830090285
store_61,2015-04-27,2015-04-20,50633.0,35989.0,44667.666666666664,35904.79831932773,47326.24318632359,46689.53902460435,45867.0,,47326.24318632359,36634.892456703186,46627.594070309315,45052.70842385364,46915.5834620512
store_61,2015-05-04,2015-04-20,50531.0,35989.0,44667.666666666664,35820.596638655465,50216.32443543346,46745.06792675543,49298.0,,50216.32443543346,37533.80795250157,48753.130787396294,47085.03266615705,49598.70190592633
store_61,2015-05-11,2015-04-20,35386.0,35989.0,44667.666666666664,35736.39495798319,35632.559896224695,46800.59682890651,35632.0,,35632.559896224695,33494.03119282587,39355.0522417104,37459.517602352294,36938.84187563236
store_61,2015-05-18,2015-04-20,51262.0,35989.0,44667.666666666664,35652.19327731092,50718.73541271164,46856.12573105759,47669.0,,50718.73541271164,37364.67444110669,48414.620381256405,47046.189924435974,49564.300141752254
store_61,2015-05-25,2015-04-20,40624.0,35989.0,44667.666666666664,35567.991596638654,40587.739318320055,46911.65463320867,39831.0,,40587.739318320055,34793.578887833435,42443.46465050957,40648.91916680582,41153.15907201592
store_61,2015-06-01,2015-04-20,48929.0,35989.0,44667.666666666664,35483.78991596639,51201.972536206624,46967.183535359756,53104.0,,51201.972536206624,38201.94466488563,50424.38535718879,48234.363519151884,51144.784699397904
store_61,2015-06-08,2015-04-20,39380.0,35989.0,44667.666666666664,35399.58823529412,39497.61420241419,47022.71243751083,34615.0,,39497.61420241419,33884.511648840824,40378.442213308335,39192.46635777819,39253.029004651595
store_61,2015-06-15,2015-04-20,50909.0,35989.0,44667.666666666664,35315.38655462185,49935.02985646473,47078.241339661916,47768.0,,49935.02985646473,37250.47491677359,48260.42373204221,46669.22340325222,49101.61037091741
store_61,2015-05-25,2015-05-18,40624.0,51262.0,45342.833333333336,51304.70731707317,40950.361849081695,46864.5733631156,39831.0,,40950.361849081695,39365.06798037197,42548.64507073243,43236.28501255448,41384.31464871374
store_61,2015-06-01,2015-05-18,48929.0,51262.0,45342.833333333336,51347.41463414634,51417.14507474395,46919.56502479773,53104.0,,51417.14507474395,42770.42258100305,50480.23669984723,50758.13641004775,51279.64523472698
store_61,2015-06-08,2015-05-18,39380.0,51262.0,45342.833333333336,51390.12195121951,39574.093779184215,46974.55668647986,34615.0,,39574.093779184215,38451.229392888126,40387.88348855469,41656.98880447451,39297.309712703245
store_61,2015-06-15,2015-05-18,50909.0,51262.0,45342.833333333336,51432.829268292684,50003.539061821575,47029.548348161996,47768.0,,50003.539061821575,41834.107144515656,48267.029136661185,49139.31923433079,49140.62642720815
store_61,2015-06-22,2015-05-18,34370.0,51262.0,45342.833333333336,51475.53658536585,35512.67170133095,47084.540009844124,36276.0,,35512.67170133095,38136.22594712489,39624.403903725026,39949.94645831986,37042.17703061796
store_61,2015-06-29,2015-05-18,58293.0,51262.0,45342.833333333336,51518.243902439026,55687.25158109231,47139.53167152625,53680.0,,55687.25158109231,43518.551498341556,52168.92775087285,53008.897252909075,54224.929807676934
store_61,2015-07-06,2015-05-18,41324.0,51262.0,45342.833333333336,51560.95121951219,43248.92321229445,47194.52333320838,41719.0,,43248.92321229445,40046.890156906906,44054.14884850094,44755.258408369205,43358.007556995144
store_61,2015-07-13,2015-05-18,55887.0,51262.0,45342.833333333336,51603.65853658537,54233.11062106848,47249.51499489051,48006.0,,54233.11062106848,42528.15964083967,49829.54187198633,51310.81373987989,51981.58791976786
store_62,2015-02-02,2015-01-26,47954.0,47988.0,43211.666666666664,47948.91588785047,49120.10568868599,40200.34271294093,50171.0,,49120.10568868599,39805.71870802058,46497.14946720897,47859.26332492759,48360.70640600117
store_62,2015-02-09,2015-01-26,32433.0,47988.0,43211.666666666664,47909.831775700935,34885.75964948154,40200.34271294093,31652.0,,34885.75964948154,35121.085829255724,35579.36745414082,37364.415738216645,34668.02024801825
store_62,2015-02-16,2015-01-26,45307.0,47988.0,43211.666666666664,47870.7476635514,45938.10413996159,40200.34271294093,43834.0,,45938.10413996159,38434.694454731514,43324.1489509675,45075.42591488775,44735.07085769822
store_62,2015-02-23,2015-01-26,37409.0,47988.0,43211.666666666664,47831.66355140187,36832.48786970849,40200.34271294093,35114.0,,36832.48786970849,35882.594400102564,37382.27686088314,38976.644330668205,36779.514605373995
store_62,2015-03-02,2015-01-26,52591.0,47988.0,43211.666666666664,47792.57943925234,53748.47157773966,40200.34271294093,57082.0,,53748.47157773966,41431.86577094279,50343.60476356019,51434.555888486706,53041.5563406556
store_62,2015-03-09,2015-01-26,30774.0,47988.0,43211.666666666664,47753.495327102806,32962.48598612477,40200.34271294093,33463.0,,32962.48598612477,35082.71295611931,35541.94289968856,36784.82970931771,33926.50431881557
store_62,2015-03-16,2015-01-26,46549.0,47988.0,43211.666666666664,47714.411214953274,47884.832360188564,40200.34271294093,45513.0,,47884.832360188564,38930.32185067849,44532.7250243765,46330.80998521436,46388.301009716815
store_62,2015-03-23,2015-01-26,29234.0,47988.0,43211.666666666664,47675.32710280374,31664.667172640126,40200.34271294093,29111.0,,31664.667172640126,34264.42909357878,33658.66996186035,35297.9645265237,31993.49534789425
store_62,2015-03-02,2015-02-23,52591.0,37409.0,41322.666666666664,37276.01801801802,53599.77057918793,40211.40477923403,57082.0,,53599.77057918793,38128.69429187237,50297.72511947398,49644.34957798599,52949.51375647198
store_62,2015-03-09,2015-02-23,30774.0,37409.0,41322.666666666664,37143.036036036036,32608.43524671707,40211.40477923403,33463.0,,32608.43524671707,31736.79181837911,35427.6133419837,34889.029525975115,33705.591700039666
store_62,2015-03-16,2015-02-23,46549.0,37409.0,41322.666666666664,37010.05405405405,47510.83865520257,40211.40477923403,45513.0,,47510.83865520257,35568.13773645104,44411.74781147887,44418.57240764871,46154.872910506245
store_62,2015-03-23,2015-02-23,29234.0,37409.0,41322.666666666664,36877.07207207207,31249.29246426255,40211.40477923403,29111.0,,31249.29246426255,30882.919426033615,33523.899081165524,33358.98065444228,31734.098034813214
store_62,2015-03-30,2015-02-23,54526.0,37409.0,41322.666666666664,36744.09009009009,51183.383440100835,40211.40477923403,58053.0,,51183.383440100835,37846.22071087023,49815.92940644495,48634.82089456464,51682.64208693875
store_62,2015-04-06,2015-02-23,30434.0,37409.0,41322.666666666664,36611.10810810811,31962.586502492395,40211.40477923403,33740.0,,31962.586502492395,31608.109436643026,35304.66376057547,34594.222484632344,33371.47465809089
store_62,2015-04-13,2015-02-23,47318.0,37409.0,41322.666666666664,36478.126126126124,48059.60675188743,40211.40477923403,48380.0,,48059.60675188743,35980.11490341632,45550.337177040485,45208.295079224525,47236.13221778298
store_62,2015-04-20,2015-02-23,29247.0,37409.0,41322.666666666664,36345.14414414414,31236.374943207225,40211.40477923403,27768.0,,31236.374943207225,30613.22721903601,33071.92657414709,33049.48805390773,31380.81545695738
store_62,2015-03-30,2015-03-23,54526.0,29234.0,40718.166666666664,29034.55652173913,50036.695095235715,40200.4070718049,58053.0,,50036.695095235715,35325.260765063766,49430.034055680204,46857.64865942188,50961.75282406281
store_62,2015-04-06,2015-03-23,30434.0,29234.0,40718.166666666664,28835.11304347826,30947.783983536407,40200.4070718049,33740.0,,30947.783983536407,29096.495823640886,34962.73035178043,32875.6234789144,32733.352146593814
store_62,2015-04-13,2015-03-23,47318.0,29234.0,40718.166666666664,28635.66956521739,47130.74109188715,40200.4070718049,48380.0,,47130.74109188715,33471.2834850823,45237.04938789735,43526.17384237659,46651.940555870664
store_62,2015-04-20,2015-03-23,29247.0,29234.0,40718.166666666664,28436.22608695652,30275.15669180929,40200.4070718049,27768.0,,30275.15669180929,28090.27950246248,32747.854587871392,31346.96278732527,30776.32048443369
store_62,2015-04-27,2015-03-23,49967.0,29234.0,40718.166666666664,28236.782608695652,48036.1962570053,40200.4070718049,52242.0,,48036.1962570053,34095.36465773893,46826.2011096034,44693.0737655894,48212.77723484363
store_62,2015-05-04,2015-03-23,53996.0,29234.0,40718.166666666664,28037.339130434782,51935.6907114973,40200.4070718049,51257.0,,51935.6907114973,34483.229082914804,47797.69926110073,46359.69179584563,50406.79489608361
store_62,2015-05-11,2015-03-23,30148.0,29234.0,40718.166666666664,27837.895652173913,32276.30487700805,40200.4070718049,33968.0,,32276.30487700805,29176.396323950503,35481.57064960431,33486.649806860725,33625.68382467404
store_62,2015-05-18,2015-03-23,47918.0,29234.0,40718.166666666664,27638.452173913043,47092.02229320022,40200.4070718049,47275.0,,47092.02229320022,33165.435457940686,44855.809788335035,43217.21506159094,46343.63646618133
store_62,2015-04-27,2015-04-20,49967.0,29247.0,40314.666666666664,29054.36974789916,49826.2890243121,40210.36808653789,52242.0,,49826.2890243121,34413.52764648797,47426.219036949995,45580.587832893136,49337.3240780956
store_62,2015-05-04,2015-04-20,53996.0,29247.0,40314.666666666664,28861.73949579832,52216.19665718796,40210.36808653789,51257.0,,52216.19665718796,34586.71012945583,47894.52158124195,46521.78832769157,50583.9799111161
store_62,2015-05-11,2015-04-20,30148.0,29247.0,40314.666666666664,28669.10924369748,32032.081065442824,40210.36808653789,33968.0,,32032.081065442824,29205.889294620694,35403.48305066024,33396.91660860134,33473.56751365036
store_62,2015-05-18,2015-04-20,47918.0,29247.0,40314.666666666664,28476.47899159664,48294.07498966346,40210.36808653789,47275.0,,48294.07498966346,33402.51267635209,45259.81435873378,43823.449093101146,47099.1507313771
store_62,2015-05-25,2015-04-20,34366.0,29247.0,40314.666666666664,28283.8487394958,36383.02193767498,40210.36808653789,40109.0,,36383.02193767498,30649.700775767902,38900.79667473762,36670.4659496576,37782.411249920115
store_62,2015-06-01,2015-04-20,48699.0,29247.0,40314.666666666664,28091.21848739496,52201.057184750156,40210.36808653789,55152.0,,52201.057184750156,35030.901489335665,49187.80842376268,47225.40019212582,51575.56646614783
store_62,2015-06-08,2015-04-20,35799.0,29247.0,40314.666666666664,27898.58823529412,34450.17260996045,40210.36808653789,29217.0,,34450.17260996045,28762.5422283513,34625.84689883278,33567.85131058517,33769.978410031
store_62,2015-06-15,2015-04-20,49325.0,29247.0,40314.666666666664,27705.95798319328,48193.85544255418,40210.36808653789,48705.0,,48193.85544255418,33482.40688270743,45703.074509697355,44000.69123635877,47403.79321707864
store_62,2015-05-25,2015-05-18,34366.0,47918.0,41891.833333333336,47883.43089430894,36146.76445154929,40383.74961085565,40109.0,,36146.76445154929,36333.25404143531,38879.838020801646,39531.683134200845,37654.1559375969
store_62,2015-06-01,2015-05-18,48699.0,47918.0,41891.833333333336,47848.86178861788,51860.88847575685,40383.74961085565,55152.0,,51860.88847575685,40722.19045836624,49132.2126955375,50048.17611574737,51382.10024666859
store_62,2015-06-08,2015-05-18,35799.0,47918.0,41891.833333333336,47814.29268292683,34474.57043238491,40383.74961085565,29217.0,,34474.57043238491,34528.49229421439,34691.77334774686,36577.46267539467,33805.30089668382
store_62,2015-06-15,2015-05-18,49325.0,47918.0,41891.833333333336,47779.723577235774,48134.48922046182,40383.74961085565,48705.0,,48134.48922046182,39258.97082026951,45741.079610439156,46981.549505488496,47386.54843352465
store_62,2015-06-22,2015-05-18,30801.0,47918.0,41891.833333333336,47745.154471544716,29825.292381613013,40383.74961085565,32374.0,,29825.292381613013,34305.43282819239,34194.347330822886,34958.46426793441,31698.990748665932
store_62,2015-06-29,2015-05-18,54621.0,47918.0,41891.833333333336,47710.58536585366,50139.07035147847,40383.74961085565,56686.0,,50139.07035147847,40675.605523074446,49069.60665411137,49512.228538460884,50695.81633389162
store_62,2015-07-06,2015-05-18,36247.0,47918.0,41891.833333333336,47676.0162601626,34427.71598775941,40383.74961085565,21738.0,,34427.71598775941,33433.61645601586,32183.155199538352,35071.933227798145,31853.654466376916
store_62,2015-07-13,2015-05-18,46471.0,47918.0,41891.833333333336,47641.44715447154,46375.20952892628,40383.74961085565,0.0,,46375.20952892628,32030.0342325124,28919.653046593976,36533.515039534854,33764.39638677713
store_63,2015-02-02,2015-01-26,32685.0,31976.0,30224.666666666668,32158.682242990653,32695.982711031076,28387.953903902093,31770.0,,32695.982711031076,26744.7550749415,30951.312204977723,31519.82351195993,31595.896379297053
store_63,2015-02-09,2015-01-26,25684.0,31976.0,30224.666666666668,32341.364485981307,28500.115814366032,28399.24462494721,22232.0,,28500.115814366032,24810.484513137315,26377.120146437745,28537.033033953438,26993.44422268396
store_63,2015-02-16,2015-01-26,30567.0,31976.0,30224.666666666668,32524.046728971964,25510.89438721506,28410.084519970635,29806.0,,25510.89438721506,25493.098900403475,27908.992969061896,28640.31163094894,27121.773116729055
store_63,2015-02-23,2015-01-26,27556.0,31976.0,30224.666666666668,32706.728971962617,29717.90812305827,28420.491589957517,25692.0,,29717.90812305827,25533.970764520724,27943.46657100526,29557.805231256596,28498.250647508165
store_63,2015-03-02,2015-01-26,33568.0,31976.0,30224.666666666668,32889.411214953274,36107.432578934764,28430.483117133546,28498.0,,36107.432578934764,26875.14193966975,31011.971898689433,32340.656765281972,32734.223462112383
store_63,2015-03-09,2015-01-26,25000.0,31976.0,30224.666666666668,33072.09345794393,27666.39785489116,28440.075693664232,21602.0,,27666.39785489116,24711.604810452285,25902.82451618513,28219.54197011196,26386.780192772123
store_63,2015-03-16,2015-01-26,34215.0,31976.0,30224.666666666668,33254.77570093458,35513.00223300057,28449.28524920823,30366.0,,35513.00223300057,27111.96140711572,31442.762494069597,32454.61578709617,32848.93313834466
store_63,2015-03-23,2015-01-26,25935.0,31976.0,30224.666666666668,33437.457943925234,27205.18743602191,28458.127077370526,21931.0,,27205.18743602191,24747.491303426334,25864.771504464145,28143.921289690286,26210.8741889499
store_63,2015-03-02,2015-02-23,33568.0,27556.0,29077.416666666668,27692.27927927928,37344.87786852463,28537.917166180094,28498.0,,37344.87786852463,25529.498711521523,31460.265011568237,31611.61021184152,33447.32129405033
store_63,2015-03-09,2015-02-23,25000.0,27556.0,29077.416666666668,27828.558558558558,28007.595724791576,28548.294060380013,21602.0,,28007.595724791576,23231.409287199545,26052.62992839053,27159.08780167381,26599.46581634713
store_63,2015-03-16,2015-02-23,34215.0,27556.0,29077.416666666668,27964.837837837837,35411.292432202965,28558.265039906943,30366.0,,35411.292432202965,25561.973139516344,31445.185824036635,31227.92266723507,32814.40139943083
store_63,2015-03-23,2015-02-23,25935.0,27556.0,29077.416666666668,28101.117117117115,26643.411730623633,28567.845982991745,21931.0,,26643.411730623633,23125.25592819988,25714.085904538457,26744.734740483334,25919.537302918845
store_63,2015-03-30,2015-02-23,32541.0,27556.0,29077.416666666668,28237.396396396398,28740.822218167486,28577.052146753922,32203.0,,28740.822218167486,24913.098203997783,29840.2914549738,29113.376062224073,29528.165896729362
store_63,2015-04-06,2015-02-23,20716.0,27556.0,29077.416666666668,28373.675675675677,20559.834998890918,28585.898191497727,23951.0,,20559.834998890918,22586.26079039014,24365.577730129546,24872.223670179297,23004.329503535027
store_63,2015-04-13,2015-02-23,33581.0,27556.0,29077.416666666668,28509.954954954956,34710.3567136963,28594.39820405789,29301.0,,34710.3567136963,25392.732362767973,30868.58497258473,30871.029223786016,32177.808313433998
store_63,2015-04-20,2015-02-23,25026.0,27556.0,29077.416666666668,28646.234234234234,27381.393121054047,28602.56572023211,17258.0,,27381.393121054047,22645.944248883865,24413.98628042872,26353.910600254483,25230.93024916551
store_63,2015-03-30,2015-03-23,32541.0,25935.0,29328.583333333332,26052.44347826087,28731.83309149738,28681.73120042462,32203.0,,28731.83309149738,24418.9415862166,29872.18809730733,28743.602071252222,29544.541488790186
store_63,2015-04-06,2015-03-23,20716.0,25935.0,29328.583333333332,26169.88695652174,21748.781742609855,28691.472635938982,23951.0,,21748.781742609855,22260.674952629128,24797.08479284961,24937.012813129113,23689.95980559584
store_63,2015-04-13,2015-03-23,33581.0,25935.0,29328.583333333332,26287.33043478261,35691.12475749558,28700.84123264491,29301.0,,35691.12475749558,25034.839965465202,31230.98866338016,30858.06821340578,32747.344089159487
store_63,2015-04-20,2015-03-23,25026.0,25935.0,29328.583333333332,26404.77391304348,27711.848087129605,28709.851260387622,17258.0,,27711.848087129605,22192.57951341343,24559.89978250574,26102.106856167124,25437.425073142625
store_63,2015-04-27,2015-03-23,30726.0,25935.0,29328.583333333332,26522.217391304348,32485.901243275144,28718.516442855467,28976.0,,32485.901243275144,24566.602630109755,30060.1392287102,29667.512447760317,30883.722499585565
store_63,2015-05-04,2015-03-23,34879.0,25935.0,29328.583333333332,26639.660869565218,34775.0484600079,28726.849978483227,33792.0,,34775.0484600079,25599.59180591281,32431.29947949704,31260.068358751527,33305.745466201995
store_63,2015-05-11,2015-03-23,23773.0,25935.0,29328.583333333332,26757.104347826087,25200.89222384984,28734.86456055543,22933.0,,25200.89222384984,22698.49206650924,25622.91892813509,26106.003310278167,25385.554498093785
store_63,2015-05-18,2015-03-23,35453.0,25935.0,29328.583333333332,26874.547826086957,35321.03185407151,28742.572396540207,30557.0,,35321.03185407151,25251.247915718857,31540.201416870572,30985.930158426065,32846.94364804014
store_63,2015-04-27,2015-04-20,30726.0,25026.0,28922.833333333332,25131.85714285714,30188.03478769905,28639.306086061348,28976.0,,30188.03478769905,23840.575907135837,29267.780291253464,28517.614129580383,29584.126619885574
store_63,2015-05-04,2015-04-20,34879.0,25026.0,28922.833333333332,25237.714285714286,32916.602597040895,28647.144602760123,33792.0,,32916.602597040895,24934.613545549804,31785.249066600336,30268.9635240599,32251.473797227223
store_63,2015-05-11,2015-04-20,23773.0,25026.0,28922.833333333332,25343.571428571428,24506.826875643183,28654.679515746528,22933.0,,24506.826875643183,22198.130164756352,25364.835463796568,25537.828961384243,24981.5151267775
store_63,2015-05-18,2015-04-20,35453.0,25026.0,28922.833333333332,25449.428571428572,35701.11616407367,28661.922584288,30557.0,,35701.11616407367,24902.61437901765,31640.012916120555,30807.813191434067,33042.74384071148
store_63,2015-05-25,2015-04-20,23879.0,25026.0,28922.833333333332,25555.285714285714,23028.17993853491,28668.8851121886,24413.0,,23028.17993853491,22230.59772833465,25370.0216835745,25252.553371210815,24509.444636715063
store_63,2015-06-01,2015-04-20,27597.0,25026.0,28922.833333333332,25661.14285714286,29454.13933380762,28675.577965430162,35916.0,,29454.13933380762,24807.95621281628,31348.57243307926,29385.066291743547,30826.989853633564
store_63,2015-06-08,2015-04-20,26602.0,25026.0,28922.833333333332,25767.0,27292.57529903532,28682.011589130147,19105.0,,27292.57529903532,22113.631460214114,25026.528962721823,26009.76472425405,25635.451622130007
store_63,2015-06-15,2015-04-20,35088.0,25026.0,28922.833333333332,25872.85714285714,34270.25216516847,28688.196023842676,27578.0,,34270.25216516847,24336.87695217166,30178.816063003716,29874.613452222547,31542.681755572346
store_63,2015-05-25,2015-05-18,23879.0,35453.0,29617.75,35640.186991869916,22777.641259595897,28916.51145990408,24413.0,,22777.641259595897,25259.727101624267,25369.050906499993,27516.92859073523,24420.128021791857
store_63,2015-06-01,2015-05-18,27597.0,35453.0,29617.75,35827.37398373984,29191.887469426096,28924.89654681347,35916.0,,29191.887469426096,27847.272571425627,31344.26133874652,31654.109717538784,30731.477074388655
store_63,2015-06-08,2015-05-18,26602.0,35453.0,29617.75,36014.560975609755,26873.899149490248,28932.9710415629,19105.0,,26873.899149490248,25142.454452380414,24970.623397017716,28230.744855395016,25452.90807010635
store_63,2015-06-15,2015-05-18,35088.0,35453.0,29617.75,36201.74796747968,34278.15299568487,28940.746448802336,27578.0,,34278.15299568487,27438.485344566696,30265.6331481624,32259.936775230242,31598.715366642155
store_63,2015-06-22,2015-05-18,25422.0,35453.0,29617.75,36388.93495934959,25646.432816114237,28948.233847037794,23889.0,,25646.432816114237,25706.1930889288,26161.222221050673,28565.534390977264,25904.66014269033
store_63,2015-06-29,2015-05-18,37756.0,35453.0,29617.75,36576.12195121951,33920.62390434439,28955.443904416134,31986.0,,33920.62390434439,28072.705679997147,31620.68926958684,32853.45640616312,32447.0870230956
store_63,2015-07-06,2015-05-18,25924.0,35453.0,29617.75,36763.30894308943,26291.259432602317,28962.3868939252,22992.0,,26291.259432602317,25725.672181373848,26081.882108842503,28703.727219293785,26055.039836772412
store_63,2015-07-13,2015-05-18,33178.0,35453.0,29617.75,36950.49593495935,32319.58069171706,28969.072708030897,30447.0,,32319.58069171706,27679.557047815328,30578.55113324932,32074.019692492355,31190.78904948653
store_64,2015-02-02,2015-01-26,49470.0,47854.0,45918.333333333336,47877.411214953274,50465.356862814966,44883.84662553579,49052.0,,50465.356862814966,40864.42114809105,48133.734496116915,48967.69973238753,49559.00584339468
store_64,2015-02-09,2015-01-26,41053.0,47854.0,45918.333333333336,47900.82242990654,40128.76771905554,44932.73109228793,38948.0,,40128.76771905554,37954.66493922619,41336.49960378116,42141.77886915926,40484.26883466024
store_64,2015-02-16,2015-01-26,47868.0,47854.0,45918.333333333336,47924.233644859814,47840.36659336317,44981.61555904007,45420.0,,47840.36659336317,39991.22130437091,46080.66071746775,47102.97129555964,47075.67762549668
store_64,2015-02-23,2015-01-26,42057.0,47854.0,45918.333333333336,47947.64485981308,40226.95629055014,45030.50002579221,39588.0,,40226.95629055014,38080.77635849839,41615.15210544744,42291.53325966176,40678.37154562744
store_64,2015-03-02,2015-01-26,49865.0,47854.0,45918.333333333336,47971.056074766355,49119.815684461515,45079.38449254434,48251.0,,49119.815684461515,40599.08422644365,47483.40005900195,48171.59584932183,48491.04237024513
store_64,2015-03-09,2015-01-26,41467.0,47854.0,45918.333333333336,47994.46728971963,41089.62546790193,45128.268959296474,39326.0,,41089.62546790193,38187.242150035905,41847.964809066136,42726.796336539155,41251.94127263908
store_64,2015-03-16,2015-01-26,48579.0,47854.0,45918.333333333336,48017.878504672895,48185.610662319654,45177.153426048615,43245.0,,48185.610662319654,39771.1394180535,45535.92136278942,47021.06707830013,46956.95047676335
store_64,2015-03-23,2015-01-26,42471.0,47854.0,45918.333333333336,48041.28971962617,41952.709192959795,45226.03789280075,38446.0,,41952.709192959795,38205.48144838858,41874.91569525351,43079.92412172151,41716.345725391664
store_64,2015-03-02,2015-02-23,49865.0,42057.0,44643.833333333336,42027.342342342345,49167.81322092388,45060.14358972146,48251.0,,49167.81322092388,38743.87606947443,47492.98560354844,47147.86905479098,48522.635904526665
store_64,2015-03-09,2015-02-23,41467.0,42057.0,44643.833333333336,41997.68468468468,41123.897891199245,45108.845586302195,39326.0,,41123.897891199245,36322.46592793135,41852.91449250048,41691.561499866155,41273.83236546931
store_64,2015-03-16,2015-02-23,48579.0,42057.0,44643.833333333336,41968.02702702703,48171.15263795656,45157.54758288292,43245.0,,48171.15263795656,37891.794368742834,45524.56674027983,45955.74685736344,46944.44815053874
store_64,2015-03-23,2015-02-23,42471.0,42057.0,44643.833333333336,41938.36936936937,41928.688790886,45206.24957946365,38446.0,,41928.688790886,36317.16301043605,41860.31279011654,42005.305023668836,41697.07713899652
store_64,2015-03-30,2015-02-23,45833.0,42057.0,44643.833333333336,41908.71171171171,45624.248393540336,45254.951576044376,50730.0,,45624.248393540336,38602.67785923282,47203.06665652824,45605.472892690144,46485.153278240825
store_64,2015-04-06,2015-02-23,34806.0,42057.0,44643.833333333336,41879.05405405405,33731.38150756778,45303.65357262511,35680.0,,33731.38150756778,34756.41749536861,38238.34502673096,37290.30195740031,35436.66024461824
store_64,2015-04-13,2015-02-23,50347.0,42057.0,44643.833333333336,41849.3963963964,49119.91254962611,45352.355569205836,43163.0,,49119.91254962611,38026.49969265167,45878.42270627731,46456.1474620372,47622.028254271936
store_64,2015-04-20,2015-02-23,41045.0,42057.0,44643.833333333336,41819.738738738735,41098.78753084356,45401.05756578656,32964.0,,41098.78753084356,35426.3453098146,39821.28169887671,40842.16023012169,40163.654080855886
store_64,2015-03-30,2015-03-23,45833.0,42471.0,45307.0,42445.973913043475,45636.03728660064,45271.67172885796,50730.0,,45636.03728660064,38837.383275500295,47212.56967181953,45747.50144497003,46495.43376569374
store_64,2015-04-06,2015-03-23,34806.0,42471.0,45307.0,42420.94782608696,33741.68397259706,45320.34890512576,35680.0,,33741.68397259706,34991.568671972826,38247.34429257427,37431.90671752098,35445.88936429313
store_64,2015-04-13,2015-03-23,50347.0,42471.0,45307.0,42395.921739130434,49127.47572052505,45369.02608139355,43163.0,,49127.47572052505,38261.91764872129,45886.500600639534,46596.6635335623,47629.3222983213
store_64,2015-04-20,2015-03-23,41045.0,42471.0,45307.0,42370.89565217392,41144.61144160089,45417.70325766135,32964.0,,41144.61144160089,35667.887193062306,39842.10489975408,41003.346344095604,40197.93238216294
store_64,2015-04-27,2015-03-23,46014.0,42471.0,45307.0,42345.86956521739,48019.199206158715,45466.380433929146,47450.0,,48019.199206158715,38722.77845790075,46978.52654669595,46584.43122446991,47618.33931801149
store_64,2015-05-04,2015-03-23,50852.0,42471.0,45307.0,42320.84347826087,50833.04573851664,45515.05761019694,46858.0,,50833.04573851664,39043.563832424916,47735.36778290453,48001.170225925576,49503.9517629659
store_64,2015-05-11,2015-03-23,37467.0,42471.0,45307.0,42295.81739130435,37811.49291455567,45563.73478646474,37781.0,,37811.49291455567,35890.00644176068,40385.40923367347,39883.33825880996,38717.252059922044
store_64,2015-05-18,2015-03-23,49419.0,42471.0,45307.0,42270.791304347826,49256.09382363566,45612.411962732534,46917.0,,49256.09382363566,38833.47101295943,47261.83526212273,47176.78426413677,48413.542699088095
store_64,2015-04-27,2015-04-20,46014.0,41045.0,44571.75,41008.83193277311,48089.53474125841,45175.803328001166,47450.0,,48089.53474125841,38191.56000029038,46905.112689753194,46311.04905736471,47633.79743033444
store_64,2015-05-04,2015-04-20,50852.0,41045.0,44571.75,40972.663865546216,50845.13031610746,45220.953821678486,46858.0,,50845.13031610746,38501.928286190305,47641.36137926198,47695.678903599895,49477.90811206993
store_64,2015-05-11,2015-04-20,37467.0,41045.0,44571.75,40936.49579831933,37835.53571879518,45266.1043153558,37781.0,,37835.53571879518,35347.9836903529,40294.21334471699,39582.997817568896,38699.22862348817
store_64,2015-05-18,2015-04-20,49419.0,41045.0,44571.75,40900.32773109244,49288.69205941366,45311.25480903312,46917.0,,49288.69205941366,38290.57494279131,47172.315622815586,46879.788839535846,48401.139318995665
store_64,2015-05-25,2015-04-20,38273.0,41045.0,44571.75,40864.15966386555,38137.32864641444,45356.40530271044,37582.0,,38137.32864641444,35365.234801855775,40358.57798304162,39718.890296894264,38887.46541132613
store_64,2015-06-01,2015-04-20,52233.0,41045.0,44571.75,40827.991596638654,51580.99974609641,45401.55579638776,52183.0,,51580.99974609641,39372.899591303256,49721.85184749472,48800.319447496404,50961.32252286345
store_64,2015-06-08,2015-04-20,42103.0,41045.0,44571.75,40791.82352941176,41682.25463761587,45446.70629006507,36688.0,,41682.25463761587,35746.50492244181,41272.320309226976,41483.29813330857,41240.1472497978
store_64,2015-06-15,2015-04-20,46290.0,41045.0,44571.75,40755.65546218488,44580.18145259603,45491.85678374239,44274.0,,44580.18145259603,37245.491956931895,44782.01274544614,44033.27159632812,44633.10560598524
store_64,2015-05-25,2015-05-18,38273.0,49419.0,44847.083333333336,49452.08943089431,38082.770633763845,45414.13892559071,37582.0,,38082.770633763845,37828.154617654596,40359.63651978485,41070.03902701877,38855.76869448278
store_64,2015-06-01,2015-05-18,52233.0,49419.0,44847.083333333336,49485.17886178862,51509.35307577137,45460.03007663162,52183.0,,51509.35307577137,41843.377906789276,49717.461050800994,50147.95634656068,50917.659391636254
store_64,2015-06-08,2015-05-18,42103.0,49419.0,44847.083333333336,49518.26829268293,41725.121604699656,45505.92122767253,36688.0,,41725.121604699656,38243.34206548406,41306.347610790726,42897.2645810619,41277.34325113034
store_64,2015-06-15,2015-05-18,46290.0,49419.0,44847.083333333336,49551.35772357724,44521.94463169624,45551.81237871344,44274.0,,44521.94463169624,39737.885438188605,44782.585670136556,45399.139356713786,44599.07520497138
store_64,2015-06-22,2015-05-18,39500.0,49419.0,44847.083333333336,49584.44715447154,38371.64425046913,45597.703529754355,37406.0,,38371.64425046913,37889.411181146905,40458.44926007449,41226.61854074783,39049.92826819371
store_64,2015-06-29,2015-05-18,53436.0,49419.0,44847.083333333336,49617.53658536585,51258.88781052896,45643.594680795264,48866.0,,51258.88781052896,41378.87177286048,48589.49416377474,49599.735772544016,50175.0755352242
store_64,2015-07-06,2015-05-18,43336.0,49419.0,44847.083333333336,49650.62601626016,41752.04897488776,45689.48583183617,38984.0,,41752.04897488776,38620.32059375963,42141.84493557464,43244.250307842936,41724.57000265833
store_64,2015-07-13,2015-05-18,49429.0,49419.0,44847.083333333336,49683.71544715447,47754.24863996711,45735.37698287708,46495.0,,47754.24863996711,40562.060629047424,46661.54187428139,47437.224907869335,47293.92745727323
store_65,2015-02-02,2015-01-26,43229.0,41899.0,41851.666666666664,41917.98130841122,45474.8385913822,39841.962823969305,43710.0,,45474.8385913822,36385.06419863277,43008.933805117165,43603.45308603835,44259.85554513396
store_65,2015-02-09,2015-01-26,36071.0,41899.0,41851.666666666664,41936.96261682243,35437.38080510462,39884.84676140558,33959.0,,35437.38080510462,33566.979549999895,36427.0758555034,37394.77662990684,35672.30851940288
store_65,2015-02-16,2015-01-26,40439.0,41899.0,41851.666666666664,41955.943925233645,39932.6062140734,39927.73069884185,38045.0,,39932.6062140734,34801.706786402225,39301.77897097175,40132.65179071902,39455.82260722348
store_65,2015-02-23,2015-01-26,36029.0,41899.0,41851.666666666664,41974.92523364486,33933.76984270576,39970.61463627812,32793.0,,33933.76984270576,33203.28233989934,35565.79482632796,36529.458777038555,34471.07096869659
store_65,2015-03-02,2015-01-26,42666.0,41899.0,41851.666666666664,41993.90654205607,42283.40519429601,40013.498573714394,42667.0,,42283.40519429601,35815.496710961874,41654.6345893368,42026.53544046311,42069.93781754917
store_65,2015-03-09,2015-01-26,35331.0,41899.0,41851.666666666664,42012.88785046729,33806.76461644974,40056.38251115067,32267.0,,33806.76461644974,33127.671663533474,35376.715709200136,36389.25692373343,34272.50514326387
store_65,2015-03-16,2015-01-26,40779.0,41899.0,41851.666666666664,42031.86915887851,41118.66625232564,40099.26644858694,37942.0,,41118.66625232564,34991.78121806539,39719.977566970854,40661.77653210013,40178.0860408611
store_65,2015-03-23,2015-01-26,34175.0,41899.0,41851.666666666664,42050.85046728972,33494.1519119654,40142.15038602321,32159.0,,33494.1519119654,33085.25991884928,35265.100765996205,36243.27611435647,34065.948326240396
store_65,2015-03-02,2015-02-23,42666.0,36029.0,39667.833333333336,35994.414414414416,42301.61587264401,39828.06460500688,42667.0,,42301.61587264401,33783.98974648552,41598.8934925503,40736.30551844363,42055.723521096006
store_65,2015-03-09,2015-02-23,35331.0,36029.0,39667.833333333336,35959.82882882883,33822.58967415597,39868.355071077254,32267.0,,33822.58967415597,31087.80098677077,35319.31491507774,35092.92201484488,34256.47855284072
store_65,2015-03-16,2015-02-23,40779.0,36029.0,39667.833333333336,35925.24324324324,41132.460994590234,39908.645537147626,37942.0,,41132.460994590234,32943.59758690206,39661.035510579284,39359.49365882711,40160.4642831148
store_65,2015-03-23,2015-02-23,34175.0,36029.0,39667.833333333336,35890.657657657655,33510.230759101345,39948.936003218,32159.0,,33510.230759101345,31029.37967904433,35206.05558743978,34936.95197830902,34049.36793904086
store_65,2015-03-30,2015-02-23,47287.0,36029.0,39667.833333333336,35856.07207207207,45503.14150601825,39989.22646928837,43745.0,,45503.14150601825,34398.61048295886,43079.12265843554,42351.36364952885,44306.10577090554
store_65,2015-04-06,2015-02-23,28757.0,36029.0,39667.833333333336,35821.48648648649,31054.850969825624,40029.51693535874,33783.0,,31054.850969825624,30912.241103572025,34955.78930172812,34149.83793273307,32969.52764775275
store_65,2015-04-13,2015-02-23,39388.0,36029.0,39667.833333333336,35786.9009009009,41264.328201754404,40069.80740142911,42406.0,,41264.328201754404,33603.40997677397,41246.711867727834,40235.60040072474,41389.04358727649
store_65,2015-04-20,2015-02-23,31413.0,36029.0,39667.833333333336,35752.31531531532,31849.405123647804,40110.097867499484,25397.0,,31849.405123647804,29829.378805685134,32452.16766371576,32973.0545440577,31350.862626673705
store_65,2015-03-30,2015-03-23,47287.0,34175.0,38657.333333333336,34125.495652173915,45537.33002921687,39760.40405786068,43745.0,,45537.33002921687,33714.3661532264,43014.24469569251,41923.27539809643,44295.72572299468
store_65,2015-04-06,2015-03-23,28757.0,34175.0,38657.333333333336,34075.99130434782,31089.923962758257,39797.494105656864,33783.0,,31089.923962758257,30225.534672299465,34890.139356138374,33720.488980219,32959.250704774655
store_65,2015-04-13,2015-03-23,39388.0,34175.0,38657.333333333336,34026.48695652174,41296.772823406456,39834.58415345304,42406.0,,41296.772823406456,32913.739609530654,41179.118992286494,39803.43829300252,41376.7230556561
store_65,2015-04-20,2015-03-23,31413.0,34175.0,38657.333333333336,33976.98260869565,31882.08977142722,39871.67420124922,25397.0,,31882.08977142722,29137.154273529348,32383.58799089214,32539.34693183338,31338.251381152797
store_65,2015-04-27,2015-03-23,41675.0,34175.0,38657.333333333336,33927.47826086957,38987.168940240284,39908.7642490454,38701.0,,38987.168940240284,32050.963540498367,39198.97772976189,38105.376078548834,39040.939842211905
store_65,2015-05-04,2015-03-23,43496.0,34175.0,38657.333333333336,33877.973913043475,43327.29672776409,39945.85429684158,42851.0,,43327.29672776409,33262.06546728321,42041.38367486856,40779.67991133567,42745.02502975229
store_65,2015-05-11,2015-03-23,31318.0,34175.0,38657.333333333336,33828.46956521739,32474.970134029725,39982.944344637755,32789.0,,32474.970134029725,30272.531053888313,35082.30482622249,34147.450720392815,33580.2760875257
store_65,2015-05-18,2015-03-23,39934.0,34175.0,38657.333333333336,33778.965217391305,40107.56436259378,40020.03439243394,36608.0,,40107.56436259378,31906.699615107478,38911.86625167591,38216.43894545115,39212.89492575568
store_65,2015-04-27,2015-04-20,41675.0,31413.0,37963.666666666664,31341.949579831933,39167.12504921264,37530.13596805203,38701.0,,39167.12504921264,30873.839609109036,38466.08700575489,37401.102821295746,38825.82931613673
store_65,2015-05-04,2015-04-20,43496.0,31413.0,37963.666666666664,31270.899159663866,43282.41293728888,37530.13596805203,42851.0,,43282.41293728888,32044.444961667345,41221.18296844697,39970.44735142751,42387.446060135015
store_65,2015-05-11,2015-04-20,31318.0,31413.0,37963.666666666664,31199.8487394958,32436.92472244596,37530.13596805203,32789.0,,32436.92472244596,29047.51087095149,34252.020230165996,33335.6460418024,33221.80703487937
store_65,2015-05-18,2015-04-20,39934.0,31413.0,37963.666666666664,31128.798319327732,40093.73600032779,37530.13596805203,36608.0,,40093.73600032779,30676.762422053456,38077.290656126606,37409.74242420133,38864.15587792148
store_65,2015-05-25,2015-04-20,31438.0,31413.0,37963.666666666664,31057.747899159665,31856.56423256699,37530.13596805203,30440.0,,31856.56423256699,28608.730680920762,33275.56673353967,32637.961273152534,32274.653136714885
store_65,2015-06-01,2015-04-20,45767.0,31413.0,37963.666666666664,30986.697478991595,44444.97473848716,37530.13596805203,44643.0,,44444.97473848716,32425.92497888535,42206.03690217973,40785.67029345556,43549.88859955876
store_65,2015-06-08,2015-04-20,34502.0,31413.0,37963.666666666664,30915.647058823528,33865.4565977562,37530.13596805203,30148.0,,33865.4565977562,28833.700898756913,33847.86418860275,33459.78256398838,33428.633075269
store_65,2015-06-15,2015-04-20,42723.0,31413.0,37963.666666666664,30844.59663865546,41128.60799388956,37530.13596805203,39428.0,,41128.60799388956,31186.85818103767,39362.247987313865,38356.05313901698,40207.86321274679
store_65,2015-05-25,2015-05-18,31438.0,39934.0,38018.25,39934.53658536585,31938.993009864404,37579.568768754354,30440.0,,31938.993009864404,31120.7640519978,33319.52059287292,34250.94218016759,32331.781143148975
store_65,2015-06-01,2015-05-18,45767.0,39934.0,38018.25,39935.07317073171,44496.32390118574,37579.568768754354,44643.0,,44496.32390118574,34943.74512009597,42239.63088998003,42391.32317964636,43588.02388508769
store_65,2015-06-08,2015-05-18,34502.0,39934.0,38018.25,39935.60975609756,34144.98967419273,37579.568768754354,30148.0,,34144.98967419273,31394.345457006377,33957.51948098236,35172.68555365545,33606.211318653455
store_65,2015-06-15,2015-05-18,42723.0,39934.0,38018.25,39936.14634146341,41153.50567509994,37579.568768754354,39428.0,,41153.50567509994,33721.3529693311,39387.0248146181,39962.83055548079,40229.83402481241
store_65,2015-06-22,2015-05-18,31117.0,39934.0,38018.25,39936.68292682927,31042.194443719785,37579.568768754354,30731.0,,31042.194443719785,31034.528019900485,33117.587737491376,33907.88752035258,31857.148361956
store_65,2015-06-29,2015-05-18,49204.0,39934.0,38018.25,39937.21951219512,46914.60052424898,37579.568768754354,44660.0,,46914.60052424898,35291.948400742636,43051.38976433444,43463.34198535917,45070.118239862495
store_65,2015-07-06,2015-05-18,37149.0,39934.0,38018.25,39937.756097560974,35598.10646753806,37579.568768754354,33954.0,,35598.10646753806,32145.95447626477,35710.55841209747,36509.320264935384,35454.20973116475
store_65,2015-07-13,2015-05-18,45197.0,39934.0,38018.25,39938.29268292683,42473.25471720231,37579.568768754354,39989.0,,42473.25471720231,33990.33802412621,40013.94116198555,40648.6011086436,41177.834245681
store_66,2015-02-02,2015-01-26,25825.0,25393.0,27237.666666666668,25370.88785046729,27136.0,24210.376061638002,27923.0,,27136.0,22467.27579696742,26423.12535387933,26556.246882929263,26819.80021235441
store_66,2015-02-09,2015-01-26,22548.0,25393.0,27237.666666666668,25348.77570093458,22528.0,24210.376061638002,22857.0,,22528.0,21082.11691846275,23198.458687212667,23931.11181391527,22943.51978280062
store_66,2015-02-16,2015-01-26,24038.0,25393.0,27237.666666666668,25326.66355140187,23040.0,24210.376061638002,25202.0,,23040.0,21487.100897100932,24150.792020546,24580.718965630793,23907.073631043884
store_66,2015-02-23,2015-01-26,21671.0,25393.0,27237.666666666668,25304.551401869157,21504.0,24210.376061638002,23153.0,,21504.0,20971.799161453404,22955.792020546,23631.203936893213,22507.23951722082
store_66,2015-03-02,2015-01-26,25830.0,25393.0,27237.666666666668,25282.439252336448,25088.0,24210.376061638002,27118.0,,25088.0,22047.068854377303,25472.12535387933,25673.801209222776,25529.5329180627
store_66,2015-03-09,2015-01-26,21398.0,25393.0,27237.666666666668,25260.327102803738,20992.0,24210.376061638002,21068.0,,20992.0,20594.481404444057,22090.12535387933,23027.131862346472,21621.426369345736
store_66,2015-03-16,2015-01-26,24827.0,25393.0,27237.666666666668,25238.21495327103,24064.0,24210.376061638002,22830.0,,24064.0,21281.89395451081,23701.458687212667,24446.494941554818,23722.62430445313
store_66,2015-03-23,2015-01-26,20352.0,25393.0,27237.666666666668,25216.10280373832,20480.0,24210.376061638002,21798.0,,20480.0,20619.30650457757,22162.792020546,22992.568179961207,21577.305804303072
store_66,2015-03-02,2015-02-23,25830.0,21671.0,25024.166666666668,21616.153153153155,25088.0,23130.625127236846,27118.0,,25088.0,20521.134992436666,25112.208375745613,24502.115456217776,25325.987025162547
store_66,2015-03-09,2015-02-23,21398.0,21671.0,25024.166666666668,21561.306306306305,20480.0,23130.625127236846,21068.0,,20480.0,18990.728300029972,21559.54170907895,21674.418492007895,21155.48794498456
store_66,2015-03-16,2015-02-23,24827.0,21671.0,25024.166666666668,21506.45945945946,23296.0,23130.625127236846,22830.0,,23296.0,19636.89303619471,23085.54170907895,23001.52433855486,23125.489614361446
store_66,2015-03-23,2015-02-23,20352.0,21671.0,25024.166666666668,21451.61261261261,19712.0,23130.625127236846,21798.0,,19712.0,18969.629200930875,21546.87504241228,21544.110728972068,20980.17111421139
store_66,2015-03-30,2015-02-23,33373.0,21671.0,25024.166666666668,21396.765765765766,29696.0,23130.625127236846,27089.0,,29696.0,21143.936794238467,26638.54170907895,26070.746534950897,27678.848730193717
store_66,2015-04-06,2015-02-23,18805.0,21671.0,25024.166666666668,21341.91891891892,20480.0,23130.625127236846,22727.0,,20480.0,19196.387244688918,22112.54170907895,21986.685369898445,21651.5334138723
store_66,2015-04-13,2015-02-23,23689.0,21671.0,25024.166666666668,21287.07207207207,25344.0,23130.625127236846,31469.0,,25344.0,21132.266266567938,26647.87504241228,25436.092331935666,26758.144011285192
store_66,2015-04-20,2015-02-23,20001.0,21671.0,25024.166666666668,21232.225225225226,16640.0,23130.625127236846,18416.0,,16640.0,18016.288145589817,19395.54170907895,19771.27799794151,18394.588815271483
store_66,2015-03-30,2015-03-23,33373.0,20352.0,23450.25,20287.591304347825,31232.0,22508.72349036459,27089.0,,31232.0,20702.7949706732,26943.241163454863,26092.194731321044,28348.79046958449
store_66,2015-04-06,2015-03-23,18805.0,20352.0,23450.25,20223.182608695653,20480.0,22508.72349036459,22727.0,,20480.0,18534.45087129432,21905.241163454863,21474.49274528078,21534.297558880022
store_66,2015-04-13,2015-03-23,23689.0,20352.0,23450.25,20158.77391304348,25088.0,22508.72349036459,31469.0,,25088.0,20432.39248620115,26355.241163454863,24834.11080969119,26509.711890562405
store_66,2015-04-20,2015-03-23,20001.0,20352.0,23450.25,20094.365217391303,16896.0,22508.72349036459,18416.0,,16896.0,17388.191243965128,19273.5744967882,19345.818732086824,18408.549226009713
store_66,2015-04-27,2015-03-23,26038.0,20352.0,23450.25,20029.956521739132,25088.0,22508.72349036459,27726.0,,25088.0,19879.275716014818,25107.5744967882,24063.135420539555,25390.54480795432
store_66,2015-05-04,2015-03-23,27836.0,20352.0,23450.25,19965.547826086957,27648.0,22508.72349036459,27682.0,,27648.0,20229.503045207362,25946.241163454863,24935.07682550105,26689.351346735566
store_66,2015-05-11,2015-03-23,21718.0,20352.0,23450.25,19901.13913043478,23552.0,22508.72349036459,22405.0,,23552.0,18881.30180297134,22821.90783012153,22440.28932448054,23012.373880267074
store_66,2015-05-18,2015-03-23,27391.0,20352.0,23450.25,19836.73043478261,26624.0,22508.72349036459,24009.0,,26624.0,19540.100560735315,24380.5744967882,23823.18174044971,25066.329389766113
store_66,2015-04-27,2015-04-20,26038.0,20001.0,23529.75,19935.806722689074,25152.0,22477.66598319275,27726.0,,25152.0,19831.74610084026,25118.555327730915,24041.941464732892,25417.48916490985
store_66,2015-05-04,2015-04-20,27836.0,20001.0,23529.75,19870.613445378152,27456.0,22477.66598319275,27682.0,,27456.0,20145.28991836727,25871.888661064248,24825.02891262948,26585.099437960584
store_66,2015-05-11,2015-04-20,21718.0,20001.0,23529.75,19805.420168067227,23296.0,22477.66598319275,22405.0,,23296.0,18787.83373589428,22726.221994397583,22307.96524304821,22875.322905059467
store_66,2015-05-18,2015-04-20,27391.0,20001.0,23529.75,19740.2268907563,26624.0,22477.66598319275,24009.0,,26624.0,19483.091839135577,24370.221994397583,23779.544471296867,25060.47468028901
store_66,2015-05-25,2015-04-20,21249.0,20001.0,23529.75,19675.03361344538,20736.0,22477.66598319275,23612.0,,20736.0,18575.921370948305,22275.221994397583,21650.563459618035,21924.25649907897
store_66,2015-06-01,2015-04-20,28920.0,20001.0,23529.75,19609.840336134454,28032.0,22477.66598319275,29610.0,,28032.0,20465.75090276103,26706.555327730915,25387.0427533613,27456.768229353664
store_66,2015-06-08,2015-04-20,22745.0,20001.0,23529.75,19544.647058823528,23424.0,22477.66598319275,21195.0,,23424.0,18596.009006002325,22365.555327730915,22079.77572957252,22579.127778518952
store_66,2015-06-15,2015-04-20,27357.0,20001.0,23529.75,19479.453781512606,26368.0,22477.66598319275,27864.0,,26368.0,19959.981394957907,25569.888661064248,24442.90986262385,26081.933798863647
store_66,2015-05-25,2015-05-18,21249.0,27391.0,24271.5,27388.0081300813,21504.0,25058.46501847417,23612.0,,21504.0,21317.853306936493,23391.48833949139,23948.70292699455,22804.356608551567
store_66,2015-06-01,2015-05-18,28920.0,27391.0,24271.5,27385.016260162603,27648.0,25058.46501847417,29610.0,,27648.0,23051.997325519536,27438.82167282472,27292.34108487906,27746.485143038968
store_66,2015-06-08,2015-05-18,22745.0,27391.0,24271.5,27382.024390243903,24576.0,25058.46501847417,21195.0,,24576.0,21410.569915531152,23609.82167282472,24524.321964289622,23656.02228658731
store_66,2015-06-15,2015-05-18,27357.0,27391.0,24271.5,27379.032520325203,26624.0,25058.46501847417,27864.0,,26624.0,22655.42821982848,26515.48833949139,26583.385346154395,26699.641376875225
store_66,2015-06-22,2015-05-18,22344.0,27391.0,24271.5,27376.040650406503,23552.0,25058.46501847417,22346.0,,23552.0,21427.85795269724,23652.155006158056,24401.464204993663,23475.38932414134
store_66,2015-06-29,2015-05-18,31398.0,27391.0,24271.5,27373.048780487807,30720.0,25058.46501847417,31331.0,,30720.0,23735.001971280282,29036.48833949139,28704.489964581655,29835.42396770369
store_66,2015-07-06,2015-05-18,26352.0,27391.0,24271.5,27370.056910569107,25600.0,25058.46501847417,27847.0,,25600.0,22505.43170414904,26168.488339491385,26223.908435086458,26169.773268159886
store_66,2015-07-13,2015-05-18,30955.0,27391.0,24271.5,27367.065040650406,31744.0,25058.46501847417,30883.0,,31744.0,23816.432865589224,29228.488339491385,28968.298330952388,30226.255823837473
store_67,2015-02-02,2015-01-26,42721.0,43533.0,41947.666666666664,43531.990654205605,46145.14355918526,39223.47368427518,47239.0,,46145.14355918526,37374.32493776181,44202.539081153474,45383.5024039072,45943.65320845256
store_67,2015-02-09,2015-01-26,33029.0,43533.0,41947.666666666664,43530.98130841122,33212.82120197642,39223.47368427518,31365.0,,33212.82120197642,33258.99183733278,34600.431628750535,34956.84891629755,33082.775590815705
store_67,2015-02-16,2015-01-26,44075.0,43533.0,41947.666666666664,43529.97196261682,43188.46723805759,39223.47368427518,44220.0,,43188.46723805759,36520.36850737375,42210.64697411092,43167.62953852262,43210.595130541034
store_67,2015-02-23,2015-01-26,30903.0,43533.0,41947.666666666664,43528.96261682243,29312.18888426166,39223.47368427518,31129.0,,29312.18888426166,32667.75597886085,33221.55418951228,33065.41874041089,30749.907511690115
store_67,2015-03-02,2015-01-26,45757.0,43533.0,41947.666666666664,43527.95327102804,46661.73807183841,39223.47368427518,45138.0,,46661.73807183841,37147.4045276869,43674.40391870453,45046.53417281099,45528.318147924656
store_67,2015-03-09,2015-01-26,30598.0,43533.0,41947.666666666664,43526.943925233645,29264.015103970625,39223.47368427518,29959.0,,29264.015103970625,32493.4427685923,32815.4962627486,32720.53268790473,30324.653661184748
store_67,2015-03-16,2015-01-26,43152.0,43533.0,41947.666666666664,43525.93457943925,43131.280856079335,39223.47368427518,43390.0,,43131.280856079335,36393.050826637205,41914.91818011817,42912.032961432444,42895.629482460914
store_67,2015-03-23,2015-01-26,31874.0,43533.0,41947.666666666664,43524.92523364486,31420.505043119345,39223.47368427518,31405.0,,31420.505043119345,33007.795803958004,34016.32624246484,34128.31381471817,32061.26043835908
store_67,2015-03-02,2015-02-23,45757.0,30903.0,40204.166666666664,30788.243243243243,46643.22162827963,39172.70713421882,45138.0,,46643.22162827963,33264.191238915475,43651.30958749948,43349.98311131537,45513.42143170168
store_67,2015-03-09,2015-02-23,30598.0,30903.0,40204.166666666664,30673.486486486487,29244.698062035226,39172.70713421882,29959.0,,29244.698062035226,28593.86547848674,32792.13506541801,31016.64474504882,30309.294581530234
store_67,2015-03-16,2015-02-23,43152.0,30903.0,40204.166666666664,30558.72972972973,43112.121235173116,39172.70713421882,43390.0,,43112.121235173116,32477.24639511262,41891.60945646398,41201.25669132731,42880.36131696433
store_67,2015-03-23,2015-02-23,31874.0,30903.0,40204.166666666664,30443.972972972973,31401.444372574275,39172.70713421882,31405.0,,31401.444372574275,29075.75587806182,33993.05050226436,32410.62184082179,32046.04941890459
store_67,2015-03-30,2015-02-23,52399.0,30903.0,40204.166666666664,30329.216216216217,50354.87662867121,39172.70713421882,46664.0,,50354.87662867121,33946.85237796756,45397.19458763001,45479.96738232695,48175.34560853916
store_67,2015-04-06,2015-02-23,30550.0,30903.0,40204.166666666664,30214.45945945946,30497.482009747902,39172.70713421882,33014.0,,30497.482009747902,29143.687895727548,34228.06304798891,32416.433699248526,32070.545473355025
store_67,2015-04-13,2015-02-23,46313.0,30903.0,40204.166666666664,30099.702702702703,45864.328053641526,39172.70713421882,47056.0,,45864.328053641526,33328.55779388996,44031.01172928678,43471.35387143672,45715.11042324782
store_67,2015-04-20,2015-02-23,31931.0,30903.0,40204.166666666664,29984.945945945947,31869.44523817381,39172.70713421882,29173.0,,31869.44523817381,28758.180712143607,33405.05079079754,31986.9772778838,31558.151599322668
store_67,2015-03-30,2015-03-23,52399.0,31874.0,38525.083333333336,31771.678260869565,50343.29537594232,39127.66075155901,46664.0,,50343.29537594232,34043.67396024346,45378.318709167106,45510.64472785962,48164.92770307371
store_67,2015-04-06,2015-03-23,30550.0,31874.0,38525.083333333336,31669.35652173913,30538.340257848497,39127.66075155901,33014.0,,30538.340257848497,29249.77726635428,34226.66700313583,32472.424833688805,32090.41255004736
store_67,2015-04-13,2015-03-23,46313.0,31874.0,38525.083333333336,31567.034782608695,45893.30408127945,39127.66075155901,47056.0,,45893.30408127945,33434.72613554007,44025.65494427948,43522.54273205992,45728.11525241654
store_67,2015-04-20,2015-03-23,31931.0,31874.0,38525.083333333336,31464.71304347826,31864.60716628631,39127.66075155901,29173.0,,31864.60716628631,28861.294899236702,33388.422639281765,32023.09514314057,31551.628031298234
store_67,2015-04-27,2015-03-23,43462.0,31874.0,38525.083333333336,31362.391304347828,42605.707967080176,39127.66075155901,44953.0,,42605.707967080176,32635.40619376005,42228.78957287972,41391.58592841017,43115.09582520968
store_67,2015-05-04,2015-03-23,49711.0,31874.0,38525.083333333336,31260.069565217393,48453.432908728835,39127.66075155901,48129.0,,48453.432908728835,33909.89236554837,45236.69788676262,44997.92626374385,47571.12968330722
store_67,2015-05-11,2015-03-23,30975.0,31874.0,38525.083333333336,31157.747826086958,30314.413399941135,39127.66075155901,31915.0,,30314.413399941135,28987.70075870292,33785.69138383338,32033.61218975589,31587.775068171304
store_67,2015-05-18,2015-03-23,44434.0,31874.0,38525.083333333336,31055.426086956522,45697.24815516989,39127.66075155901,43938.0,,45697.24815516989,32888.20261814554,42920.9696355763,42540.76581382931,44555.748171737505
store_67,2015-04-27,2015-04-20,43462.0,31931.0,38608.5,31832.59663865546,42594.99670305552,39169.052173703305,44953.0,,42594.99670305552,32727.020787916324,42239.01629225294,41427.15830691415,43112.336703733374
store_67,2015-05-04,2015-04-20,49711.0,31931.0,38608.5,31734.193277310926,48488.99605042595,39169.052173703305,48129.0,,48488.99605042595,34008.6773573486,45262.34940804308,45055.40460281849,47595.095063961526
store_67,2015-05-11,2015-04-20,30975.0,31931.0,38608.5,31635.789915966387,30332.034577923485,39169.052173703305,31915.0,,30332.034577923485,29084.482381084737,33805.36225054226,32082.929753451783,31601.37856432285
store_67,2015-05-18,2015-04-20,44434.0,31931.0,38608.5,31537.386554621848,45757.66236660652,39169.052173703305,43938.0,,45757.66236660652,32991.657299275954,42954.90484676994,42610.35932534948,44594.06559983235
store_67,2015-05-25,2015-04-20,31975.0,31931.0,38608.5,31438.983193277312,30527.99663054112,39169.052173703305,32584.0,,30527.99663054112,29179.933142503105,34093.68293474814,32346.87168974182,31941.800841525983
store_67,2015-06-01,2015-04-20,43589.0,31931.0,38608.5,31340.579831932773,41397.61946729495,39169.052173703305,49461.0,,41397.61946729495,33129.67878184729,43342.557213666085,42077.881126339176,43952.128331587985
store_67,2015-06-08,2015-04-20,34167.0,31931.0,38608.5,31242.176470588234,33712.87446454522,39169.052173703305,32555.0,,33712.87446454522,29602.65758697668,35145.6422127495,33818.03072823354,33771.287986894546
store_67,2015-06-15,2015-04-20,47594.0,31931.0,38608.5,31143.7731092437,44620.45797614317,39169.052173703305,44205.0,,44620.45797614317,32811.111894155736,42664.83671661549,42127.346807985225,44028.0007981037
store_67,2015-05-25,2015-05-18,31975.0,44434.0,40096.333333333336,44440.44715447154,30577.158042945266,39260.88956427108,32584.0,,30577.158042945266,33056.11829928874,34140.68253573878,34051.85865992149,31977.79604226205
store_67,2015-06-01,2015-05-18,43589.0,44434.0,40096.333333333336,44446.89430894309,41635.7643430313,39260.88956427108,49461.0,,41635.7643430313,37047.840221368395,43452.55130243412,43877.76950255797,44097.26570043397
store_67,2015-06-08,2015-05-18,34167.0,44434.0,40096.333333333336,44453.34146341463,33608.25488391747,39260.88956427108,32555.0,,33608.25488391747,33486.83132070521,35141.381482729514,35463.850902999795,33718.471231824224
store_67,2015-06-15,2015-05-18,47594.0,44434.0,40096.333333333336,44459.78861788618,44525.1940069923,39260.88956427108,44205.0,,44525.1940069923,36711.600788926124,42663.69452375446,43783.96486132117,43980.5871174748
store_67,2015-06-22,2015-05-18,32543.0,44434.0,40096.333333333336,44466.23577235772,31896.451474754365,39260.88956427108,34860.0,,31896.451474754365,33573.4157349595,35339.113679675145,35297.93235989886,33512.842386665856
store_67,2015-06-29,2015-05-18,49540.0,44434.0,40096.333333333336,44472.68292682927,48635.32562234629,39260.88956427108,50257.0,,48635.32562234629,38165.17592096856,46051.071728872455,47375.822333481825,48410.05848466073
store_67,2015-07-06,2015-05-18,34572.0,44434.0,40096.333333333336,44479.13008130081,33248.367349340835,39260.88956427108,33143.0,,33248.367349340835,33523.10290403515,35217.418971203966,35458.85614004226,33710.36341412368
store_67,2015-07-13,2015-05-18,47222.0,44434.0,40096.333333333336,44485.577235772354,45659.42822626656,39260.88956427108,44821.0,,45659.42822626656,36965.3183370919,43247.10593017921,44486.24354126898,44844.87916397102
store_68,2015-02-02,2015-01-26,39121.0,38672.0,38712.083333333336,38670.15887850467,42198.598524653884,37567.36401780571,39751.0,,42198.598524653884,33653.02925061394,39838.987514153196,39889.78908345592,40603.77601001606
store_68,2015-02-09,2015-01-26,34063.0,38672.0,38712.083333333336,38668.31775700935,35686.01674947595,37567.36401780571,35058.0,,35686.01674947595,32051.968836803477,36103.79358909388,36969.51586286042,35952.334298639915
store_68,2015-02-16,2015-01-26,37621.0,38672.0,38712.083333333336,38666.47663551402,38772.04876269067,37567.36401780571,39130.0,,38772.04876269067,33074.281821334815,38489.80426016546,38625.85995502031,38591.125073803996
store_68,2015-02-23,2015-01-26,35120.0,38672.0,38712.083333333336,38664.63551401869,36040.98089648103,37567.36401780571,36488.0,,36040.98089648103,32306.437680234107,36698.78163809558,37301.59862672626,36482.019098853125
store_68,2015-03-02,2015-01-26,38863.0,38672.0,38712.083333333336,38662.79439252336,39986.16207625663,37567.36401780571,39670.0,,39986.16207625663,33324.343402845574,39074.50869802078,39120.34794974771,39379.51009059663
store_68,2015-03-09,2015-01-26,35576.0,38672.0,38712.083333333336,38660.95327102804,35357.41308390701,37567.36401780571,35282.0,,35357.41308390701,32035.973386582013,36068.92570057091,36889.33441110201,35826.01102585782
store_68,2015-03-16,2015-01-26,37774.0,38672.0,38712.083333333336,38659.11214953271,38839.97548168829,37567.36401780571,36774.0,,38839.97548168829,32746.362140337147,37727.113166498,38300.35828716103,38074.02379036341
store_68,2015-03-23,2015-01-26,35738.0,38672.0,38712.083333333336,38657.27102803739,36033.632080273805,37567.36401780571,34315.0,,36033.632080273805,31993.90720849289,35971.998699359836,36977.373509202516,35966.95127114871
store_68,2015-03-02,2015-02-23,38863.0,35120.0,37184.333333333336,35086.22522522522,39316.7247669961,37029.251155936625,39670.0,,39316.7247669961,31915.21921164161,38671.991974310906,37759.16406974815,38896.416728191434
store_68,2015-03-09,2015-02-23,35576.0,35120.0,37184.333333333336,35052.45045045045,34718.80997573615,37029.251155936625,35282.0,,34718.80997573615,30626.692130779506,35676.687043890925,35534.88361372781,35359.71446762161
store_68,2015-03-16,2015-02-23,37774.0,35120.0,37184.333333333336,35018.67567567567,38192.50079574212,37029.251155936625,36774.0,,38192.50079574212,31331.251565812534,37331.917317226245,36939.062100480005,37602.894476638314
store_68,2015-03-23,2015-02-23,35738.0,35120.0,37184.333333333336,34984.9009009009,35393.46325647223,37029.251155936625,34315.0,,35393.46325647223,30575.27837809187,35579.23813746961,35614.76424916883,35499.80179576518
store_68,2015-03-30,2015-02-23,37360.0,35120.0,37184.333333333336,34951.126126126124,34963.51965714038,37029.251155936625,41573.0,,34963.51965714038,31545.89003893378,37855.256937692335,36535.31081570273,36972.58985471068
store_68,2015-04-06,2015-02-23,31247.0,35120.0,37184.333333333336,34917.35135135135,30847.894738083392,37029.251155936625,32752.0,,30847.894738083392,29692.975796957813,33543.04863134,33821.45140855203,32656.022438208027
store_68,2015-04-13,2015-02-23,40762.0,35120.0,37184.333333333336,34883.576576576575,40305.27591652068,37029.251155936625,33937.0,,40305.27591652068,31208.49099748103,37090.50902415243,37226.588626612414,38086.590282024226
store_68,2015-04-20,2015-02-23,35229.0,35120.0,37184.333333333336,34849.801801801805,34167.244789338205,37029.251155936625,28945.0,,34167.244789338205,29613.66158291571,33380.49864842494,34386.44577404925,33568.86213624402
store_68,2015-03-30,2015-03-23,37360.0,35738.0,36790.916666666664,35710.77391304348,35129.8319635237,36956.5147955287,41573.0,,35129.8319635237,31699.86247696608,37886.44891968413,36695.58849090058,37047.181026739185
store_68,2015-04-06,2015-03-23,31247.0,35738.0,36790.916666666664,35683.54782608696,30887.441625563108,36956.5147955287,32752.0,,30887.441625563108,29829.774416263634,33531.98547369726,33939.15983112895,32661.558669895057
store_68,2015-04-13,2015-03-23,40762.0,35738.0,36790.916666666664,35656.321739130435,40318.72870058553,36956.5147955287,33937.0,,40318.72870058553,31342.497414558762,37070.747832038076,37336.15509332005,38077.91185824636
store_68,2015-04-20,2015-03-23,35229.0,35738.0,36790.916666666664,35629.09565217391,34222.91468195441,36956.5147955287,28945.0,,34222.91468195441,29754.634542331954,33374.8098258277,34511.23116335042,33583.18130863724
store_68,2015-04-27,2015-03-23,36782.0,35738.0,36790.916666666664,35601.86956521739,35777.67450414355,36956.5147955287,37794.0,,35777.67450414355,31236.996504508043,36842.729766557415,36346.18621257731,36511.31327864556
store_68,2015-05-04,2015-03-23,39026.0,35738.0,36790.916666666664,35574.64347826087,38787.58752588749,36956.5147955287,38846.0,,38787.58752588749,31813.380352334818,38196.700773805394,37527.58100856905,38398.36930446972
store_68,2015-05-11,2015-03-23,32470.0,35738.0,36790.916666666664,35547.41739130435,32093.556985183066,36956.5147955287,34422.0,,32093.556985183066,30221.20083409754,34490.69059357059,34581.94311917528,33711.34982868797
store_68,2015-05-18,2015-03-23,38534.0,35738.0,36790.916666666664,35520.19130434783,38891.553901947234,36956.5147955287,37562.0,,38891.553901947234,31637.025238355774,37803.35623249198,37367.05946485901,38153.02253796173
store_68,2015-04-27,2015-04-20,36782.0,35229.0,36539.5,35198.41176470588,36253.51673345601,36664.134874246774,37794.0,,36253.51673345601,31096.93762462981,36903.88386923426,36325.65178507847,36706.18360526873
store_68,2015-05-04,2015-04-20,39026.0,35229.0,36539.5,35167.82352941176,39083.172887853674,36664.134874246774,38846.0,,39083.172887853674,31647.090184501743,38197.76925403348,37445.0015417777,38495.045444315474
store_68,2015-05-11,2015-04-20,32470.0,35229.0,36539.5,35137.23529411765,32329.071028325783,36664.134874246774,34422.0,,32329.071028325783,30045.848742384314,34471.735300857516,34478.419333034995,33775.30236478228
store_68,2015-05-18,2015-04-20,38534.0,35229.0,36539.5,35106.64705882353,39185.828202700555,36664.134874246774,37562.0,,39185.828202700555,31469.58716225298,37803.98769231577,37283.22905170052,38248.98448260645
store_68,2015-05-25,2015-04-20,30947.0,35229.0,36539.5,35076.05882352941,31293.185578507193,36664.134874246774,33266.0,,31293.185578507193,29723.982753754768,33741.10681758465,33946.19041931546,32939.130133127685
store_68,2015-06-01,2015-04-20,40687.0,35229.0,36539.5,35045.470588235294,39811.0923931316,36664.134874246774,42773.0,,39811.0923931316,32294.599693659093,39749.40908912612,38259.132364194746,39815.16180263906
store_68,2015-06-08,2015-04-20,36387.0,35229.0,36539.5,35014.882352941175,34599.182602059234,36664.134874246774,30372.0,,34599.182602059234,29774.09997560674,33878.43915876867,34642.17907960639,34059.42291628549
store_68,2015-06-15,2015-04-20,37830.0,35229.0,36539.5,34984.294117647056,36124.83335999338,36664.134874246774,37941.0,,36124.83335999338,31068.9660502696,36909.989411413386,36277.79235949398,36670.656575207555
store_68,2015-05-25,2015-05-18,30947.0,38534.0,36613.416666666664,38531.276422764226,31129.701610265445,36681.84299760908,33266.0,,31129.701610265445,30679.462528186486,33692.51486929151,34714.4136194946,32853.96986333946
store_68,2015-06-01,2015-05-18,40687.0,38534.0,36613.416666666664,38528.55284552846,39750.44144211586,36681.84299760908,42773.0,,39750.44144211586,33268.75056456,39735.094813241645,39065.84796174776,39786.01939585395
store_68,2015-06-08,2015-05-18,36387.0,38534.0,36613.416666666664,38525.829268292684,34503.47853365904,36681.84299760908,30372.0,,34503.47853365904,30747.22392374678,33852.440510422704,35440.233157341216,34011.18546803954
store_68,2015-06-15,2015-05-18,37830.0,38534.0,36613.416666666664,38523.10569105691,36030.16496585321,36681.84299760908,37941.0,,36030.16496585321,32046.218617312265,36884.33598782076,37079.52646210308,36622.98330625322
store_68,2015-06-22,2015-05-18,31939.0,38534.0,36613.416666666664,38520.382113821135,30783.202057396382,36681.84299760908,34226.0,,30783.202057396382,30765.54911935618,33897.01501833515,34736.3577276703,32890.99660875042
store_68,2015-06-29,2015-05-18,43487.0,38534.0,36613.416666666664,38517.65853658537,39599.74669877358,36681.84299760908,38812.0,,39599.74669877358,32679.809271376384,38364.529898794215,38428.19090317877,38772.347442782986
store_68,2015-07-06,2015-05-18,36735.0,38534.0,36613.416666666664,38514.93495934959,34588.24432678908,36681.84299760908,32997.0,,34588.24432678908,31132.776992916344,34755.69577479939,35855.48942194942,34674.731073173374
store_68,2015-07-13,2015-05-18,39790.0,38534.0,36613.416666666664,38512.21138211382,39260.68352625343,36681.84299760908,36709.0,,39260.68352625343,32330.164938948998,37550.5088412875,38001.09104199995,38093.04277874394
store_69,2015-02-02,2015-01-26,24332.0,24999.0,24411.25,24990.439252336448,26054.293854083247,22550.289543915682,25469.0,,26054.293854083247,21210.610378619338,24691.19446599964,25301.543687270867,25464.82714510023
store_69,2015-02-09,2015-01-26,20345.0,24999.0,24411.25,24981.8785046729,19957.293273324725,22550.289543915682,19133.0,,19957.293273324725,19433.244474559044,20546.860939080136,21157.41708191993,20014.066392433397
store_69,2015-02-16,2015-01-26,23474.0,24999.0,24411.25,24973.317757009347,22916.004483870343,22550.289543915682,25181.0,,22916.004483870343,20718.694540685054,23549.09800926201,23849.516639572663,23556.40008583017
store_69,2015-02-23,2015-01-26,20511.0,24999.0,24411.25,24964.757009345794,21262.998095526433,22550.289543915682,20899.0,,21262.998095526433,19869.613521255415,21570.762546480702,22137.298831884753,21304.829204902057
store_69,2015-03-02,2015-01-26,26845.0,24999.0,24411.25,24956.196261682242,26939.700594693917,22550.289543915682,26080.0,,26939.700594693917,21419.490914327405,25189.996712869863,25829.732880480988,26163.108617502076
store_69,2015-03-09,2015-01-26,20193.0,24999.0,24411.25,24947.635514018693,20642.292692566305,22550.289543915682,19579.0,,20642.292692566305,19589.92396435724,20923.860745493996,21559.335109495154,20546.23742739614
store_69,2015-03-16,2015-01-26,25047.0,24999.0,24411.25,24939.07476635514,25848.107335304536,22550.289543915682,24714.0,,25848.107335304536,21065.960235082195,24370.798959740074,25033.455524204954,25117.324011439792
store_69,2015-03-23,2015-01-26,19476.0,24999.0,24411.25,24930.51401869159,19936.702917728133,22550.289543915682,20033.0,,19936.702917728133,19551.536640047914,20839.997487214605,21350.851841597963,20273.69929176751
store_69,2015-03-02,2015-02-23,26845.0,20511.0,23009.25,20462.315315315314,26891.32484006833,22535.885438215188,26080.0,,26891.32484006833,19927.110799085545,25169.07009276117,24997.550999410098,26133.333330736874
store_69,2015-03-09,2015-02-23,20193.0,20511.0,23009.25,20413.630630630632,20587.728372714297,22535.885438215188,19579.0,,20587.728372714297,18090.92777736573,20900.871270309828,20721.353719985604,20512.87018486233
store_69,2015-03-16,2015-02-23,25047.0,20511.0,23009.25,20364.945945945947,25791.390471026105,22535.885438215188,24714.0,,25791.390471026105,19560.924550741034,24347.091969747096,24191.455370999272,25082.707392986566
store_69,2015-03-23,2015-02-23,19476.0,20511.0,23009.25,20316.26126126126,19917.386512860423,22535.885438215188,20033.0,,19917.386512860423,18046.111887476694,20828.757317025204,20522.28422317167,20260.79057991517
store_69,2015-03-30,2015-02-23,25956.0,20511.0,23009.25,20267.576576576575,24782.97786706196,22535.885438215188,26345.0,,24782.97786706196,19635.955697407673,24554.621101759047,24113.21317635945,24989.576792095966
store_69,2015-04-06,2015-02-23,17107.0,20511.0,23009.25,20218.891891891893,17348.80838431838,22535.885438215188,20121.0,,17348.80838431838,17677.83367348935,20001.897940844523,19401.732613286636,18796.49600787781
store_69,2015-04-13,2015-02-23,25778.0,20511.0,23009.25,20170.207207207208,25901.736380233644,22535.885438215188,24940.0,,25901.736380233644,19581.15414652229,24459.207272816275,24277.087541072004,25214.951903757043
store_69,2015-04-20,2015-02-23,18728.0,20511.0,23009.25,20121.522522522522,18963.685518139664,22535.885438215188,15985.0,,18963.685518139664,17303.763354125338,19161.52365211828,19158.045049188117,18485.72108134187
store_69,2015-03-30,2015-03-23,25956.0,19476.0,22901.166666666668,19420.008695652174,24762.8367537766,22547.98015515998,26345.0,,24762.8367537766,19350.427467322203,24551.938969645526,23951.79864901293,24979.311546454494
store_69,2015-04-06,2015-03-23,17107.0,19476.0,22901.166666666668,19364.017391304347,17346.78828896603,22547.98015515998,20121.0,,17346.78828896603,17393.850357442432,20005.256148042004,19247.754439344186,18796.74853049375
store_69,2015-04-13,2015-03-23,25778.0,19476.0,22901.166666666668,19308.02608695652,25883.523029580934,22547.98015515998,24940.0,,25883.523029580934,19293.813705480585,24457.16772824697,24115.405817970684,25205.805566595245
store_69,2015-04-20,2015-03-23,18728.0,19476.0,22901.166666666668,19252.034782608695,18915.270470932406,22547.98015515998,15985.0,,18915.270470932406,17011.06458219539,19149.416875364128,18982.479070893303,18459.045130417988
store_69,2015-04-27,2015-03-23,23462.0,19476.0,22901.166666666668,19196.043478260868,23742.916947662176,22547.98015515998,24337.0,,23742.916947662176,18885.87246396424,23542.632367607384,23024.056860109562,23781.397655605382
store_69,2015-05-04,2015-03-23,26233.0,19476.0,22901.166666666668,19140.05217391304,26176.33145702287,22547.98015515998,25646.0,,26176.33145702287,19412.50435039465,24790.103870727617,24393.695789504647,25588.799395442868
store_69,2015-05-11,2015-03-23,18175.0,19476.0,22901.166666666668,19084.06086956522,18521.821479030332,22547.98015515998,19219.0,,18521.821479030332,17392.861310060314,20096.26721139677,19537.87370497913,19206.57172081465
store_69,2015-05-18,2015-03-23,25111.0,19476.0,22901.166666666668,19028.069565217393,27104.383233089426,22547.98015515998,25475.0,,27104.383233089426,19504.657088590495,25042.454462749803,24755.37367771084,26075.85657466118
store_69,2015-04-27,2015-04-20,23462.0,18728.0,22316.0,18667.605042016807,23750.841898410883,22526.72044245434,24337.0,,23750.841898410883,18618.02391184029,23538.187446955075,22877.149393038697,23783.49258108366
store_69,2015-05-04,2015-04-20,26233.0,18728.0,22316.0,18607.210084033613,26187.27174409112,22526.72044245434,25646.0,,26187.27174409112,19144.45746722558,24786.66406218182,24247.781897607747,25592.644476941317
store_69,2015-05-11,2015-04-20,18175.0,18728.0,22316.0,18546.81512605042,18533.630614452737,22526.72044245434,19219.0,,18533.630614452737,17124.309454708215,20093.117018969024,19392.006329916145,19210.921097693947
store_69,2015-05-18,2015-04-20,25111.0,18728.0,22316.0,18486.420168067227,27118.27084137249,22526.72044245434,25475.0,,27118.27084137249,19235.77306455629,25039.997094608945,24610.086521508372,26081.41233497647
store_69,2015-05-25,2015-04-20,17841.0,18728.0,22316.0,18426.025210084033,18374.805948197878,22526.72044245434,18287.0,,18374.805948197878,16951.221657248036,19729.508796884074,19098.903061208595,18837.496140807492
store_69,2015-06-01,2015-04-20,24350.0,18728.0,22316.0,18365.63025210084,23856.232149074167,22526.72044245434,26415.0,,23856.232149074167,18886.797549089904,24265.98419717617,23377.21742854444,24471.720084819674
store_69,2015-06-08,2015-04-20,20162.0,18728.0,22316.0,18305.235294117647,20801.377766904363,22526.72044245434,17478.0,,20801.377766904363,17165.047643353762,20268.699403119568,19974.72486721892,20001.7987761122
store_69,2015-06-15,2015-04-20,24332.0,18728.0,22316.0,18244.840336134454,24738.14371240017,22526.72044245434,23055.0,,24738.14371240017,18515.529212998423,23439.954718284836,22986.348847718196,23969.68430312019
store_69,2015-05-25,2015-05-18,17841.0,25111.0,22675.916666666668,25104.463414634145,17064.640917483077,22550.286353826257,18287.0,,17064.640917483077,18684.75819323002,19300.64242376978,19554.748702203196,18079.829118284295
store_69,2015-06-01,2015-05-18,24350.0,25111.0,22675.916666666668,25097.926829268294,23097.809270352358,22550.286353826257,26415.0,,23097.809270352358,20706.84844573051,24021.031874726206,24080.6184297408,24034.29423825924
store_69,2015-06-08,2015-05-18,20162.0,25111.0,22675.916666666668,25091.39024390244,19815.632173087593,22550.286353826257,17478.0,,19815.632173087593,18960.31791964042,19947.972842304618,20581.94770123886,19432.43069287092
store_69,2015-06-15,2015-05-18,24332.0,25111.0,22675.916666666668,25084.853658536584,24528.020900174102,22550.286353826257,23055.0,,24528.020900174102,20429.296797029085,23377.769084666787,23939.906080469656,23850.501783521097
store_69,2015-06-22,2015-05-18,19593.0,25111.0,22675.916666666668,25078.317073170732,19079.74869069783,22550.286353826257,18608.0,,19079.74869069783,19014.752683480212,20079.34501484136,20515.473721180962,19346.299235580394
store_69,2015-06-29,2015-05-18,26340.0,25111.0,22675.916666666668,25071.780487804877,24053.838248598448,22550.286353826257,26810.0,,24053.838248598448,20896.11739384232,24471.3748674749,24591.03878141637,24708.38600147634
store_69,2015-07-06,2015-05-18,20056.0,25111.0,22675.916666666668,25065.243902439026,18611.620527650928,22550.286353826257,18684.0,,18611.620527650928,18956.866778654694,19948.635627159063,20325.362962417646,19097.522891857912
store_69,2015-07-13,2015-05-18,23628.0,25111.0,22675.916666666668,25058.70731707317,22845.046433560317,22550.286353826257,24164.0,,22845.046433560317,20343.56525301806,23186.44426246219,23449.74619146851,23208.324542361497
store_7,2015-02-02,2015-01-26,50544.0,47322.0,54743.666666666664,47289.11214953271,51124.007631580535,44599.39426517916,52833.0,,51124.007631580535,42558.74010185129,49518.80063225323,50166.864830368366,50468.98105199485
store_7,2015-02-09,2015-01-26,41234.0,47322.0,54743.666666666664,47256.22429906542,37942.24902685567,44599.39426517916,41811.0,,37942.24902685567,39096.36203682385,41450.88109734494,43246.21485415377,40354.4522758097
store_7,2015-02-16,2015-01-26,44626.0,47322.0,54743.666666666664,47223.33644859813,42161.68726065158,44599.39426517916,45498.0,,42161.68726065158,40221.15494872793,44086.36050861025,45490.452858962955,43641.45067576058
store_7,2015-02-23,2015-01-26,41172.0,47322.0,54743.666666666664,47190.44859813084,37557.07994500866,44599.39426517916,40896.0,,37557.07994500866,38901.22706785504,41017.491403395936,42910.832325216,39874.67259397486
store_7,2015-03-02,2015-01-26,49386.0,47322.0,54743.666666666664,47157.56074766355,44108.42218165581,44599.39426517916,49742.0,,44108.42218165581,41096.1491230236,46149.93881561165,47060.625403700666,45948.104189657286
store_7,2015-03-09,2015-01-26,40586.0,47322.0,54743.666666666664,47124.67289719626,37608.70234547737,44599.39426517916,38376.0,,37608.70234547737,38539.20516778849,40194.69887021884,42386.00313224328,39117.87101926478
store_7,2015-03-16,2015-01-26,46833.0,47322.0,54743.666666666664,47091.785046728975,45219.95005060185,44599.39426517916,44694.0,,45219.95005060185,40524.39943273952,44837.781438593665,46366.48627553584,44943.72602673741
store_7,2015-03-23,2015-01-26,40915.0,47322.0,54743.666666666664,47058.897196261685,38822.075660827104,44599.39426517916,39849.0,,38822.075660827104,38913.57625556209,41090.15664200208,43112.84509699202,40191.34877481182
store_7,2015-03-02,2015-02-23,49386.0,41172.0,49139.75,41084.89189189189,45643.74055268766,43143.371350136615,49742.0,,45643.74055268766,38560.821970673736,46176.370634274754,45528.07113542193,46462.61517285135
store_7,2015-03-09,2015-02-23,40586.0,41172.0,49139.75,40997.78378378379,38649.82921692701,43143.371350136615,38376.0,,38649.82921692701,35925.53347869249,40056.40018902121,40675.932831735605,39381.57636357264
store_7,2015-03-16,2015-02-23,46833.0,41172.0,49139.75,40910.67567567567,46120.168480149194,43143.371350136615,44694.0,,46120.168480149194,37882.852215137355,44652.513276761936,44601.51327801467,45135.9193522719
store_7,2015-03-23,2015-02-23,40915.0,41172.0,49139.75,40823.56756756757,39650.13935579055,43143.371350136615,39849.0,,39650.13935579055,36253.9754676421,40880.83690197572,41316.83163184954,40346.92306840974
store_7,2015-03-30,2015-02-23,58855.0,41172.0,49139.75,40736.45945945946,52968.95109433664,43143.371350136615,53945.0,,52968.95109433664,40157.93312913324,50019.10748149108,48924.96232429292,51486.14335224257
store_7,2015-04-06,2015-02-23,34199.0,41172.0,49139.75,40649.35135135135,36443.87833700662,43143.371350136615,42112.0,,36443.87833700662,36094.33586264208,40566.41656238108,40665.62857269035,39422.8699009038
store_7,2015-04-13,2015-02-23,46872.0,41172.0,49139.75,40562.24324324324,51030.7264726602,43143.371350136615,56526.0,,51030.7264726602,40224.870152291434,50233.36594093227,48781.42560861402,51304.434697037
store_7,2015-04-20,2015-02-23,36136.0,41172.0,49139.75,40475.13513513513,34193.39853084907,43143.371350136615,31507.0,,34193.39853084907,34232.95071658869,36281.25662699522,37611.85219017857,34985.6093977232
store_7,2015-03-30,2015-03-23,58855.0,40915.0,44052.083333333336,40828.68695652174,53617.414006015075,43249.02285556131,53945.0,,53617.414006015075,39515.31530734735,50270.47895385879,48667.277995954166,51834.44799411761
store_7,2015-04-06,2015-03-23,34199.0,40915.0,44052.083333333336,40742.37391304348,36831.11755046803,43249.02285556131,42112.0,,36831.11755046803,35414.51395034373,40730.71346867644,40317.36974072547,39638.60169079954
store_7,2015-04-13,2015-03-23,46872.0,40915.0,44052.083333333336,40656.06086956522,50991.18437038997,43249.02285556131,56526.0,,50991.18437038997,39484.19306126426,50255.40240865042,48285.13247920471,51303.57198733642
store_7,2015-04-20,2015-03-23,36136.0,40915.0,44052.083333333336,40569.747826086954,34222.26642538976,43249.02285556131,31507.0,,34222.26642538976,33502.16006291019,36326.096426983684,37139.38994927316,35019.46523937543
store_7,2015-04-27,2015-03-23,44537.0,40915.0,44052.083333333336,40483.434782608696,43381.76458763092,43249.02285556131,49148.0,,43381.76458763092,37318.472222733464,45259.595814397406,44057.312577573495,45149.2873926626
store_7,2015-05-04,2015-03-23,48295.0,40915.0,44052.083333333336,40397.12173913044,49373.53249485885,43249.02285556131,50741.0,,49373.53249485885,38389.680060411985,47787.85178347338,46465.810335338865,48685.11951831965
store_7,2015-05-11,2015-03-23,35662.0,40915.0,44052.083333333336,40310.80869565217,35580.699844588555,43249.02285556131,38826.0,,35580.699844588555,34704.80210416219,39218.57423338329,39137.4143367404,37982.99842979212
store_7,2015-05-18,2015-03-23,45297.0,40915.0,44052.083333333336,40224.495652173915,43500.18591980875,43249.02285556131,43604.0,,43500.18591980875,36506.398251553896,43451.069591790016,42891.73592709452,43486.78637815797
store_7,2015-04-27,2015-04-20,44537.0,36136.0,44279.833333333336,36012.42857142857,45521.042010280624,41233.1861559499,49148.0,,45521.042010280624,36047.21286728463,45300.742722076844,43542.260537206996,45868.54964442922
store_7,2015-05-04,2015-04-20,48295.0,36136.0,44279.833333333336,35888.857142857145,49913.37942379795,41233.1861559499,50741.0,,49913.37942379795,36884.60800799119,47295.85519324928,45391.52521480445,48592.65961952663
store_7,2015-05-11,2015-04-20,35662.0,36136.0,44279.833333333336,35765.28571428572,35207.035595471505,41233.1861559499,38826.0,,35207.035595471505,33063.90582843435,38422.07391714047,37741.95695767329,37426.92522555829
store_7,2015-05-18,2015-04-20,45297.0,36136.0,44279.833333333336,35641.71428571428,45300.83548543437,41233.1861559499,43604.0,,45300.83548543437,35170.795608633125,43379.340547128086,42246.79232905472,44034.19262653848
store_7,2015-05-25,2015-04-20,36377.0,36136.0,44279.833333333336,35518.142857142855,33732.668287798166,41233.1861559499,38911.0,,33732.668287798166,32830.11866203204,37958.95148124935,37220.973374762754,36705.084240238975
store_7,2015-06-01,2015-04-20,49888.0,36136.0,44279.833333333336,35394.57142857143,50721.34166577296,41233.1861559499,51151.0,,50721.34166577296,36987.99036908966,47701.84260724095,45704.3853834759,49130.09900899274
store_7,2015-06-08,2015-04-20,39435.0,36136.0,44279.833333333336,35271.0,39587.519632991774,41233.1861559499,35956.0,,39587.519632991774,33209.077017467855,38925.56859631389,38597.76564040031,38758.301134644105
store_7,2015-06-15,2015-04-20,45130.0,36136.0,44279.833333333336,35147.42857142857,44922.42278982582,41233.1861559499,47607.0,,44922.42278982582,35617.9815500768,44587.53631525857,42911.36853680124,45085.93530762223
store_7,2015-05-25,2015-05-18,36377.0,45297.0,43964.416666666664,45251.92682926829,33503.21115917062,42836.94444413551,38911.0,,33503.21115917062,35680.64272846301,38417.05186776871,39410.96285540348,36880.16209176365
store_7,2015-06-01,2015-05-18,49888.0,45297.0,43964.416666666664,45206.85365853659,50482.2758537685,42836.94444413551,51151.0,,50482.2758537685,39848.355803301034,48156.74009930133,47899.72347923965,49300.30038656908
store_7,2015-06-08,2015-05-18,39435.0,45297.0,43964.416666666664,45161.78048780488,39403.156297744004,42836.94444413551,35956.0,,39403.156297744004,36088.47112805015,39398.70024729316,40820.7727135692,38956.264401373155
store_7,2015-06-15,2015-05-18,45130.0,45297.0,43964.416666666664,45116.70731707317,44688.49109439402,42836.94444413551,47607.0,,44688.49109439402,38501.508503181336,45044.14517950984,45125.855489695445,45258.74228523056
store_7,2015-06-22,2015-05-18,35975.0,45297.0,43964.416666666664,45071.634146341465,33680.89974527538,42836.94444413551,38040.0,,33680.89974527538,35555.84214320272,38185.948063136966,39267.61194673557,36699.7080428965
store_7,2015-06-29,2015-05-18,53623.0,45297.0,43964.416666666664,45026.560975609755,53649.95358817077,42836.94444413551,54172.0,,53649.95358817077,40706.69652494038,50219.632677435424,49621.1059055511,51846.58719004143
store_7,2015-07-06,2015-05-18,39992.0,45297.0,43964.416666666664,44981.48780487805,40343.24130279242,42836.94444413551,42318.0,,40343.24130279242,37105.870031210376,41832.72858230931,42478.95057676222,41410.12916193115
store_7,2015-07-13,2015-05-18,51044.0,45297.0,43964.416666666664,44936.41463414634,48642.97910476073,42836.94444413551,47637.0,,48642.97910476073,39044.96497852989,46372.30784963208,46484.76339807777,47274.99401214309
store_70,2015-02-02,2015-01-26,54012.0,56103.0,50054.916666666664,56182.63551401869,54049.48494804313,49730.05491313649,53714.0,,54049.48494804313,45690.58457740928,52606.133871569924,53668.37394831729,53605.31202647342
store_70,2015-02-09,2015-01-26,36722.0,56103.0,50054.916666666664,56262.27102803739,36978.75506212737,49805.018512458264,37439.0,,36978.75506212737,40948.99446704138,41490.890576264675,41560.42677626901,38293.433391333616
store_70,2015-02-16,2015-01-26,51364.0,56103.0,50054.916666666664,56341.90654205607,50196.72869089933,49879.98211178003,49048.0,,50196.72869089933,44517.79057305744,49766.548452521994,50783.29821070182,49932.705904416216
store_70,2015-02-23,2015-01-26,40012.0,56103.0,50054.916666666664,56421.542056074766,38297.30148228991,49954.9457111018,37375.0,,38297.30148228991,41172.38655944759,41909.07271631886,42289.80495723289,39187.632494853606
store_70,2015-03-02,2015-01-26,55236.0,56103.0,50054.916666666664,56501.17757009346,52622.02998669713,50029.90931042357,51987.0,,52622.02998669713,45328.290504840115,51554.6488844546,52635.03572490124,52244.988232527416
store_70,2015-03-09,2015-01-26,40087.0,56103.0,50054.916666666664,56580.81308411215,36163.91409366776,50104.87290974534,34613.0,,36163.91409366776,40517.21667917027,40277.27692011147,40671.098819218394,37115.0642859213
store_70,2015-03-16,2015-01-26,54981.0,56103.0,50054.916666666664,56660.44859813084,53298.21324823017,50179.83650906711,49010.0,,53298.21324823017,45043.773574584964,50787.70997163227,52510.766235952324,52060.617038133125
store_70,2015-03-23,2015-01-26,39866.0,56103.0,50054.916666666664,56740.08411214953,39981.08502094541,50254.80010838888,36127.0,,39981.08502094541,41322.983701164354,42054.33389587069,43035.30175346533,40074.83854806176
store_70,2015-03-02,2015-02-23,55236.0,40012.0,47579.916666666664,39943.801801801805,53699.57625678055,49776.08437800138,51987.0,,53699.57625678055,40428.33987189291,51088.8309744824,50804.505560152385,52757.35649650152
store_70,2015-03-09,2015-02-23,40087.0,40012.0,47579.916666666664,39875.6036036036,36951.949632222415,49830.64500444813,34613.0,,36951.949632222415,35551.8735581344,39714.95543296303,38671.278877732875,37428.0262517029
store_70,2015-03-16,2015-02-23,54981.0,40012.0,47579.916666666664,39807.40540540541,53853.53436972471,49885.20563089489,49010.0,,53853.53436972471,40021.151724670235,50147.81701213046,50372.61820092507,52213.292301598216
store_70,2015-03-23,2015-02-23,39866.0,40012.0,47579.916666666664,39739.207207207204,40525.447705458006,49939.76625734164,36127.0,,40525.447705458006,36274.762548096216,41410.78812404155,40879.71266600092,40219.96596920333
store_70,2015-03-30,2015-02-23,68649.0,40012.0,47579.916666666664,39671.00900900901,63467.10997397022,49994.326883788395,57044.0,,63467.10997397022,42538.337504776326,56030.34221354562,57000.60628622204,60589.26880945472
store_70,2015-04-06,2015-02-23,29524.0,40012.0,47579.916666666664,39602.81081081081,28219.644900568564,50048.88751023515,36232.0,,28219.644900568564,34527.894269754455,37343.853855745074,34188.250331202886,31767.02802676466
store_70,2015-04-13,2015-02-23,55900.0,40012.0,47579.916666666664,39534.61261261261,58378.700637485665,50103.4481366819,56043.0,,58378.700637485665,41664.52543620669,54000.53910138411,54052.44364824475,56865.93069078737
store_70,2015-04-20,2015-02-23,39091.0,40012.0,47579.916666666664,39466.414414414416,37982.500893947894,50158.00876312866,28731.0,,37982.500893947894,34847.12010545109,38097.805853538186,38212.60125771173,36853.35026039155
store_70,2015-03-30,2015-03-23,68649.0,39866.0,47349.75,39798.90434782609,63128.3481023187,48844.24290095338,57044.0,,63128.3481023187,42290.17790729974,55840.69936743956,56714.096195871934,60334.56794649527
store_70,2015-04-06,2015-03-23,29524.0,39866.0,47349.75,39731.80869565217,28011.915071780415,48863.2821636812,36232.0,,28011.915071780415,34293.53656158768,37197.88835726013,33970.66325897381,31602.578100183342
store_70,2015-04-13,2015-03-23,55900.0,39866.0,47349.75,39664.71304347826,58485.14150061641,48882.32142640902,56043.0,,58485.14150061641,41470.132281500526,53959.29716687214,54003.614959967235,56917.872102604175
store_70,2015-04-20,2015-03-23,39091.0,39866.0,47349.75,39597.617391304346,38186.634554687014,48901.36068913685,28731.0,,38186.634554687014,34661.7660907326,38089.12818489567,38214.521183824996,36972.5795375952
store_70,2015-04-27,2015-03-23,57402.0,39866.0,47349.75,39530.52173913043,54641.72230458421,48920.39995186467,53631.0,,54641.72230458421,40562.770570797045,51874.1574348614,51485.253857694726,53743.917001844435
store_70,2015-05-04,2015-03-23,58169.0,39866.0,47349.75,39463.42608695652,57711.57541457696,48939.43921459249,53509.0,,57711.57541457696,40977.027245160854,52856.775138192315,53134.505756794686,55831.697744467674
store_70,2015-05-11,2015-03-23,36945.0,39866.0,47349.75,39396.330434782605,37366.00117654543,48958.47847732031,35805.0,,37366.00117654543,35534.50858409262,40173.58372551514,38980.36712325046,37952.14508291154
store_70,2015-05-18,2015-03-23,55987.0,39866.0,47349.75,39329.2347826087,56444.42814307196,48977.517740048126,51169.0,,56444.42814307196,40447.99009510411,51654.39271435732,52033.00598140579,54447.92446848371
store_70,2015-04-27,2015-04-20,57402.0,39091.0,47120.333333333336,39019.64705882353,55674.84783642784,49120.78081822017,53631.0,,55674.84783642784,40522.51557811498,52142.060389920385,51958.69857304502,54434.200626541795
store_70,2015-05-04,2015-04-20,58169.0,39091.0,47120.333333333336,38948.294117647056,58031.87836992895,49131.01857591568,53509.0,,58031.87836992895,40833.07491383215,52887.07056775409,53218.438420360995,56031.01058374485
store_70,2015-05-11,2015-04-20,36945.0,39091.0,47120.333333333336,38876.94117647059,37519.99040934087,49141.256333611185,35805.0,,37519.99040934087,35364.931607536564,40148.44124755807,38972.70907301151,38036.906024307435
store_70,2015-05-18,2015-04-20,55987.0,39091.0,47120.333333333336,38805.58823529412,56625.34713722138,49151.49409130669,51169.0,,56625.34713722138,40280.39468530793,51638.226823518235,52039.10108666538,54551.233820829526
store_70,2015-05-25,2015-04-20,42240.0,39091.0,47120.333333333336,38734.23529411765,40642.09646397343,49161.7318490022,37946.0,,40642.09646397343,36099.342420060944,41902.809932435586,41036.57276774813,40654.86234580312
store_70,2015-06-01,2015-04-20,57963.0,39091.0,47120.333333333336,38662.882352941175,56460.763859989805,49171.969606697705,57683.0,,56460.763859989805,41169.99273613743,53754.69906444104,53067.088045443976,55860.376308370905
store_70,2015-06-08,2015-04-20,39229.0,39091.0,47120.333333333336,38591.529411764706,39035.01248822735,49182.207364393216,36578.0,,39035.01248822735,35656.868942531226,40911.11527385356,39915.90411666345,39249.212533282174
store_70,2015-06-15,2015-04-20,58014.0,39091.0,47120.333333333336,38520.17647058824,57462.10259637104,49192.44512208872,53693.0,,57462.10259637104,40725.57964605447,52758.47864323479,52915.18569583608,55678.74735975026
store_70,2015-05-25,2015-05-18,42240.0,55987.0,49319.75,56055.333333333336,40418.00350497042,49501.98369256473,37946.0,,40418.00350497042,41318.295790124066,42561.25116832347,43424.957841575546,40704.73812402794
store_70,2015-06-01,2015-05-18,57963.0,55987.0,49319.75,56123.666666666664,56335.25126946696,49535.215807174034,57683.0,,56335.25126946696,46426.26910618681,54446.000423155645,55520.31807030903,55978.15128414631
store_70,2015-06-08,2015-05-18,39229.0,55987.0,49319.75,56192.0,39029.53525708003,49568.44792178333,36578.0,,39029.53525708003,40953.53331126619,41642.42841902668,42445.674968209954,39449.66426006742
store_70,2015-06-15,2015-05-18,58014.0,55987.0,49319.75,56260.333333333336,57452.18377595222,49601.68003639262,53693.0,,57452.18377595222,46044.849592239734,53488.311258650734,55453.640579391074,55876.13985322126
store_70,2015-06-22,2015-05-18,37441.0,55987.0,49319.75,56328.666666666664,37094.40178728182,49634.91215100192,36669.0,,37094.40178728182,40719.10437213577,41027.71726242727,41420.55398368056,38136.674669330736
store_70,2015-06-29,2015-05-18,62168.0,55987.0,49319.75,56397.0,62013.65410875379,49668.14426561122,60190.0,,62013.65410875379,47653.64976776643,57174.46803625126,59077.23917415792,60436.733753989516
store_70,2015-07-06,2015-05-18,44141.0,55987.0,49319.75,56465.333333333336,43947.31513425178,49701.376380220514,39780.0,,43947.31513425178,42171.53926397223,44349.021711417256,45708.07492274599,43536.1239268473
store_70,2015-07-13,2015-05-18,62009.0,55987.0,49319.75,56533.666666666664,59573.265401444834,49734.60849482981,51354.0,,59573.265401444834,46071.755794705896,53415.67180048161,56233.77413199157,56826.2952729437
store_71,2015-02-02,2015-01-26,39182.0,38452.0,38440.666666666664,38451.44859813084,41799.409312741154,34935.996202379516,42090.0,,41799.409312741154,33452.78868284545,39608.46850504022,40266.251361581424,40944.43156582697
store_71,2015-02-09,2015-01-26,32369.0,38452.0,38440.666666666664,38450.897196261685,32204.42425398592,34935.996202379516,31562.0,,32204.42425398592,30577.99775989911,32900.80681878848,34035.53945758932,32390.071405837156
store_71,2015-02-16,2015-01-26,37396.0,38452.0,38440.666666666664,38450.345794392524,37069.15059701504,34935.996202379516,37904.0,,37069.15059701504,32178.87989435053,36636.38226646485,37409.185639193805,37021.969055723224
store_71,2015-02-23,2015-01-26,31569.0,38452.0,38440.666666666664,38449.79439252336,29790.257917744348,34935.996202379516,30614.0,,29790.257917744348,30097.530739901984,31780.084706707952,32831.41890906447,30737.012120175
store_71,2015-03-02,2015-01-26,38503.0,38452.0,38440.666666666664,38449.2429906542,37849.530825248614,34935.996202379516,39473.0,,37849.530825248614,32514.348097849856,37419.509009209374,38068.224443412364,37926.9255528129
store_71,2015-03-09,2015-01-26,32058.0,38452.0,38440.666666666664,38448.69158878505,30820.302741478423,34935.996202379516,28845.0,,30820.302741478423,29991.808171329947,31533.76631461931,32880.35172508057,30804.326498958846
store_71,2015-03-16,2015-01-26,37904.0,38452.0,38440.666666666664,38448.14018691589,38245.52734376654,34935.996202379516,35626.0,,38245.52734376654,32021.190057104086,36269.174515382016,37409.89359726538,37023.20564635642
store_71,2015-03-23,2015-01-26,30845.0,38452.0,38440.666666666664,38447.588785046726,29417.082370139062,34935.996202379516,30052.0,,29417.082370139062,29963.61914631885,31468.359524172854,32556.286158746345,30359.534520555324
store_71,2015-03-02,2015-02-23,38503.0,31569.0,35941.75,31506.45945945946,39548.043253581454,34937.690130997245,39473.0,,39548.043253581454,30425.13469200545,37986.24446152623,37319.944890222905,38894.404806888015
store_71,2015-03-09,2015-02-23,32058.0,31569.0,35941.75,31443.91891891892,31755.67748002022,34937.690130997245,28845.0,,31755.67748002022,27784.719504276625,31846.12253700582,31810.122955821796,31337.223837283047
store_71,2015-03-16,2015-02-23,37904.0,31569.0,35941.75,31381.37837837838,39845.661871481745,34937.690130997245,35626.0,,39845.661871481745,29900.211482979623,36803.11733415966,36609.97582035785,37934.66190865706
store_71,2015-03-23,2015-02-23,30845.0,31569.0,35941.75,31318.837837837837,29933.116677134414,34937.690130997245,30052.0,,29933.116677134414,27678.913520852784,31640.93560271055,31301.291025785024,30653.631219714174
store_71,2015-03-30,2015-02-23,42059.0,31569.0,35941.75,31256.297297297297,40011.99405469062,34937.690130997245,41832.0,,40011.99405469062,30792.675926140735,38927.228061895956,37994.874190088114,39851.05731033441
store_71,2015-04-06,2015-02-23,26229.0,31569.0,35941.75,31193.756756756757,26999.33070139848,34937.690130997245,31747.0,,26999.33070139848,27484.075369878927,31228.006944131906,30435.88148775536,29480.47706910808
store_71,2015-04-13,2015-02-23,38370.0,31569.0,35941.75,31131.216216216217,39311.92576536055,34937.690130997245,39142.0,,39311.92576536055,30290.511730367714,37797.20529878593,37118.452250774564,38662.783735697994
store_71,2015-04-20,2015-02-23,29998.0,31569.0,35941.75,31068.675675675677,31808.19084404625,34937.690130997245,23736.0,,31808.19084404625,27008.75809295988,30160.626991681165,30706.81599356661,29867.46107549912
store_71,2015-03-30,2015-03-23,42059.0,30845.0,35348.916666666664,30778.339130434782,40272.82487910341,34940.377077360856,41832.0,,40272.82487910341,30573.922536223672,39015.06731882142,37940.78638082159,39999.96002779534
store_71,2015-04-06,2015-03-23,26229.0,30845.0,35348.916666666664,30711.678260869565,27148.88423860244,34940.377077360856,31747.0,,27148.88423860244,27248.836606214216,31278.753771987766,30335.27829214316,29566.011016684224
store_71,2015-04-13,2015-03-23,38370.0,30845.0,35348.916666666664,30645.017391304347,39501.854967876585,34940.377077360856,39142.0,,39501.854967876585,30060.45230045835,37861.41068174581,37034.23595038158,38771.3103020581
store_71,2015-04-20,2015-03-23,29998.0,30845.0,35348.916666666664,30578.35652173913,31974.387756283908,34940.377077360856,23736.0,,31974.387756283908,26774.719717435793,30216.921611214922,30612.39603010784,29962.47287995937
store_71,2015-04-27,2015-03-23,35300.0,30845.0,35348.916666666664,30511.695652173912,37626.25437084095,34940.377077360856,36362.0,,37626.25437084095,29376.32053814891,36309.543816067264,35650.267291266275,36887.19148714896
store_71,2015-05-04,2015-03-23,44237.0,30845.0,35348.916666666664,30445.034782608695,44094.153262768654,34940.377077360856,40261.0,,44094.153262768654,30847.783112772122,39765.17678004317,39160.78608182444,41714.93877523606
store_71,2015-05-11,2015-03-23,28118.0,30845.0,35348.916666666664,30378.373913043477,28589.133465000286,34940.377077360856,29755.0,,28589.133465000286,27122.400160295896,31094.836847453713,30477.6497505954,29801.46518759067
store_71,2015-05-18,2015-03-23,41100.0,30845.0,35348.916666666664,30311.71304347826,42296.00271350655,34940.377077360856,37274.0,,42296.00271350655,30145.14421443033,38170.1265969558,37764.68557559621,39814.16359846335
store_71,2015-04-27,2015-04-20,35300.0,29998.0,34706.833333333336,29926.462184873948,36673.20667226713,34911.636181524686,36362.0,,36673.20667226713,28939.734053142725,35982.280951263936,35064.61434247187,36340.5245877318
store_71,2015-05-04,2015-04-20,44237.0,29998.0,34706.833333333336,29854.9243697479,43411.76210157213,34911.636181524686,40261.0,,43411.76210157213,30449.16514088258,39528.13276103227,38686.96931380621,41322.4019077875
store_71,2015-05-11,2015-04-20,28118.0,29998.0,34706.833333333336,29783.386554621848,28022.39216040002,34911.636181524686,29755.0,,28022.39216040002,26739.60688998284,30896.342780641564,30051.375829680303,29474.787125058017
store_71,2015-05-18,2015-04-20,41100.0,29998.0,34706.833333333336,29711.8487394958,41833.406854381195,34911.636181524686,37274.0,,41833.406854381195,29776.532158390713,38006.34767863529,37381.18272717937,39546.79295557028
store_71,2015-05-25,2015-04-20,29113.0,29998.0,34706.833333333336,29640.310924369747,27906.594212039563,34911.636181524686,27036.0,,27906.594212039563,26314.196378752473,29951.41013118808,29409.523729291854,28610.723871822614
store_71,2015-06-01,2015-04-20,40393.0,29998.0,34706.833333333336,29568.7731092437,39255.20289098555,34911.636181524686,41265.0,,39255.20289098555,29957.92078786961,38477.279690836745,37152.57103956329,39250.086164027816
store_71,2015-06-08,2015-04-20,31525.0,29998.0,34706.833333333336,29497.235294117647,30351.676079575263,34911.636181524686,28093.0,,30351.676079575263,26794.05441265013,31118.77075369998,30637.173107350445,30313.38379269673
store_71,2015-06-15,2015-04-20,40244.0,29998.0,34706.833333333336,29425.6974789916,41117.11196230354,34911.636181524686,37519.0,,41117.11196230354,29668.325565164734,37849.24938127607,37111.45629806261,39210.80241398457
store_71,2015-05-25,2015-05-18,29113.0,41100.0,35393.416666666664,41121.04878048781,27351.829955083056,34981.46444124623,27036.0,,27351.829955083056,29569.108549069104,29789.76479877643,31232.751013632653,28304.370155060424
store_71,2015-06-01,2015-05-18,40393.0,41100.0,35393.416666666664,41142.09756097561,38989.267839104315,34981.46444124623,41265.0,,38989.267839104315,33267.320929713256,38411.91076011685,39103.68851232198,39108.21121819463
store_71,2015-06-08,2015-05-18,31525.0,41100.0,35393.416666666664,41163.14634146341,30220.205481564015,34981.46444124623,28093.0,,30220.205481564015,30135.890418705756,31098.223307603414,32652.15369300621,30248.08194860514
store_71,2015-06-15,2015-05-18,40244.0,41100.0,35393.416666666664,41184.19512195122,40991.94210100654,34981.46444124623,37519.0,,40991.94210100654,33024.28833298152,37830.80218075092,39137.14052896959,39149.08863305452
store_71,2015-06-22,2015-05-18,29208.0,41100.0,35393.416666666664,41205.243902439026,28610.733830039564,34981.46444124623,29077.0,,28610.733830039564,30052.551262913068,30889.732757095262,32198.637333421822,29620.37844457139
store_71,2015-06-29,2015-05-18,45311.0,41100.0,35393.416666666664,41226.29268292683,41849.680641476065,34981.46444124623,43964.0,,41849.680641476065,34073.550633187966,40265.04836090743,40874.52501322882,41529.372035102686
store_71,2015-07-06,2015-05-18,33005.0,41100.0,35393.416666666664,41247.34146341463,30883.752268971468,34981.46444124623,32412.0,,30883.752268971468,30859.710691471282,32759.07223673923,33858.133397822465,31893.725310569396
store_71,2015-07-13,2015-05-18,39049.0,41100.0,35393.416666666664,41268.39024390244,39577.672438960755,34981.46444124623,37609.0,,39577.672438960755,32847.13482725372,37389.37896006899,38577.131744267004,38370.12648733874
store_72,2015-02-02,2015-01-26,46670.0,44354.0,43035.0,44320.55140186916,48945.530113144865,41154.36007774014,49619.0,,48945.530113144865,38775.49165610773,46572.96339696166,47329.875567237046,48369.461298483184
store_72,2015-02-09,2015-01-26,33108.0,44354.0,43035.0,44287.102803738315,33673.63413793343,41154.36007774014,32794.0,,33673.63413793343,34185.44243134455,35873.99807189119,36403.15713650381,34143.17069539552
store_72,2015-02-16,2015-01-26,45622.0,44354.0,43035.0,44253.654205607476,46468.72560345036,41154.36007774014,45809.0,,46468.72560345036,37867.81998382828,44477.361893730165,45255.27985586365,45674.359248659275
store_72,2015-02-23,2015-01-26,34208.0,44354.0,43035.0,44220.20560747664,34138.33880926392,41154.36007774014,35554.0,,34138.33880926392,34636.55778492581,36948.89962900135,37349.719482008884,35382.445542962494
store_72,2015-03-02,2015-01-26,49692.0,44354.0,43035.0,44186.7570093458,47045.44702047584,41154.36007774014,46317.0,,47045.44702047584,38013.22344393739,44838.93569940532,45627.67095277318,46165.90555866194
store_72,2015-03-09,2015-01-26,35303.0,44354.0,43035.0,44153.30841121495,34203.981320043866,41154.36007774014,33558.0,,34203.981320043866,34351.23568699985,36305.447132594665,36821.90206749232,34701.67332360994
store_72,2015-03-16,2015-01-26,47321.0,44354.0,43035.0,44119.85981308411,45227.53429956799,41154.36007774014,45310.0,,45227.53429956799,37600.1077414846,43897.298125769375,44596.51969080797,44829.654538202594
store_72,2015-03-23,2015-01-26,34957.0,44354.0,43035.0,44086.411214953274,34757.7629633595,41154.36007774014,35390.0,,34757.7629633595,34682.50489372184,37100.70768036654,37549.53667346911,35655.84417317953
store_72,2015-03-02,2015-02-23,49692.0,34208.0,41078.416666666664,34084.35135135135,47046.267325582696,41120.78998383559,46317.0,,47046.267325582696,34836.403618205186,44828.01910313943,43925.60800571114,46162.822501169736
store_72,2015-03-09,2015-02-23,35303.0,34208.0,41078.416666666664,33960.7027027027,34204.708760423004,41120.78998383559,33558.0,,34204.708760423004,31161.51687337542,36294.49958141953,35112.97683603018,34698.540458352916
store_72,2015-03-16,2015-02-23,47321.0,34208.0,41078.416666666664,33837.05405405405,45227.44143483906,41120.78998383559,45310.0,,45227.44143483906,34397.38601991362,43886.07713955821,42880.43257539786,44826.08170434925
store_72,2015-03-23,2015-02-23,34957.0,34208.0,41078.416666666664,33713.40540540541,34757.05100043743,41120.78998383559,35390.0,,34757.05100043743,31466.8090080493,37089.280328091,35826.3705420716,35651.93928755627
store_72,2015-03-30,2015-02-23,51175.0,34208.0,41078.416666666664,33589.75675675676,48966.5171889317,41120.78998383559,51542.0,,48966.5171889317,35786.49722802724,47209.76905758909,46118.261850343195,49066.98843425127
store_72,2015-04-06,2015-02-23,30191.0,34208.0,41078.416666666664,33466.10810810811,26922.941923899925,41120.78998383559,34929.0,,26922.941923899925,30246.465240358608,34324.24396924517,32454.167913176756,31284.77046369005
store_72,2015-04-13,2015-02-23,48963.0,34208.0,41078.416666666664,33342.45945945946,47619.27844291502,41120.78998383559,47094.0,,47619.27844291502,34923.277793268106,45278.02280891687,44319.499775768374,46748.87101709323
store_72,2015-04-20,2015-02-23,34059.0,34208.0,41078.416666666664,33218.81081081081,34681.56844687435,41120.78998383559,28423.0,,34681.56844687435,30390.083701169628,34741.786143569974,33838.82765346018,33112.3418874427
store_72,2015-03-30,2015-03-23,51175.0,34957.0,41319.25,34844.1652173913,48970.51587493435,41135.889236067036,51542.0,,48970.51587493435,36109.831475484665,47216.13503700046,46292.75532443538,49070.717716188665
store_72,2015-04-06,2015-03-23,30191.0,34957.0,41319.25,34731.330434782605,26886.876287510364,41135.889236067036,34929.0,,26886.876287510364,30565.620851194282,34317.255174525795,32612.978835730748,31267.011346357805
store_72,2015-04-13,2015-03-23,48963.0,34957.0,41319.25,34618.495652173915,47601.062746994474,41135.889236067036,47094.0,,47601.062746994474,35246.52823360506,45276.98399435384,44486.480392873724,46740.6856707581
store_72,2015-04-20,2015-03-23,34059.0,34957.0,41319.25,34505.66086956522,34705.516229164976,41135.889236067036,28423.0,,34705.516229164976,30720.90233354246,34754.801821744004,34023.991603500275,33126.77081735886
store_72,2015-04-27,2015-03-23,46766.0,34957.0,41319.25,34392.82608695652,44439.724114829354,41135.889236067036,44509.0,,44439.724114829354,34393.38420540756,43361.53778363213,42455.36656464637,44117.851678517
store_72,2015-05-04,2015-03-23,48687.0,34957.0,41319.25,34279.99130434782,49513.80013398965,41135.889236067036,49112.0,,49513.80013398965,35759.70438205778,46587.22979001889,45804.49172951218,48490.448564720675
store_72,2015-05-11,2015-03-23,32145.0,34957.0,41319.25,34167.15652173913,32184.00656184715,41135.889236067036,33080.0,,32184.00656184715,30977.614617093328,35466.63193263806,34242.64231226287,33444.86447231282
store_72,2015-05-18,2015-03-23,45396.0,34957.0,41319.25,34054.321739130435,45773.28310052446,41135.889236067036,44748.0,,45773.28310052446,34569.67772510313,43885.72411219716,43044.82112759566,44918.83371266519
store_72,2015-04-27,2015-04-20,46766.0,34059.0,40939.083333333336,33942.41176470588,44649.92496952389,41135.87351984513,44509.0,,44649.92496952389,34176.47051248689,43431.599496456336,42408.59076477895,44230.59073269085
store_72,2015-05-04,2015-04-20,48687.0,34059.0,40939.083333333336,33825.82352941176,49628.011738840476,41135.87351984513,49112.0,,49628.011738840476,35528.541731632955,46625.295086228536,45717.898365751105,48551.70402443753
store_72,2015-05-11,2015-04-20,32145.0,34059.0,40939.083333333336,33709.23529411765,33060.85233240243,41135.87351984513,33080.0,,33060.85233240243,30854.86349709979,35758.90861741585,34469.85924748818,33915.15686241622
store_72,2015-05-18,2015-04-20,45396.0,34059.0,40939.083333333336,33592.64705882353,46469.494480271205,41135.87351984513,44748.0,,46469.494480271205,34420.585484610456,44117.789333372115,43197.35902210228,45292.243298324174
store_72,2015-05-25,2015-04-20,33683.0,34059.0,40939.083333333336,33476.05882352941,32164.774692089122,41135.87351984513,33301.0,,32164.774692089122,30725.11290982814,35533.88273731142,34144.03856036031,33513.82213167383
store_72,2015-06-01,2015-04-20,47100.0,34059.0,40939.083333333336,33359.470588235294,43757.59810829545,41135.87351984513,52694.0,,43757.59810829545,35135.00364995846,45862.49054271352,44251.510659466105,46688.01124486728
store_72,2015-06-08,2015-04-20,35662.0,34059.0,40939.083333333336,33242.882352941175,36493.15811629499,41135.87351984513,33077.0,,36493.15811629499,31278.14247463066,36902.010545380035,35847.36158381607,35754.98937736061
store_72,2015-06-15,2015-04-20,49472.0,34059.0,40939.083333333336,33126.294117647056,49474.1257784244,41135.87351984513,44703.0,,49474.1257784244,34776.7681070357,45104.33309942318,44387.15296510103,46887.62797166058
store_72,2015-05-25,2015-05-18,33683.0,45396.0,42054.583333333336,45375.37398373984,32170.09395699717,41209.61090189372,33301.0,,32170.09395699717,34215.23745370915,35560.23495296363,36012.36340725691,33524.413503322445
store_72,2015-06-01,2015-05-18,47100.0,45396.0,42054.583333333336,45354.74796747968,43792.18357263669,41209.61090189372,52694.0,,43792.18357263669,38643.0179679062,45898.5981581768,46139.14889193114,46714.29946950067
store_72,2015-06-08,2015-05-18,35662.0,45396.0,42054.583333333336,45334.12195121951,36448.07098894379,41209.61090189372,33077.0,,36448.07098894379,34788.48388219862,36911.56063027917,37709.446277429706,35738.54540639179
store_72,2015-06-15,2015-05-18,49472.0,45396.0,42054.583333333336,45313.49593495935,49456.1333270996,41209.61090189372,44703.0,,49456.1333270996,38304.689071040855,45122.914742997775,46267.65669273429,46885.71616251986
store_72,2015-06-22,2015-05-18,35297.0,45396.0,42054.583333333336,45292.86991869919,33950.096896036535,41209.61090189372,35017.0,,33950.096896036535,34702.88014999468,36725.56926597675,37211.890153672735,35094.655056645985
store_72,2015-06-29,2015-05-18,50969.0,45396.0,42054.583333333336,45272.243902439026,48553.63946127503,41209.61090189372,50215.0,,48553.63946127503,38957.29679984873,46659.41678772292,47411.10159099369,48378.85948928645
store_72,2015-07-06,2015-05-18,36482.0,45396.0,42054.583333333336,45251.617886178865,37076.593502643045,41209.61090189372,35438.0,,37076.593502643045,35203.772232006995,37908.068134845584,38612.3937876273,36922.55940284647
store_72,2015-07-13,2015-05-18,47236.0,45396.0,42054.583333333336,45230.9918699187,44492.41706506451,41209.61090189372,46327.0,,44492.41706506451,37815.80045288718,44009.67598898608,44664.41167718652,44805.97970697265
store_73,2015-02-02,2015-01-26,35830.0,36373.0,37526.333333333336,36401.30841121495,34816.0,33594.63427854284,39061.0,,34816.0,31110.325146155876,35823.87809284761,35920.22068262534,35584.44023948545
store_73,2015-02-09,2015-01-26,30790.0,36373.0,37526.333333333336,36429.6168224299,26624.0,33594.63427854284,29441.0,,26624.0,28569.797776329437,29886.54475951428,30649.88020480844,28299.436933147324
store_73,2015-02-16,2015-01-26,33296.0,36373.0,37526.333333333336,36457.92523364486,32768.0,33594.63427854284,33284.0,,32768.0,30000.55612078872,33215.544759514276,34060.00224220213,33007.46237360542
store_73,2015-02-23,2015-01-26,30683.0,36373.0,37526.333333333336,36486.233644859814,26624.0,33594.63427854284,32239.0,,26624.0,28977.60017953371,30819.211426180947,31108.736604279038,28926.520045824906
store_73,2015-03-02,2015-01-26,37590.0,36373.0,37526.333333333336,36514.542056074766,34816.0,33594.63427854284,38906.0,,34816.0,31104.35852399299,35772.21142618095,35905.03420952863,35549.70189693183
store_73,2015-03-09,2015-01-26,33033.0,36373.0,37526.333333333336,36542.85046728972,30720.0,33594.63427854284,29996.0,,30720.0,29250.402582737985,31436.87809284761,32606.02650447393,30988.31505363479
store_73,2015-03-16,2015-01-26,37586.0,36373.0,37526.333333333336,36571.15887850467,36864.0,33594.63427854284,35137.0,,36864.0,30866.589498625835,35198.544759514276,36226.70379401598,35987.24609818705
store_73,2015-03-23,2015-01-26,35462.0,36373.0,37526.333333333336,36599.46728971963,34816.0,33594.63427854284,32612.0,,34816.0,30217.347843085114,33674.21142618095,34891.51977153236,34139.10107091585
store_73,2015-03-02,2015-02-23,37590.0,30683.0,35007.583333333336,30659.027027027027,37120.0,32020.541435580457,38906.0,,37120.0,29199.450256562974,36015.513811860146,35509.83827755701,36756.453598732725
store_73,2015-03-09,2015-02-23,33033.0,30683.0,35007.583333333336,30635.054054054053,31232.0,32020.541435580457,29996.0,,31232.0,27082.025546138262,31082.847145193482,31394.16334980201,31073.101311924358
store_73,2015-03-16,2015-02-23,37586.0,30683.0,35007.583333333336,30611.08108108108,37376.0,32020.541435580457,35137.0,,37376.0,28690.74369285641,34844.513811860146,35010.2434267622,36072.03235647662
store_73,2015-03-23,2015-02-23,35462.0,30683.0,35007.583333333336,30587.108108108107,35072.0,32020.541435580457,32612.0,,35072.0,27997.461839574557,33234.84714519348,33554.452190251235,34063.606551560944
store_73,2015-03-30,2015-02-23,59101.0,30683.0,35007.583333333336,30563.135135135137,55552.0,32020.541435580457,41317.0,,55552.0,32163.32284343556,42963.18047852682,44245.227108295214,48837.01890459799
store_73,2015-04-06,2015-02-23,41047.0,30683.0,35007.583333333336,30539.162162162163,43776.0,32020.541435580457,36926.0,,43776.0,29850.32670443942,37574.18047852682,38194.3723664452,40479.99950615897
store_73,2015-04-13,2015-02-23,42140.0,30683.0,35007.583333333336,30515.18918918919,44544.0,32020.541435580457,57971.0,,44544.0,32963.04485115757,44845.18047852682,41954.11200485857,45677.4122845176
store_73,2015-04-20,2015-02-23,31779.0,30683.0,35007.583333333336,30491.216216216217,30720.0,32020.541435580457,37143.0,,30720.0,28009.33442644714,33294.51381186015,32308.846989840175,32354.313525865815
store_73,2015-03-30,2015-03-23,59101.0,35462.0,33781.666666666664,35480.41739130435,56320.0,35464.7167493528,41317.0,,56320.0,33975.11440104626,44367.23891645093,45697.525504050645,49833.746600426755
store_73,2015-04-06,2015-03-23,41047.0,35462.0,33781.666666666664,35498.8347826087,44032.0,35464.7167493528,36926.0,,44032.0,31595.031171232593,38807.572249784265,39418.378233611096,41156.16564669879
store_73,2015-04-13,2015-03-23,42140.0,35462.0,33781.666666666664,35517.252173913046,44544.0,35464.7167493528,57971.0,,44544.0,34677.233655704644,45993.23891645093,43065.835344880434,46193.29764741294
store_73,2015-04-20,2015-03-23,31779.0,35462.0,33781.666666666664,35535.669565217395,31232.0,35464.7167493528,37143.0,,31232.0,29802.72185446241,34613.23891645094,33656.31780705448,33190.7604440501
store_73,2015-04-27,2015-03-23,44913.0,35462.0,33781.666666666664,35554.086956521736,45056.0,35464.7167493528,49010.0,,45056.0,33475.49576750588,43176.9055831176,41847.484435540595,44505.53476642462
store_73,2015-05-04,2015-03-23,44514.0,35462.0,33781.666666666664,35572.504347826085,46592.0,35464.7167493528,45317.0,,46592.0,33169.98396626365,42457.9055831176,41946.10341110803,44639.55040615912
store_73,2015-05-11,2015-03-23,45287.0,35462.0,33781.666666666664,35590.921739130434,44544.0,35464.7167493528,35751.0,,44544.0,31513.472165021412,38586.572249784265,39467.89284728039,41213.38815359741
store_73,2015-05-18,2015-03-23,50408.0,35462.0,33781.666666666664,35609.33913043478,49664.0,35464.7167493528,42259.0,,49664.0,33177.24607806489,42462.572249784265,42845.40848959119,45877.565857060785
store_73,2015-04-27,2015-04-20,44913.0,31779.0,37361.416666666664,31765.8487394958,47104.0,38177.37994744234,49010.0,,47104.0,33599.66362194354,44763.79331581411,42770.35623153015,46194.09690093226
store_73,2015-05-04,2015-04-20,44514.0,31779.0,37361.416666666664,31752.697478991595,45056.0,38177.37994744234,45317.0,,45056.0,32777.64201330009,42850.126649147445,41242.05928860281,44084.18165364411
store_73,2015-05-11,2015-04-20,45287.0,31779.0,37361.416666666664,31739.546218487394,43008.0,38177.37994744234,35751.0,,43008.0,31116.620404656627,38978.79331581411,38761.072826517295,40658.0194010824
store_73,2015-05-18,2015-04-20,50408.0,31779.0,37361.416666666664,31726.394957983193,49152.0,38177.37994744234,42259.0,,49152.0,32922.170224584595,43196.126649147445,42599.8525763522,45963.32021512368
store_73,2015-05-25,2015-04-20,42657.0,31779.0,37361.416666666664,31713.243697478993,43008.0,38177.37994744234,47315.0,,43008.0,32764.862901655426,42833.45998248078,40634.615873044255,43249.72387392141
store_73,2015-06-01,2015-04-20,53464.0,31779.0,37361.416666666664,31700.092436974788,55296.0,38177.37994744234,55409.0,,55296.0,35674.69843586911,49627.45998248078,47514.90887013439,52757.215037172275
store_73,2015-06-08,2015-04-20,43660.0,31779.0,37361.416666666664,31686.941176470587,45056.0,38177.37994744234,42412.0,,45056.0,32353.248255797083,41881.79331581411,40765.04221532083,43433.117878687575
store_73,2015-06-15,2015-04-20,50297.0,31779.0,37361.416666666664,31673.789915966387,49152.0,38177.37994744234,49882.0,,49152.0,34003.6552185822,45737.126649147445,43831.79291858926,47671.77431374455
store_73,2015-05-25,2015-05-18,42657.0,50408.0,41905.0,50546.73170731707,44032.0,46581.37661383429,47315.0,,44032.0,40112.58690302162,45976.12553794476,45762.8190689948,45149.63856014192
store_73,2015-06-01,2015-05-18,53464.0,50408.0,41905.0,50685.46341463415,53248.0,46581.37661383429,55409.0,,53248.0,42605.262861209776,51746.12553794476,51264.347439027224,52733.760391659074
store_73,2015-06-08,2015-05-18,43660.0,50408.0,41905.0,50824.19512195122,43008.0,46581.37661383429,42412.0,,43008.0,39305.51024796936,44000.4588712781,44527.83617450186,43409.66323317438
store_73,2015-06-15,2015-05-18,50297.0,50408.0,41905.0,50962.92682926829,50176.0,46581.37661383429,49882.0,,50176.0,41416.471920443226,48879.792204611425,49000.06228540442,49571.68899996505
store_73,2015-06-22,2015-05-18,39521.0,50408.0,41905.0,51101.65853658537,40960.0,46581.37661383429,40593.0,,40960.0,38792.7193072028,42711.4588712781,43329.08476700471,41719.74575327644
store_73,2015-06-29,2015-05-18,58286.0,50408.0,41905.0,51240.39024390244,57344.0,46581.37661383429,52984.0,,57344.0,42923.2524082481,52303.12553794476,52775.93163550901,54754.76586176084
store_73,2015-07-06,2015-05-18,52102.0,50408.0,41905.0,51379.12195121951,52224.0,46581.37661383429,49748.0,,52224.0,41749.356937864824,49517.792204611425,49943.00238465477,50823.9033636874
store_73,2015-07-13,2015-05-18,61247.0,50408.0,41905.0,51517.85365853659,57344.0,46581.37661383429,60887.0,,57344.0,44091.890038910125,54937.45887127809,54082.3158338642,56525.973095317284
store_74,2015-02-02,2015-01-26,29007.0,29747.0,27375.166666666668,29770.33644859813,28791.630953851407,26400.621667079693,30680.0,,28791.630953851407,24680.679390885125,27522.47309586592,28708.504111763104,28005.536668074696
store_74,2015-02-09,2015-01-26,26445.0,29747.0,27375.166666666668,29793.672897196262,26962.76935621452,26400.621667079693,23889.0,,26962.76935621452,23452.604369593875,26912.85256332029,27157.418204153997,26931.456415395485
store_74,2015-02-16,2015-01-26,27744.0,29747.0,27375.166666666668,29817.00934579439,27559.523819419293,26400.621667079693,24315.0,,27559.523819419293,23602.045928422864,27111.770717721884,27445.307906396447,27281.926995265843
store_74,2015-02-23,2015-01-26,26130.0,29747.0,27375.166666666668,29840.345794392524,26390.924536802428,26400.621667079693,23409.0,,26390.924536802428,23309.0083807059,26722.23762351626,26879.916119886784,26595.615130893108
store_74,2015-03-02,2015-01-26,29771.0,29747.0,27375.166666666668,29863.682242990653,31648.243168985973,26400.621667079693,26276.0,,31648.243168985973,24472.959106531853,28474.677167577443,29287.402373856556,29683.209146846617
store_74,2015-03-09,2015-01-26,24342.0,29747.0,27375.166666666668,29887.018691588786,24962.913641712406,26400.621667079693,22038.0,,24962.913641712406,22915.81723814965,26246.233991819587,26158.27092290098,25756.952268154448
store_74,2015-03-16,2015-01-26,28899.0,29747.0,27375.166666666668,29910.355140186915,30020.250988564243,26400.621667079693,24905.0,,30020.250988564243,24051.199208928218,27932.013107436866,28487.767453140565,28727.098386597427
store_74,2015-03-23,2015-01-26,24097.0,29747.0,27375.166666666668,29933.69158878505,23873.541334569534,26400.621667079693,21272.0,,23873.541334569534,22657.431608157276,25883.10988943863,25643.55158494172,25117.169966186037
store_74,2015-03-02,2015-02-23,29771.0,26130.0,26881.333333333332,26119.90990990991,31554.345831161987,26650.192007500045,26276.0,,31554.345831161987,23373.111583129325,28361.957057331787,28436.58689736469,29577.973341798745
store_74,2015-03-09,2015-02-23,24342.0,26130.0,26881.333333333332,26109.81981981982,24856.772054437308,26650.192007500045,22038.0,,24856.772054437308,21809.4453164415,26129.432465090227,25299.168612601617,25644.52548344944
store_74,2015-03-16,2015-02-23,28899.0,26130.0,26881.333333333332,26099.72972972973,29963.893290347492,26650.192007500045,24905.0,,29963.893290347492,22947.164051558655,27831.80621039362,27644.568359506815,28643.909403270194
store_74,2015-03-23,2015-02-23,24097.0,26130.0,26881.333333333332,26089.63963963964,23795.393903818313,26650.192007500045,21272.0,,23795.393903818313,21545.508412041618,25775.63974821723,24788.34306122199,25021.18399403435
store_74,2015-03-30,2015-02-23,31251.0,26130.0,26881.333333333332,26079.54954954955,27975.64402130504,26650.192007500045,30764.0,,27975.64402130504,23497.245558812563,27169.05645404614,27592.04508372263,27476.221656946607
store_74,2015-04-06,2015-02-23,23491.0,26130.0,26881.333333333332,26069.45945945946,22734.558765262886,26650.192007500045,23513.0,,22734.558765262886,21711.220509365103,25422.02803536542,24649.811240519975,24398.161412586483
store_74,2015-04-13,2015-02-23,28905.0,26130.0,26881.333333333332,26059.369369369368,30312.84305274217,26650.192007500045,24907.0,,30312.84305274217,22991.533966134986,27948.122797858516,27776.66082925543,28848.845659490737
store_74,2015-04-20,2015-02-23,24694.0,26130.0,26881.333333333332,26049.27927927928,25324.18199991843,26650.192007500045,18785.0,,25324.18199991843,21402.85523143301,26285.2357802506,25072.569544022743,25919.032746872672
store_74,2015-03-30,2015-03-23,31251.0,24097.0,26925.333333333332,24069.58260869565,27642.783114108024,26645.785152726083,30764.0,,27642.783114108024,22877.783458409012,27071.30053338914,27038.61317033315,27288.88401010011
store_74,2015-04-06,2015-03-23,23491.0,24097.0,26925.333333333332,24042.165217391303,22489.355281656935,26645.785152726083,23513.0,,22489.355281656935,21101.80556930109,25353.491255905446,24128.744028197405,24262.30448347257
store_74,2015-04-13,2015-03-23,28905.0,24097.0,26925.333333333332,24014.747826086958,30124.062487027797,26645.785152726083,24907.0,,30124.062487027797,22387.704114167736,27898.393657695735,27275.777325831878,28746.125596492988
store_74,2015-04-20,2015-03-23,24694.0,24097.0,26925.333333333332,23987.33043478261,25211.871813763722,26645.785152726083,18785.0,,25211.871813763722,20807.47439065796,26260.99676660771,24599.68796105931,25861.22331281811
store_74,2015-04-27,2015-03-23,30533.0,24097.0,26925.333333333332,23959.91304347826,29155.7819234219,26645.785152726083,29333.0,,29155.7819234219,22873.830493279936,27575.633469827102,27440.068469859023,28177.459802555375
store_74,2015-05-04,2015-03-23,31607.0,24097.0,26925.333333333332,23932.49565217391,31226.563759003388,26645.785152726083,29340.0,,31226.563759003388,23166.739699605245,28265.8940816876,28245.628279967706,29393.61846654548
store_74,2015-05-11,2015-03-23,24395.0,24097.0,26925.333333333332,23905.078260869566,25301.116331067635,26645.785152726083,23291.0,,25301.116331067635,21452.187582570943,26290.744939042346,25183.41678504487,25913.63612186822
store_74,2015-05-18,2015-03-23,29212.0,24097.0,26925.333333333332,23877.660869565218,30120.75909012618,26645.785152726083,24470.0,,30120.75909012618,22305.2197779644,27897.292525395194,27206.0130639429,28744.18552985078
store_74,2015-04-27,2015-04-20,30533.0,24694.0,27064.666666666668,24672.52100840336,28929.81353064606,26716.693142030534,29333.0,,28929.81353064606,23058.67062110666,27570.39111311442,27519.577223268396,28088.104807500647
store_74,2015-05-04,2015-04-20,31607.0,24694.0,27064.666666666668,24651.04201680672,31048.188096070764,26716.693142030534,29340.0,,31048.188096070764,23359.227131653526,28276.515968255986,28344.321371753787,29332.2144172385
store_74,2015-05-11,2015-04-20,24395.0,24694.0,27064.666666666668,24629.563025210085,25137.27777608565,26716.693142030534,23291.0,,25137.27777608565,21647.600087141847,26306.21252826095,25288.403014839307,25860.769635272944
store_74,2015-05-18,2015-04-20,29212.0,24694.0,27064.666666666668,24608.084033613446,30010.480933985218,26716.693142030534,24470.0,,30010.480933985218,22509.13211089941,27930.61358089414,27332.51093416974,28722.774767841278
store_74,2015-05-25,2015-04-20,25762.0,24694.0,27064.666666666668,24586.605042016807,26067.14685754505,26716.693142030534,23560.0,,26067.14685754505,21812.730244037008,26616.168888747416,25679.810671624255,26406.876579211734
store_74,2015-06-01,2015-04-20,29195.0,24694.0,27064.666666666668,24565.126050420167,29910.263371408873,26716.693142030534,31244.0,,29910.263371408873,23456.392747218033,27897.20772670202,28127.119716596775,28663.917550283655
store_74,2015-06-08,2015-04-20,26873.0,24694.0,27064.666666666668,24543.647058823528,26450.271274569157,26716.693142030534,20923.0,,26450.271274569157,21484.611163155696,26743.87702775545,25498.41168417271,26631.883420175833
store_74,2015-06-15,2015-04-20,29427.0,24694.0,27064.666666666668,24522.168067226892,29724.824463205252,26716.693142030534,25097.0,,29724.824463205252,22545.621762732764,27835.394757300815,27289.66701889451,28555.010310043464
store_74,2015-05-25,2015-05-18,25762.0,29212.0,27599.75,29227.951219512193,25817.48608660198,27268.795968432383,23560.0,,25817.48608660198,23240.85475350665,26895.34401834479,26703.213518667144,26484.603267930277
store_74,2015-06-01,2015-05-18,29195.0,29212.0,27599.75,29243.90243902439,29758.955649411157,27268.795968432383,31244.0,,29758.955649411157,24903.914865266845,28209.167205947844,29192.811168996814,28799.40643806608
store_74,2015-06-08,2015-05-18,26873.0,29212.0,27599.75,29259.853658536584,26232.127642815714,27268.795968432383,20923.0,,26232.127642815714,22927.932467112096,27033.55787041603,26541.970507557868,26728.119949588858
store_74,2015-06-15,2015-05-18,29427.0,29212.0,27599.75,29275.80487804878,29596.010627038755,27268.795968432383,25097.0,,29596.010627038755,24007.05163907427,28154.85219849038,28371.995513175512,28703.7097319683
store_74,2015-06-22,2015-05-18,24775.0,29212.0,27599.75,29291.756097560974,24463.949063141725,27268.795968432383,24352.0,,24463.949063141725,23169.75016130501,26444.165010524703,26280.058478974457,25689.678496122855
store_74,2015-06-29,2015-05-18,33612.0,29212.0,27599.75,29307.70731707317,31497.383047989908,27268.795968432383,35935.0,,31497.383047989908,25831.519476213634,28788.643005474096,30457.93301064665,29820.375188212394
store_74,2015-07-06,2015-05-18,25183.0,29212.0,27599.75,29323.658536585364,24201.52117492613,27268.795968432383,23558.0,,24201.52117492613,23023.389382849124,26356.689047786167,26082.818701554326,25535.556055775873
store_74,2015-07-13,2015-05-18,26199.0,29212.0,27599.75,29339.60975609756,25420.460365538507,27268.795968432383,26470.0,,25420.460365538507,23615.802298581206,26763.00211132363,26920.189453408184,26251.432268358185
store_75,2015-02-02,2015-01-26,37070.0,40966.0,33748.583333333336,40932.51401869159,39530.45214128034,33243.71159892601,43201.0,,39530.45214128034,33088.894441747325,38658.38791340211,39217.74141478021,39631.04797716517
store_75,2015-02-09,2015-01-26,24228.0,40966.0,33748.583333333336,40899.02803738318,26974.366682166623,33243.71159892601,29152.0,,26974.366682166623,29283.384235972735,29790.026093697543,31345.815461098275,28588.64109760429
store_75,2015-02-16,2015-01-26,33707.0,40966.0,33748.583333333336,40865.542056074766,34851.22362469468,33243.71159892601,39170.0,,34851.22362469468,31835.00865900411,35754.97840787356,36531.47488457327,35869.69615945689
store_75,2015-02-23,2015-01-26,27063.0,40966.0,33748.583333333336,40832.056074766355,27379.82676440004,33243.71159892601,30406.0,,27379.82676440004,29510.882538775106,30343.179454442015,31761.55376404937,29180.273837200733
store_75,2015-03-02,2015-01-26,38507.0,40966.0,33748.583333333336,40798.57009345794,40374.24744754988,33243.71159892601,38725.0,,40374.24744754988,32550.873210466736,37447.65301549196,38600.435452332495,38781.26435227301
store_75,2015-03-09,2015-01-26,24921.0,40966.0,33748.583333333336,40765.08411214953,26788.07421195127,33243.71159892601,27236.0,,26788.07421195127,28963.921893765735,29089.26193695909,30859.95162356862,27923.30771399854
store_75,2015-03-16,2015-01-26,36700.0,40966.0,33748.583333333336,40731.59813084112,39081.15853664331,33243.71159892601,37939.0,,39081.15853664331,32244.29308567768,36754.6233785231,37922.485693402836,37838.1453748553
store_75,2015-03-23,2015-01-26,24152.0,40966.0,33748.583333333336,40698.11214953271,25275.81768902663,33243.71159892601,27019.0,,25275.81768902663,28707.317824402668,28512.84309598421,30215.058048907795,27026.575853102244
store_75,2015-03-02,2015-02-23,38507.0,27063.0,32067.166666666668,26905.46846846847,39817.037434206344,31193.698259851066,38725.0,,39817.037434206344,27967.338689884647,36578.5785646858,35504.49332134091,38155.61215113902
store_75,2015-03-09,2015-02-23,24921.0,27063.0,32067.166666666668,26747.936936936938,25818.69975312188,31193.698259851066,27236.0,,25818.69975312188,24303.78594522522,28082.79933765765,27591.352249413696,27070.621871284522
store_75,2015-03-16,2015-02-23,36700.0,27063.0,32067.166666666668,26590.405405405407,38063.020364354015,31193.698259851066,37939.0,,38063.020364354015,27559.470099468163,35731.90620806836,34623.87548114979,36958.59888570508
store_75,2015-03-23,2015-02-23,24152.0,27063.0,32067.166666666668,26432.873873873876,24208.996287612943,31193.698259851066,27019.0,,24208.996287612943,23997.819298286362,27473.898182488,26886.46859123136,26120.213050917166
store_75,2015-03-30,2015-02-23,39428.0,27063.0,32067.166666666668,26275.34234234234,38039.49148141232,31193.698259851066,40889.0,,38039.49148141232,27932.528392896053,36707.396580421126,35204.4400944189,37812.03524798547
store_75,2015-04-06,2015-02-23,21344.0,27063.0,32067.166666666668,26117.81081081081,21337.803098006756,31193.698259851066,27809.0,,21337.803098006756,23655.49697647647,26780.167119285936,25897.1657465621,24770.68417975404
store_75,2015-04-13,2015-02-23,36826.0,27063.0,32067.166666666668,25960.27927927928,37185.168961547664,31193.698259851066,40124.0,,37185.168961547664,27656.18759533495,36167.622407132905,34681.376235193115,37116.77070354253
store_75,2015-04-20,2015-02-23,24137.0,27063.0,32067.166666666668,25802.747747747748,25161.786224805284,31193.698259851066,23128.0,,25161.786224805284,23488.056985581537,26494.49482821878,26390.903551321695,25502.27812819874
store_75,2015-03-30,2015-03-23,39428.0,24152.0,31674.083333333332,23974.634782608697,37262.24730863472,30579.670958288614,40889.0,,37262.24730863472,26933.090911837906,36243.63942230778,34325.224224294274,37288.4388001131
store_75,2015-04-06,2015-03-23,21344.0,24152.0,31674.083333333332,23797.26956521739,20566.346620040007,30579.670958288614,27809.0,,20566.346620040007,22654.052925268476,26318.339192776206,25018.483800116453,24250.275783261768
store_75,2015-04-13,2015-03-23,36826.0,24152.0,31674.083333333332,23619.904347826086,37034.689409807106,30579.670958288614,40124.0,,37034.689409807106,26740.621149893588,35912.78678936524,34044.709653058126,36938.416684720134
store_75,2015-04-20,2015-03-23,24137.0,24152.0,31674.083333333332,23442.539130434783,25127.217827048178,30579.670958288614,23128.0,,25127.217827048178,22586.21589272927,26278.296261778927,25797.997871184474,25387.771759693656
store_75,2015-04-27,2015-03-23,41065.0,24152.0,31674.083333333332,23265.17391304348,36848.066293689335,30579.670958288614,42497.0,,36848.066293689335,27002.284928336394,36641.57908399265,34437.01789737653,37532.55406727661
store_75,2015-05-04,2015-03-23,38657.0,24152.0,31674.083333333332,23087.808695652173,39467.255225586385,30579.670958288614,44300.0,,39467.255225586385,27608.688316122927,38115.64206129166,35826.942971960045,39504.818897940495
store_75,2015-05-11,2015-03-23,24737.0,24152.0,31674.083333333332,22910.44347826087,21872.493682019598,30579.670958288614,28681.0,,21872.493682019598,22838.527350271772,27044.38821343607,25635.981524762818,25225.845287467633
store_75,2015-05-18,2015-03-23,34239.0,24152.0,31674.083333333332,22733.078260869566,35555.42641372511,30579.670958288614,38309.0,,35555.42641372511,26143.322709459517,34814.699124004575,33006.48043850689,35590.535973633145
store_75,2015-04-27,2015-04-20,41065.0,24137.0,30673.583333333332,23965.470588235294,36766.64530653568,30012.06577214281,42497.0,,36766.64530653568,26864.53785717816,36425.23702622616,34292.11947671146,37399.45717006305
store_75,2015-05-04,2015-04-20,38657.0,24137.0,30673.583333333332,23793.941176470587,38704.70816056173,30012.06577214281,44300.0,,38704.70816056173,27374.471206072638,37672.25797756818,35415.192154352786,38996.53550531757
store_75,2015-05-11,2015-04-20,24737.0,24137.0,30673.583333333332,23622.41176470588,22030.878479320145,30012.06577214281,28681.0,,22030.878479320145,22736.70562135745,26907.98141715432,25586.237268755194,25224.841250550213
store_75,2015-05-18,2015-04-20,34239.0,24137.0,30673.583333333332,23450.882352941175,35009.84368213957,30012.06577214281,38309.0,,35009.84368213957,25941.767877222414,34443.63648476079,32680.91778580357,35201.76362387954
store_75,2015-05-25,2015-04-20,27122.0,24137.0,30673.583333333332,23279.352941176472,22611.499387640557,30012.06577214281,29051.0,,22611.499387640557,22823.500204899025,27224.85505326112,25861.526529058723,25653.332937429943
store_75,2015-06-01,2015-04-20,36485.0,24137.0,30673.583333333332,23107.823529411766,34000.21489456591,30012.06577214281,45238.0,,34000.21489456591,26738.383932779114,36416.76022223623,33704.721713407846,36680.631748876905
store_75,2015-06-08,2015-04-20,28245.0,24137.0,30673.583333333332,22936.29411764706,26123.63968096619,30012.06577214281,26919.0,,26123.63968096619,22971.654700584197,27684.901817703,26763.88522640695,26961.77927384334
store_75,2015-06-15,2015-04-20,39289.0,24137.0,30673.583333333332,22764.764705882353,37555.34802400716,30012.06577214281,38702.0,,37555.34802400716,26263.537405052237,35423.13793204999,33702.23968594981,36719.33225517431
store_75,2015-05-25,2015-05-18,27122.0,34239.0,32059.416666666668,34155.17886178862,22772.394380961778,32263.987979860798,29051.0,,22772.394380961778,26362.996841325406,28029.12745360752,28186.243262529635,26092.073354184344
store_75,2015-06-01,2015-05-18,36485.0,34239.0,32059.416666666668,34071.35772357724,34064.420106061734,32263.987979860798,45238.0,,34064.420106061734,30276.597496595205,37188.80269530751,35999.170075263086,37066.11227504195
store_75,2015-06-08,2015-05-18,28245.0,34239.0,32059.416666666668,33987.53658536585,26143.10944654164,32263.987979860798,26919.0,,26143.10944654164,26516.007239776423,28442.03247546748,29048.458954444137,27322.618054932496
store_75,2015-06-15,2015-05-18,39289.0,34239.0,32059.416666666668,33903.71544715447,37555.85931601585,32263.987979860798,38702.0,,37555.85931601585,29817.71134424254,36173.94909862555,35987.05706589503,37069.728089668235
store_75,2015-06-22,2015-05-18,25856.0,34239.0,32059.416666666668,33819.89430894309,23575.846004599473,32263.987979860798,30189.0,,23575.846004599473,26592.44928001,28676.27799482009,28710.417277329478,26868.864350878986
store_75,2015-06-29,2015-05-18,39153.0,34239.0,32059.416666666668,33736.07317073171,41183.68197531346,32263.987979860798,47750.0,,41183.68197531346,31604.594256081804,40399.22331839142,39290.06711657698,41725.39322791567
store_75,2015-07-06,2015-05-18,26821.0,34239.0,32059.416666666668,33652.25203252032,28841.405687205028,32263.987979860798,29934.0,,28841.405687205028,27284.2946237504,30346.46455568861,30709.258934717527,29694.414714497376
store_75,2015-07-13,2015-05-18,34754.0,34239.0,32059.416666666668,33568.43089430894,38782.40539384168,32263.987979860798,39103.0,,38782.40539384168,30002.32013352544,36716.46445790082,36523.06184304344,37863.12097081321
store_76,2015-02-02,2015-01-26,52770.0,54634.0,52565.666666666664,54794.943925233645,56803.622754645745,52101.57985888228,51576.0,,56803.622754645745,46067.97331506119,53493.73420450934,54920.52427805924,55223.58768116517
store_76,2015-02-09,2015-01-26,38727.0,54634.0,52565.666666666664,54955.88785046729,38688.27384903042,52283.258488117244,37981.0,,38688.27384903042,41586.86955061166,42984.17744571588,43451.18887778561,40049.63726645327
store_76,2015-02-16,2015-01-26,55238.0,54634.0,52565.666666666664,55116.831775700935,52211.98521077788,52464.937117352216,49048.0,,52211.98521077788,45148.77439578538,51241.640776043365,52203.152305498545,51598.664797154575
store_76,2015-02-23,2015-01-26,41408.0,54634.0,52565.666666666664,55277.77570093458,38971.953312285434,52646.61574658718,34813.0,,38971.953312285434,41272.71591806769,42143.85635295753,43168.721145755706,39642.50434106009
store_76,2015-03-02,2015-01-26,54518.0,54634.0,52565.666666666664,55438.719626168226,54816.819085050505,52828.294375822145,50707.0,,54816.819085050505,45855.78567910107,52784.037820290876,53867.04109709675,53763.69318035346
store_76,2015-03-09,2015-01-26,40206.0,54634.0,52565.666666666664,55599.66355140187,39170.58083525829,53009.97300505711,35331.0,,39170.58083525829,41472.983436911985,42503.85128010513,43407.41419187195,39924.099083404006
store_76,2015-03-16,2015-01-26,55409.0,54634.0,52565.666666666664,55760.607476635516,55194.57575381457,53191.65163429208,48886.0,,55194.57575381457,45747.500218772686,52424.07579603554,53840.0531310987,53694.18348140307
store_76,2015-03-23,2015-01-26,42776.0,54634.0,52565.666666666664,55921.55140186916,44044.52550734668,53373.330263527045,42330.0,,44044.52550734668,43267.01054848707,46582.61859029124,47069.30212714363,44729.535855081136
store_76,2015-03-02,2015-02-23,54518.0,41408.0,50000.083333333336,41443.99099099099,54887.150615609,48482.80343289112,50707.0,,54887.150615609,40989.861196117774,51358.98468283337,51149.28015383062,53331.016030845414
store_76,2015-03-09,2015-02-23,40206.0,41408.0,50000.083333333336,41479.98198198198,39244.82072796465,48529.127907243594,35331.0,,39244.82072796465,36570.430564360504,41034.98287840275,40670.40603548027,39479.12421582684
store_76,2015-03-16,2015-02-23,55409.0,41408.0,50000.083333333336,41515.97297297297,55233.10742871663,48574.525449287336,48886.0,,55233.10742871663,40802.52702633003,50897.87762600132,51063.13656033623,53209.60657520354
store_76,2015-03-23,2015-02-23,42776.0,41408.0,50000.083333333336,41551.963963963964,44149.49933876016,48619.01460652919,42330.0,,44149.49933876016,38294.08017751238,45032.837981763114,44305.47528314486,44275.39534689638
store_76,2015-03-30,2015-02-23,64992.0,41408.0,50000.083333333336,41587.954954954956,58424.91993900134,48662.61355534857,53950.0,,58424.91993900134,42004.79596894831,53679.17783144997,53511.31578533432,56437.371342307444
store_76,2015-04-06,2015-02-23,36560.0,41408.0,50000.083333333336,41623.94594594595,38265.88465849793,48705.34010842354,39888.0,,38265.88465849793,37127.32200660011,42286.40825564049,40886.93650193973,39750.138054173614
store_76,2015-04-13,2015-02-23,54769.0,41408.0,50000.083333333336,41659.93693693694,55559.922987829224,48747.21172200833,51384.0,,55559.922987829224,41251.307854301114,51897.04490327918,51641.99524357446,53959.4466763114
store_76,2015-04-20,2015-02-23,40271.0,41408.0,50000.083333333336,41695.92792792793,39468.79332451068,48788.24550306522,29329.0,,39468.79332451068,35812.86429840531,39195.34627585863,39905.083906550775,38445.025607603755
store_76,2015-03-30,2015-03-23,64992.0,42776.0,48238.416666666664,42822.63478260869,58411.87402533848,48627.82431650296,53950.0,,58411.87402533848,42118.10711301668,53663.23278061381,53562.95184054474,56424.56314497791
store_76,2015-04-06,2015-03-23,36560.0,42776.0,48238.416666666664,42869.26956521739,38215.33197843608,48670.284832277815,39888.0,,38215.33197843608,37236.75757751399,42257.87227023796,40919.90974547244,39711.547335882584
store_76,2015-04-13,2015-03-23,54769.0,42776.0,48238.416666666664,42915.90434782609,55520.775940782936,48711.896119125486,51384.0,,55520.775940782936,41363.85615348588,51872.22401996947,51681.71954579531,53928.658534785354
store_76,2015-04-20,2015-03-23,40271.0,42776.0,48238.416666666664,42962.53913043478,39466.35557351782,48752.67516199676,29329.0,,39466.35557351782,35932.140933230854,39182.67691183819,39964.706747682496,38439.414783556334
store_76,2015-04-27,2015-03-23,51953.0,42776.0,48238.416666666664,43009.17391304348,52134.08570191726,48792.638606135966,48602.0,,52134.08570191726,40507.47355539476,49842.90810268441,49509.5841898958,51048.317882501964
store_76,2015-05-04,2015-03-23,56289.0,42776.0,48238.416666666664,43055.80869565217,56579.771249110054,48831.80276387524,53547.0,,56579.771249110054,41861.25705361487,52986.19133766176,52584.87143466626,55107.48747358564
store_76,2015-05-11,2015-03-23,36899.0,42776.0,48238.416666666664,43102.443478260866,37513.27980558425,48870.18362129294,34606.0,,37513.27980558425,36443.760510257816,40329.82114229239,39780.29642390785,38181.00167029964
store_76,2015-05-18,2015-03-23,52713.0,42776.0,48238.416666666664,43149.078260869566,52068.48009032547,48907.796844738834,48646.0,,52068.48009032547,40540.82455180008,49874.0923116881,49503.02211410356,51024.935903936115
store_76,2015-04-27,2015-04-20,51953.0,40271.0,48137.0,40295.01680672269,52153.93528203984,48842.70789250954,48602.0,,52153.93528203984,39757.37999732458,49866.214391516456,49098.35505999771,51067.48887520311
store_76,2015-05-04,2015-04-20,56289.0,40271.0,48137.0,40319.033613445376,56591.64266494137,48882.07163536227,53547.0,,56591.64266494137,41106.82113053557,53006.90476676788,52167.71427560887,55121.20255147643
store_76,2015-05-11,2015-04-20,36899.0,40271.0,48137.0,40343.05042016807,37537.466744836776,48920.64806283353,34606.0,,37537.466744836776,35687.88074683405,40354.7049358901,39367.754881083965,38203.19453792065
store_76,2015-05-18,2015-04-20,52713.0,40271.0,48137.0,40367.06722689076,52086.57836609161,48958.45292204148,48646.0,,52086.57836609161,39780.87121643197,49897.0104293777,49085.53360336988,51042.96935497649
store_76,2015-05-25,2015-04-20,38388.0,40271.0,48137.0,40391.08403361344,39148.198926435114,48995.501645145705,36450.0,,39148.198926435114,36198.969229313465,41531.23352386027,40497.562090802225,39691.21404523374
store_76,2015-06-01,2015-04-20,54261.0,40271.0,48137.0,40415.100840336134,52836.077583910264,49031.809355646714,53666.0,,52836.077583910264,40622.42682569902,51844.62897985232,50254.873433562505,52583.23225941494
store_76,2015-06-08,2015-04-20,41324.0,40271.0,48137.0,40439.117647058825,39216.07587599844,49067.39087455942,33794.0,,39216.07587599844,35846.36919965952,40692.48891685262,40135.29963069713,39207.42426280303
store_76,2015-06-15,2015-04-20,56895.0,40271.0,48137.0,40463.13445378151,54867.210922693914,49102.26072646322,49507.0,,54867.210922693914,40335.372300419804,51158.82388305238,50682.01165642759,53142.656229995504
store_76,2015-05-25,2015-05-18,38388.0,52713.0,48946.25,52837.39024390244,39139.12667020982,48989.754633660705,36450.0,,39139.12667020982,39867.93164968185,41526.29376795684,42550.09873976963,39684.3487173592
store_76,2015-06-01,2015-05-18,54261.0,52713.0,48946.25,52961.78048780488,52694.465019375704,49026.148365945824,53666.0,,52694.465019375704,44286.80626758948,51795.53779510717,52246.53930540392,52485.37099209544
store_76,2015-06-08,2015-05-18,41324.0,52713.0,48946.25,53086.170731707316,39338.75810115578,49061.81413181602,33794.0,,39338.75810115578,39562.8561378113,40731.52407765726,42272.2779997866,39291.04367293053
store_76,2015-06-15,2015-05-18,56895.0,52713.0,48946.25,53210.560975609755,54989.83269962559,49096.76649243519,49507.0,,54989.83269962559,44066.20145252436,51197.866397353595,52826.951452018744,53226.24326711972
store_76,2015-06-22,2015-05-18,39552.0,52713.0,48946.25,53334.95121951219,40198.37671226802,49131.01971770728,39045.0,,40198.37671226802,40481.228235641065,42791.46547665843,43549.88701947712,40953.27994248848
store_76,2015-06-29,2015-05-18,62241.0,52713.0,48946.25,53459.34146341463,57840.5984369415,49164.58779210212,54879.0,,57840.5984369415,45286.1110989226,53961.39540968121,55157.54263157144,56280.02313999785
store_76,2015-07-06,2015-05-18,43237.0,52713.0,48946.25,53583.73170731707,43619.687025871055,49197.48442036492,36249.0,,43619.687025871055,40615.59330765043,43022.05714874533,44924.01094583315,42743.063198229946
store_76,2015-07-13,2015-05-18,58428.0,52713.0,48946.25,53708.12195121951,57589.25152300644,49229.72303311142,49525.0,,57589.25152300644,44530.19235819105,52114.65818537262,54231.01361194578,55029.433051845655
store_77,2015-02-02,2015-01-26,33032.0,35615.0,31338.166666666668,35670.80373831776,32033.57618179376,29571.54294317469,32761.0,,32033.57618179376,28141.441361421836,31455.373041656145,32455.824607335548,31822.27343109569
store_77,2015-02-09,2015-01-26,27930.0,35615.0,31338.166666666668,35726.607476635516,27550.10610730522,29571.54294317469,26634.0,,27550.10610730522,26633.631884826013,27918.5496834933,29505.646236838664,27643.011550871335
store_77,2015-02-16,2015-01-26,33200.0,35615.0,31338.166666666668,35782.411214953274,31539.930042472588,29571.54294317469,31723.0,,31539.930042472588,27938.578695323886,30944.82432854909,32075.472781929515,31270.283068874203
store_77,2015-02-23,2015-01-26,28138.0,35615.0,31338.166666666668,35838.214953271025,28731.472976796955,29571.54294317469,27606.0,,28731.472976796955,26957.199648558475,28636.338639990547,30179.470961982224,28581.864870012243
store_77,2015-03-02,2015-01-26,34547.0,35615.0,31338.166666666668,35894.01869158878,34136.57358527286,29571.54294317469,32383.0,,34136.57358527286,28419.75741238614,32030.372176149183,33280.76161363664,32960.7466422255
store_77,2015-03-09,2015-01-26,28329.0,35615.0,31338.166666666668,35949.82242990654,26758.473842303953,29571.54294317469,26460.0,,26758.473842303953,26527.572268864547,27596.672261826214,29166.01435100252,27134.5213824336
store_77,2015-03-16,2015-01-26,32452.0,35615.0,31338.166666666668,36005.6261682243,31192.209312301733,29571.54294317469,32129.0,,31192.209312301733,27978.792155766765,30964.25075182547,32023.672909771853,31168.852361835663
store_77,2015-03-23,2015-01-26,28125.0,35615.0,31338.166666666668,36061.42990654206,26980.030650948407,29571.54294317469,26535.0,,26980.030650948407,26585.881452475973,27695.524531374365,29281.305001339795,27283.48139972064
store_77,2015-03-02,2015-02-23,34547.0,28138.0,30543.0,28124.432432432433,34148.348437414206,29599.341891529257,32383.0,,34148.348437414206,26133.7318230537,32043.563442981154,31826.218668499125,32972.117470710145
store_77,2015-03-09,2015-02-23,28329.0,28138.0,30543.0,28110.864864864863,26831.42350047962,29599.341891529257,26460.0,,26831.42350047962,24240.375750981962,27630.255130669626,27730.662360082253,27181.788537586635
store_77,2015-03-16,2015-02-23,32452.0,28138.0,30543.0,28097.297297297297,31317.091539628753,29599.341891529257,32129.0,,31317.091539628753,25689.104389779328,31015.14447705267,30603.677134640002,31246.59265761361
store_77,2015-03-23,2015-02-23,28125.0,28138.0,30543.0,28083.72972972973,27046.818817868756,29599.341891529257,26535.0,,27046.818817868756,24277.98434844682,27727.053569799336,27831.013794034563,27327.133097511352
store_77,2015-03-30,2015-02-23,36908.0,28138.0,30543.0,28070.162162162163,35929.02808605823,29599.341891529257,34343.0,,35929.02808605823,26660.36173424995,33290.45665919583,32910.459186057866,34512.328334849866
store_77,2015-04-06,2015-02-23,23909.0,28138.0,30543.0,28056.594594594593,24735.777085307618,29599.341891529257,27987.0,,24735.777085307618,24151.387653061636,27440.706325612293,27129.181250540038,26338.00837575525
store_77,2015-04-13,2015-02-23,31095.0,28138.0,30543.0,28043.027027027027,32260.378830126523,29599.341891529257,33615.0,,32260.378830126523,26028.392535526113,31824.906907218592,31255.767046808676,32175.644983739156
store_77,2015-04-20,2015-02-23,25742.0,28138.0,30543.0,28029.45945945946,25965.48864609538,29599.341891529257,22533.0,,25965.48864609538,23544.04142815487,26032.61017920821,26662.348597514607,25681.226563395157
store_77,2015-03-30,2015-03-23,36908.0,28125.0,30848.333333333332,28111.791304347826,35903.04375922145,30911.952602186324,34343.0,,35903.04375922145,26891.874428441275,33719.332120469255,33085.607227808585,34707.74651077339
store_77,2015-04-06,2015-03-23,23909.0,28125.0,30848.333333333332,28098.58260869565,24912.146093635565,30933.873156691745,27987.0,,24912.146093635565,24414.990741765185,27944.339750109102,27390.80831527693,26655.682121130907
store_77,2015-04-13,2015-03-23,31095.0,28125.0,30848.333333333332,28085.373913043477,32487.392662160833,30955.793711197166,33615.0,,32487.392662160833,26302.41337424783,32352.728791119334,31540.927067877445,32526.554346748413
store_77,2015-04-20,2015-03-23,25742.0,28125.0,30848.333333333332,28072.165217391303,25992.063229207604,30977.71426570259,22533.0,,25992.063229207604,23792.610863662117,26500.92583163673,26866.86314339832,25918.039717808057
store_77,2015-04-27,2015-03-23,34646.0,28125.0,30848.333333333332,28058.956521739132,32697.837854834164,30999.63482020801,31628.0,,32697.837854834164,26051.108932873518,31775.15755834739,31275.782224057395,32154.914045843285
store_77,2015-05-04,2015-03-23,31248.0,28125.0,30848.333333333332,28045.747826086958,31065.211942485184,31021.555374713433,32889.0,,31065.211942485184,25999.264068088414,31658.58910573287,30825.032929776426,31519.119951763754
store_77,2015-05-11,2015-03-23,24695.0,28125.0,30848.333333333332,28032.539130434783,25456.327740249377,31043.475929218854,27969.0,,25456.327740249377,24496.382304748047,28156.267889822742,27619.92448346022,26988.040067202914
store_77,2015-05-18,2015-03-23,32542.0,28125.0,30848.333333333332,28019.33043478261,31602.30772713254,31065.396483724275,32259.0,,31602.30772713254,25988.48113985325,31642.23473695227,30937.917620977776,31682.09877453502
store_77,2015-04-27,2015-04-20,34646.0,25742.0,30283.916666666668,25709.210084033613,32623.026884566963,29643.300757832247,31628.0,,32623.026884566963,25089.92205615707,31298.109214133066,30600.896519155565,31893.333610198843
store_77,2015-05-04,2015-04-20,31248.0,25742.0,30283.916666666668,25676.420168067227,30750.676262940942,29643.300757832247,32889.0,,30750.676262940942,24997.901979358154,31094.32567359106,30046.446688422307,31113.35506547989
store_77,2015-05-11,2015-04-20,24695.0,25742.0,30283.916666666668,25643.63025210084,25205.47224512766,29643.300757832247,27969.0,,25205.47224512766,23498.188560246774,27605.924334319967,26863.52480637388,26616.123516700165
store_77,2015-05-18,2015-04-20,32542.0,25742.0,30283.916666666668,25610.840336134454,31416.29248244027,29643.300757832247,32259.0,,31416.29248244027,24993.621463296233,31106.197746757505,30204.18583640832,31344.711266644197
store_77,2015-05-25,2015-04-20,26113.0,25742.0,30283.916666666668,25578.050420168067,26148.305291190634,29643.300757832247,27658.0,,26148.305291190634,23579.081876551085,27816.53534967429,27193.290911176875,27090.764679440308
store_77,2015-06-01,2015-04-20,30886.0,25742.0,30283.916666666668,25545.26050420168,31213.603129054736,29643.300757832247,35309.0,,31213.603129054736,25391.011579679332,32055.30129562899,30659.272600591026,31996.584139844046
store_77,2015-06-08,2015-04-20,26804.0,25742.0,30283.916666666668,25512.470588235294,27556.879307705603,29643.300757832247,26968.0,,27556.879307705603,23672.36676006283,28056.060021845948,27648.571980047072,27742.91234334334
store_77,2015-06-15,2015-04-20,34973.0,25742.0,30283.916666666668,25479.680672268907,32306.339358790814,29643.300757832247,29916.0,,32306.339358790814,24767.319636508375,30621.88003887435,30143.076487353108,31274.843703334915
store_77,2015-05-25,2015-05-18,26113.0,32542.0,30353.166666666668,32565.560975609755,26432.71461423126,30926.75441339093,27658.0,,26432.71461423126,25782.59952427123,28339.15634254073,28706.34509096246,27463.63700960831
store_77,2015-06-01,2015-05-18,30886.0,32542.0,30353.166666666668,32589.121951219513,31023.097100993324,30946.771979327084,35309.0,,31023.097100993324,27537.593956886652,32426.289693440136,31982.578485932703,32093.996976484934
store_77,2015-06-08,2015-05-18,26804.0,32542.0,30353.166666666668,32612.682926829268,27886.044723728242,30966.789545263244,26968.0,,27886.044723728242,25904.09769464106,28606.944756330493,29194.798089681444,28148.472154780568
store_77,2015-06-15,2015-05-18,34973.0,32542.0,30353.166666666668,32636.243902439026,32638.86444179139,30986.8071111994,29916.0,,32638.86444179139,27010.44030315664,31180.55718433026,31697.99755979882,31685.587596587044
store_77,2015-06-22,2015-05-18,28291.0,32542.0,30353.166666666668,32659.80487804878,28307.074542610048,31006.82467713556,29801.0,,28307.074542610048,26381.41010920872,29704.966406581865,29884.49883232203,29117.917052709647
store_77,2015-06-29,2015-05-18,38595.0,32542.0,30353.166666666668,32683.365853658535,37054.9690810973,31026.842243071715,34813.0,,37054.9690810973,28353.334834927744,34298.27044138967,34414.152085205125,35520.89572779916
store_77,2015-07-06,2015-05-18,26488.0,32542.0,30353.166666666668,32706.926829268294,27947.978594454922,31046.859809007874,28375.0,,27947.978594454922,26138.847414199678,29123.279467820932,29489.425870080522,28553.24698404379
store_77,2015-07-13,2015-05-18,34131.0,32542.0,30353.166666666668,32730.48780487805,35724.02332693669,31066.87737494403,35660.0,,35724.02332693669,28296.650739060773,34150.30023396024,34022.03221818452,34960.402002600866
store_78,2015-02-02,2015-01-26,29952.0,34393.0,29546.583333333332,34365.88785046729,31312.985656035016,28840.91613627774,43073.0,,31312.985656035016,28790.338996587623,34644.18966312278,32925.15863518118,33232.85681942727
store_78,2015-02-09,2015-01-26,26760.0,34393.0,29546.583333333332,34338.77570093458,28837.456655017464,28840.91613627774,27822.0,,28837.456655017464,26254.104546509017,28735.346662783595,29854.839243060647,28769.274879778863
store_78,2015-02-16,2015-01-26,31068.0,34393.0,29546.583333333332,34311.66355140187,30119.165137066964,28840.91613627774,38273.0,,30119.165137066964,27926.332594011415,32646.24949013343,31773.46770519926,31564.663402119004
store_78,2015-02-23,2015-01-26,24445.0,34393.0,29546.583333333332,34284.55140186916,26069.266003742465,28840.91613627774,30570.0,,26069.266003742465,26243.47383931753,28728.61644569193,28999.507511232456,27532.28714518784
store_78,2015-03-02,2015-01-26,34989.0,34393.0,29546.583333333332,34257.43925233645,33534.18621509421,28840.91613627774,38152.0,,33534.18621509421,28389.160705291673,33744.256516142515,33243.076245594246,33710.487686208
store_78,2015-03-09,2015-01-26,25849.0,34393.0,29546.583333333332,34230.32710280374,26018.133484029444,28840.91613627774,21170.0,,26018.133484029444,24885.56572234918,25578.23893912092,27747.173088636355,25717.656410549433
store_78,2015-03-16,2015-01-26,31870.0,34393.0,29546.583333333332,34203.214953271025,33267.21262885524,28840.91613627774,27923.0,,33267.21262885524,26881.98957881962,30245.598654062855,31788.513304775362,31601.61237671446
store_78,2015-03-23,2015-01-26,26622.0,34393.0,29546.583333333332,34176.102803738315,26246.32469746765,28840.91613627774,21756.0,,26246.32469746765,24994.132424402433,25849.636010266993,27917.95422841547,25973.67346238944
store_78,2015-03-02,2015-02-23,34989.0,24445.0,28449.25,24329.243243243243,33364.0067560503,28510.096722260427,38152.0,,33364.0067560503,25321.370960221993,33321.75225201676,31084.45208178212,33410.00339183457
store_78,2015-03-09,2015-02-23,25849.0,24445.0,28449.25,24213.486486486487,25681.066371451678,28510.096722260427,21170.0,,25681.066371451678,21781.2713685998,25100.10545715056,25507.248794068062,25311.187390034687
store_78,2015-03-16,2015-02-23,31870.0,24445.0,28449.25,24097.72972972973,33097.43619567438,28510.096722260427,27923.0,,33097.43619567438,23788.93037823779,29823.22873189146,29613.147229700215,31301.384030488305
store_78,2015-03-23,2015-02-23,26622.0,24445.0,28449.25,23981.972972972973,25899.80309305712,28510.096722260427,21756.0,,25899.80309305712,21863.160398327214,25368.35103101904,25656.98552560281,25561.200212643333
store_78,2015-03-30,2015-02-23,34620.0,24445.0,28449.25,23866.216216216217,32175.767747163314,28510.096722260427,32304.0,,32175.767747163314,24250.047240805707,30976.339249054436,29759.63042474193,31546.662924022152
store_78,2015-04-06,2015-02-23,20946.0,24445.0,28449.25,23750.45945945946,21232.55792976678,28510.096722260427,24871.0,,21232.55792976678,21608.33773021238,24850.935976588924,24003.679275644634,23187.766944674135
store_78,2015-04-13,2015-02-23,31176.0,24445.0,28449.25,23634.702702702703,32514.51996907829,28510.096722260427,29140.0,,32514.51996907829,23813.36705629163,30034.58998969276,29473.116245602174,31161.926182772702
store_78,2015-04-20,2015-02-23,24645.0,24445.0,28449.25,23518.945945945947,26461.714300878615,28510.096722260427,19126.0,,26461.714300878615,21501.572424154998,24678.98810029287,25515.362533990126,25419.425977612882
store_78,2015-03-30,2015-03-23,34620.0,26622.0,29246.583333333332,26529.2,32256.84698188342,28867.86662079945,32304.0,,32256.84698188342,25118.070990859454,31269.143438405583,30399.41905417845,31737.95994966813
store_78,2015-04-06,2015-03-23,20946.0,26622.0,29246.583333333332,26436.4,21344.855630916318,28867.86662079945,24871.0,,21344.855630916318,22484.100797864157,25154.14632141655,24659.284433532615,23398.889766566954
store_78,2015-04-13,2015-03-23,31176.0,26622.0,29246.583333333332,26343.6,32557.03000310038,28867.86662079945,29140.0,,32557.03000310038,24682.43999389045,30314.537778811235,30100.451925896694,31328.729208491717
store_78,2015-04-20,2015-03-23,24645.0,26622.0,29246.583333333332,26250.8,26531.712620241204,28867.86662079945,19126.0,,26531.712620241204,22377.85179633914,24968.09865119151,26156.886635805917,25603.685887242824
store_78,2015-04-27,2015-03-23,30523.0,26622.0,29246.583333333332,26158.0,31971.76952051677,28867.86662079945,30279.0,,31971.76952051677,24735.031353521365,30499.117617950033,29975.707630332225,31172.994481593963
store_78,2015-05-04,2015-03-23,34386.0,26622.0,29246.583333333332,26065.2,34066.10478419039,28867.86662079945,32728.0,,34066.10478419039,25370.822105474737,32013.56270584124,31200.0742977125,32967.3453341733
store_78,2015-05-11,2015-03-23,22010.0,26622.0,29246.583333333332,25972.4,24663.08479984069,28867.86662079945,24182.0,,24663.08479984069,22793.419250567636,26030.55604439134,25973.531757936802,25375.55691337091
store_78,2015-05-18,2015-03-23,32738.0,26622.0,29246.583333333332,25879.6,33712.67282184719,28867.86662079945,29546.0,,33712.67282184719,24839.24611085428,30835.08538506017,30613.479307656777,32139.613094553737
store_78,2015-04-27,2015-04-20,30523.0,24645.0,28578.5,24538.70588235294,31994.221221834527,28459.0414928355,30279.0,,31994.221221834527,24070.63837100328,30283.907073944843,29509.53412483183,31070.10946975901
store_78,2015-05-04,2015-04-20,34386.0,24645.0,28578.5,24432.41176470588,34012.33552495534,28459.0414928355,32728.0,,34012.33552495534,24693.612683213818,31772.945174985114,30699.345060132062,32816.05495825441
store_78,2015-05-11,2015-04-20,22010.0,24645.0,28578.5,24326.117647058825,24638.48248505491,28459.0414928355,24182.0,,24638.48248505491,22118.448803564173,25799.660828351633,25484.245299984195,25242.789481207168
store_78,2015-05-18,2015-04-20,32738.0,24645.0,28578.5,24219.823529411766,33656.855020902716,28459.0414928355,29546.0,,33656.855020902716,24157.888577592854,30593.78500696757,30109.28059417673,31987.02175881269
store_78,2015-05-25,2015-04-20,22646.0,24645.0,28578.5,24113.529411764706,23466.21647439875,28459.0414928355,22929.0,,23466.21647439875,21741.612482714136,24991.238824799584,24789.032887232894,24260.76493725198
store_78,2015-06-01,2015-04-20,31998.0,24645.0,28578.5,24007.235294117647,33514.99124122842,28459.0414928355,31527.0,,33514.99124122842,24390.252575454506,31206.830413742806,30285.2042867572,32272.509211716035
store_78,2015-06-08,2015-04-20,30386.0,24645.0,28578.5,23900.941176470587,31491.628105650936,28459.0414928355,20685.0,,31491.628105650936,22537.158682136716,26918.376035216977,27979.18833483811,28931.9906088126
store_78,2015-06-15,2015-04-20,37203.0,24645.0,28578.5,23794.647058823528,38975.814365185026,28459.0414928355,28368.0,,38975.814365185026,24688.71470240629,31974.10478839501,32236.77069670751,35141.57508896168
store_78,2015-05-25,2015-05-18,22646.0,32738.0,29197.833333333332,32700.959349593497,22969.756616120285,28904.238347659197,22929.0,,22969.756616120285,24205.68394952947,25032.19664981787,26304.976556139824,24054.07539672984
store_78,2015-06-01,2015-05-18,31998.0,32738.0,29197.833333333332,32663.91869918699,33016.887064521805,28904.238347659197,31527.0,,33016.887064521805,26863.982492100185,31247.240132618375,31807.038772888165,32064.77541995897
store_78,2015-06-08,2015-05-18,30386.0,32738.0,29197.833333333332,32626.878048780487,31148.462244536477,28904.238347659197,20685.0,,31148.462244536477,25042.915996329924,27010.431859289936,29575.257041775243,28822.652921255663
store_78,2015-06-15,2015-05-18,37203.0,32738.0,29197.833333333332,32589.837398373984,38662.29582497525,28904.238347659197,28368.0,,38662.29582497525,27208.60070062025,32076.043052769524,33852.3880389853,35051.06541606234
store_78,2015-06-22,2015-05-18,28831.0,32738.0,29197.833333333332,32552.79674796748,29297.71359574443,28904.238347659197,24039.0,,29297.71359574443,25247.083146386347,27511.51564302592,29197.42832509345,28283.194018998314
store_78,2015-06-29,2015-05-18,36758.0,32738.0,29197.833333333332,32515.756097560974,35401.18928896976,28904.238347659197,33196.0,,35401.18928896976,27421.85958107475,32598.340874101028,33051.04808665119,33895.393308189734
store_78,2015-07-06,2015-05-18,27139.0,32738.0,29197.833333333332,32478.71544715447,27098.040036628892,28904.238347659197,22691.0,,27098.040036628892,24729.689594967982,26328.957789987406,28054.62307008119,26630.686382203796
store_78,2015-07-13,2015-05-18,33606.0,32738.0,29197.833333333332,32441.674796747968,32637.11459029569,28904.238347659197,28447.0,,32637.11459029569,26337.980152576594,30093.98264120967,31218.741075123344,31239.65352100042
store_79,2015-02-02,2015-01-26,38583.0,40488.0,37525.833333333336,40520.92523364486,38257.12410910412,36586.781914468556,39843.0,,38257.12410910412,33317.38065579298,38228.96867452422,38599.9204060719,38408.043346124534
store_79,2015-02-09,2015-01-26,30719.0,40488.0,37525.833333333336,40553.85046728972,30943.347514067926,36631.23521991928,28010.0,,30943.347514067926,30593.18093351575,31861.527577995734,32482.584855448116,30880.565637546402
store_79,2015-02-16,2015-01-26,38523.0,40488.0,37525.833333333336,40586.77570093458,38274.12826056584,36675.68852537001,35362.0,,38274.12826056584,32701.775117171965,36770.60559531195,37953.84458769786,37608.47171502749
store_79,2015-02-23,2015-01-26,31083.0,40488.0,37525.833333333336,40619.700934579436,30451.416837067798,36720.141830820736,29849.0,,30451.416837067798,30807.72756225733,32340.18622262951,32472.440584293705,30863.267271326913
store_79,2015-03-02,2015-01-26,40872.0,40488.0,37525.833333333336,40652.6261682243,39908.972212442626,36764.59513627146,39860.0,,39908.972212442626,33600.0038357531,38844.52244957136,39607.764086237534,39638.17448245908
store_79,2015-03-09,2015-01-26,30172.0,40488.0,37525.833333333336,40685.55140186916,29284.045368856277,36809.04844172219,28907.0,,29284.045368856277,30528.496935111565,31666.697936859484,31645.91815118761,29841.724324197952
store_79,2015-03-16,2015-01-26,40616.0,40488.0,37525.833333333336,40718.47663551402,38838.07804377266,36853.501747172915,37557.0,,38838.07804377266,33140.12710854184,37749.52659698186,38636.467494922465,38438.541686026074
store_79,2015-03-23,2015-01-26,31070.0,40488.0,37525.833333333336,40751.40186915888,32138.492333851147,36897.95505262364,29670.0,,32138.492333851147,31067.383226995284,32902.14912882492,33472.162029551706,32083.407069368724
store_79,2015-03-02,2015-02-23,40872.0,31083.0,36348.333333333336,31030.00900900901,40105.04382962479,36472.71605565988,39860.0,,40105.04382962479,30699.87174680386,38812.586628428224,38485.85225096773,39757.756734266695
store_79,2015-03-09,2015-02-23,30172.0,31083.0,36348.333333333336,30977.018018018018,29437.684163191512,36513.171626460346,28907.0,,29437.684163191512,27609.458163000458,31619.285263217287,30493.309589536224,29929.834178045898
store_79,2015-03-16,2015-02-23,40616.0,31083.0,36348.333333333336,30924.027027027027,38974.1475627,36553.62719726081,37557.0,,38974.1475627,30205.73358861731,37694.92491998694,37467.99505685735,38513.42535414036
store_79,2015-03-23,2015-02-23,31070.0,31083.0,36348.333333333336,30871.036036036036,32252.288131345063,36594.08276806128,29670.0,,32252.288131345063,28116.962895539385,32838.790299802116,32285.019183050434,32141.61217550263
store_79,2015-03-30,2015-02-23,45959.0,31083.0,36348.333333333336,30818.045045045044,44145.808705947595,36634.53833886174,41311.0,,44145.808705947595,31477.246489026817,40697.11568160311,41110.50405393432,43001.91206087341
store_79,2015-04-06,2015-02-23,26877.0,31083.0,36348.333333333336,30765.054054054053,26276.794186805502,36674.993909662204,29780.0,,26276.794186805502,27275.453640550724,30910.596032155903,28735.74223831575,27783.326153946127
store_79,2015-04-13,2015-02-23,39985.0,31083.0,36348.333333333336,30712.063063063062,39531.07622844103,36715.44948046267,39331.0,,39531.07622844103,30531.560300757155,38525.84190296789,38062.312185966985,39260.021720106815
store_79,2015-04-20,2015-02-23,29846.0,31083.0,36348.333333333336,30659.07207207207,30642.358080394843,36755.90505126313,24152.0,,30642.358080394843,27091.52407672334,30516.754377219324,30502.6063062014,29964.541128486268
store_79,2015-03-30,2015-03-23,45959.0,31070.0,35722.25,31018.739130434784,44910.252885086076,36503.417099712635,41311.0,,44910.252885086076,31505.09415931907,40908.223328266235,41526.729609832655,43551.983560416666
store_79,2015-04-06,2015-03-23,26877.0,31070.0,35722.25,30967.478260869564,27177.677404010778,36541.89974255761,29780.0,,27177.677404010778,27322.757915348277,31166.525715522796,29233.332633638285,28433.359687176904
store_79,2015-04-13,2015-03-23,39985.0,31070.0,35722.25,30916.217391304348,40102.856199439564,36580.38238540258,39331.0,,40102.856199439564,30531.8151394495,38671.412861614044,38363.538795172666,39668.3772479331
store_79,2015-04-20,2015-03-23,29846.0,31070.0,35722.25,30864.956521739132,31023.491654843332,36618.86502824756,24152.0,,31023.491654843332,27064.509029261433,30598.11889436363,30690.068351425118,30232.825755412185
store_79,2015-04-27,2015-03-23,40964.0,31070.0,35722.25,30813.695652173912,40567.070440651725,36657.34767109253,38196.0,,40567.070440651725,30432.337680559736,38473.472703914755,38470.853442290514,39807.89102843852
store_79,2015-05-04,2015-03-23,41266.0,31070.0,35722.25,30762.434782608696,42027.339634451295,36695.8303139375,41675.0,,42027.339634451295,31136.122104428214,40132.723316129595,39858.75830767977,41518.93491768644
store_79,2015-05-11,2015-03-23,30860.0,31070.0,35722.25,30711.17391304348,30872.502175027148,36734.31295678247,28313.0,,30872.502175027148,27631.891292121873,31973.271710603207,31217.24242210865,30892.569615666565
store_79,2015-05-18,2015-03-23,40678.0,31070.0,35722.25,30659.91304347826,40607.63873977052,36772.79559962745,36444.0,,40607.63873977052,30182.371054696603,37941.47811313265,38233.2639240549,39526.88251970147
store_79,2015-04-27,2015-04-20,40964.0,29846.0,35358.75,29786.176470588234,40399.05913316981,36606.18902687476,38196.0,,40399.05913316981,30027.453518661827,38400.41605334819,38207.73602200569,39680.335129586354
store_79,2015-05-04,2015-04-20,41266.0,29846.0,35358.75,29726.352941176472,41866.74333387962,36644.18069280952,41675.0,,41866.74333387962,30731.00385255223,40061.97467556305,39599.521751203974,41396.77966569229
store_79,2015-05-11,2015-04-20,30860.0,29846.0,35358.75,29666.529411764706,30747.384569235383,36682.172358744276,28313.0,,30747.384569235383,27230.548048534907,31914.185642659882,30978.62868763334,30796.40965841685
store_79,2015-05-18,2015-04-20,40678.0,29846.0,35358.75,29606.70588235294,40391.63963985758,36720.16402467903,36444.0,,40391.63963985758,29766.751363841362,37851.93455484553,37939.89029604141,39363.98793483649
store_79,2015-05-25,2015-04-20,29874.0,29846.0,35358.75,29546.882352941175,29714.811983419964,36758.155690613785,30007.0,,29714.811983419964,27318.80000385356,32159.989224677913,30612.485746349623,30354.766357384407
store_79,2015-06-01,2015-04-20,38971.0,29846.0,35358.75,29487.058823529413,39186.196095862804,36796.14735654854,40413.0,,39186.196095862804,30155.307467991533,38798.44781747045,37808.82484340617,39211.5185792519
store_79,2015-06-08,2015-04-20,31982.0,29846.0,35358.75,29427.235294117647,31264.446389353223,36834.1390224833,28221.0,,31264.446389353223,27278.79581513631,32106.528470612175,31269.46496291738,31171.687935371297
store_79,2015-06-15,2015-04-20,42349.0,29846.0,35358.75,29367.41176470588,42227.32423686278,36872.13068841806,36540.0,,42227.32423686278,30030.230955712388,38546.48497509361,39045.32609157641,40741.322846755036
store_79,2015-05-25,2015-05-18,29874.0,40678.0,36597.083333333336,40708.186991869916,29750.701779523864,36914.200184680914,30007.0,,29750.701779523864,30665.024612772577,32223.967321401593,32045.31622475874,30394.09853487794
store_79,2015-06-01,2015-05-18,38971.0,40678.0,36597.083333333336,40738.37398373984,39260.673668222735,36954.066589514325,40413.0,,39260.673668222735,33520.17108211575,38875.913419245684,39270.15809928604,39279.324663674444
store_79,2015-06-08,2015-05-18,31982.0,40678.0,36597.083333333336,40768.560975609755,31312.086327078287,36993.93299434773,28221.0,,31312.086327078287,30652.951947195586,32175.673107142004,32720.2701497563,31219.955231228916
store_79,2015-06-15,2015-05-18,42349.0,40678.0,36597.083333333336,40798.74796747968,42283.53471649997,37033.79939918114,36540.0,,42283.53471649997,33418.737916642014,38619.1113718937,40506.72667020169,40796.03578388007
store_79,2015-06-22,2015-05-18,30012.0,40678.0,36597.083333333336,40828.93495934959,29834.54964502901,37073.66580401454,30781.0,,29834.54964502901,30827.60482024664,32563.071816347845,32228.38154728296,30610.453487581934
store_79,2015-06-29,2015-05-18,43474.0,40678.0,36597.083333333336,40859.12195121951,40243.891688018804,37113.53220884795,44494.0,,40243.891688018804,34283.66131163137,40617.14129895558,40481.38761925494,40760.446818260156
store_79,2015-07-06,2015-05-18,33912.0,40678.0,36597.083333333336,40889.30894308943,34090.49769658421,37153.398613681355,28878.0,,34090.49769658421,31183.755512384047,33373.965436755185,34493.43808807921,33392.33008920363
store_79,2015-07-13,2015-05-18,41465.0,40678.0,36597.083333333336,40919.49593495935,41400.224743535626,37193.265018514765,40065.0,,41400.224743535626,33836.15271862044,39552.82992068346,40521.78498640574,40805.72165414743
store_8,2015-02-02,2015-01-26,49586.0,51645.0,49625.833333333336,51656.943925233645,53704.537044533645,43998.47543705321,55987.0,,53704.537044533645,43802.54139145055,51230.004160528944,52591.26533002426,53154.88184513057
store_8,2015-02-09,2015-01-26,35565.0,51645.0,49625.833333333336,51668.88785046729,34600.86781211643,43998.47543705321,34972.0,,34600.86781211643,38073.00920471003,37857.11441638988,39704.87257198624,35883.49195835301
store_8,2015-02-16,2015-01-26,49315.0,51645.0,49625.833333333336,51680.831775700935,48219.674272569806,43998.47543705321,49064.0,,48219.674272569806,42033.40211695104,47094.04990320767,48700.167751594825,47937.5022229792
store_8,2015-02-23,2015-01-26,35006.0,51645.0,49625.833333333336,51692.77570093458,33813.16953029734,43998.47543705321,34741.0,,33813.16953029734,37930.893428802636,37517.54832245018,39313.30774685357,35356.11607932279
store_8,2015-03-02,2015-01-26,51871.0,51645.0,49625.833333333336,51704.719626168226,49715.485177411865,43998.47543705321,51933.0,,49715.485177411865,42660.35908199523,48548.986871488356,49976.63187190715,49645.585346412
store_8,2015-03-09,2015-01-26,41057.0,51645.0,49625.833333333336,51716.66355140187,36315.609668049976,43998.47543705321,32428.0,,36315.609668049976,37961.368855691195,37580.6950350344,39904.393753894314,36145.66917509151
store_8,2015-03-16,2015-01-26,54320.0,51645.0,49625.833333333336,51728.607476635516,51674.61026381645,43998.47543705321,45820.0,,51674.61026381645,42070.36093011979,47164.361900289885,49506.462803666385,49012.86563425009
store_8,2015-03-23,2015-01-26,39975.0,51645.0,49625.833333333336,51740.55140186916,38631.96710196883,43998.47543705321,38233.0,,38631.96710196883,39124.975324889216,40287.81417967401,42175.52993856515,39186.79188805944
store_8,2015-03-02,2015-02-23,51871.0,35006.0,45489.666666666664,34867.61261261261,50977.38156163616,43937.64816772403,51933.0,,50977.38156163616,37458.75842980564,48949.34324312006,47404.270085340686,50375.24554934888
store_8,2015-03-09,2015-02-23,41057.0,35006.0,45489.666666666664,34729.22522522522,38410.166165486604,43937.64816772403,32428.0,,38410.166165486604,32857.243746443215,38258.60477773687,37682.78044352248,37361.81155190019
store_8,2015-03-16,2015-02-23,54320.0,35006.0,45489.666666666664,34590.83783783784,53229.342839639634,43937.64816772403,45820.0,,53229.342839639634,36867.64221598116,47662.33033578788,47037.26443471605,49913.61555893161
store_8,2015-03-23,2015-02-23,39975.0,35006.0,45489.666666666664,34452.45045045045,38261.48797830803,43937.64816772403,38233.0,,38261.48797830803,33625.750466164165,40144.045382010685,38854.787597758324,38962.73571495019
store_8,2015-03-30,2015-02-23,61408.0,35006.0,45489.666666666664,34314.06306306306,54122.74516035803,43937.64816772403,49555.0,,54122.74516035803,37489.30329397311,49205.13110936068,48214.4863759323,51521.528475104344
store_8,2015-04-06,2015-02-23,32868.0,35006.0,45489.666666666664,34175.67567567567,31930.853100471566,43937.64816772403,38212.0,,31930.853100471566,32678.834801505418,38026.8337560652,36067.843580239576,35257.95276699482
store_8,2015-04-13,2015-02-23,53995.0,35006.0,45489.666666666664,34037.28828828829,53130.47365677897,43937.64816772403,54659.0,,53130.47365677897,38037.15382563685,50575.707274834334,48866.64997116745,52425.76870649122
store_8,2015-04-20,2015-02-23,34949.0,35006.0,45489.666666666664,33898.9009009009,35476.77912229458,43937.64816772403,28148.0,,35476.77912229458,31708.14212251231,35854.1424300062,35407.78486029733,34403.578919347485
store_8,2015-03-30,2015-03-23,61408.0,39975.0,45653.5,39884.63478260869,54972.97265917313,44042.11151289892,49555.0,,54972.97265917313,39154.74556495439,49523.36139069068,49473.6572316822,52031.33251642539
store_8,2015-04-06,2015-03-23,32868.0,39975.0,45653.5,39794.26956521739,32648.046544342167,44042.11151289892,38212.0,,32648.046544342167,34332.132517494065,38300.7193524137,37272.93122602711,35690.03158139381
store_8,2015-04-13,2015-03-23,53995.0,39975.0,45653.5,39703.90434782609,53929.707764960156,44042.11151289892,54659.0,,53929.707764960156,39709.03194652645,50876.93975928635,50111.416092918946,52905.77982854659
store_8,2015-04-20,2015-03-23,34949.0,39975.0,45653.5,39613.53913043478,36180.71431955418,44042.11151289892,28148.0,,36180.71431955418,33373.26642326969,36123.6086108177,36614.91838392275,34827.91159515918
store_8,2015-04-27,2015-03-23,50480.0,39975.0,45653.5,39523.17391304348,49545.51832866177,44042.11151289892,46557.0,,49545.51832866177,37899.47196494345,46714.87661385356,46427.703731883856,47988.677914802756
store_8,2015-05-04,2015-03-23,53330.0,39975.0,45653.5,39432.80869565217,50662.17433154294,44042.11151289892,49614.0,,50662.17433154294,38482.79922001343,48106.09528148062,47570.35201414525,49529.900095818666
store_8,2015-05-11,2015-03-23,34003.0,39975.0,45653.5,39342.44347826087,33903.43068238775,44042.11151289892,34202.0,,33903.43068238775,33874.06938193536,37382.51406509556,36913.443811765675,35257.59287694481
store_8,2015-05-18,2015-03-23,51598.0,39975.0,45653.5,39252.078260869566,51792.56850305995,44042.11151289892,48128.0,,51792.56850305995,38406.17975383263,47987.56000531962,47726.03780198187,49758.28272499767
store_8,2015-04-27,2015-04-20,50480.0,34949.0,44992.916666666664,34819.43697478992,50119.356374378316,44094.71750574029,46557.0,,50119.356374378316,36504.63250308217,46923.69129337287,45825.31793002153,48330.51898610138
store_8,2015-05-04,2015-04-20,53330.0,34949.0,44992.916666666664,34689.87394957983,51309.26765388294,44094.71750574029,49614.0,,51309.26765388294,37092.82511083853,48339.32838654108,46996.70792123006,49914.54060671319
store_8,2015-05-11,2015-04-20,34003.0,34949.0,44992.916666666664,34560.31092436975,34541.37481660531,44094.71750574029,34202.0,,34541.37481660531,32477.18855905457,37612.69744078186,36332.61725423973,35636.88796915489
store_8,2015-05-18,2015-04-20,51598.0,34949.0,44992.916666666664,34430.747899159665,52595.02870999486,44094.71750574029,48128.0,,52595.02870999486,37027.20154022307,48272.58207191172,47213.73803893231,50233.6964320212
store_8,2015-05-25,2015-04-20,34082.0,34949.0,44992.916666666664,34301.184873949576,32174.594530360966,44094.71750574029,32809.0,,32174.594530360966,31903.059082388212,36359.437345367085,34977.50035360986,33849.08383137404
store_8,2015-06-01,2015-04-20,56285.0,34949.0,44992.916666666664,34171.621848739494,54695.10510164434,44094.71750574029,52384.0,,54695.10510164434,37898.19444611297,50391.27420246154,49031.47600437888,52698.08887227213
store_8,2015-06-08,2015-04-20,35956.0,34949.0,44992.916666666664,34042.05882352941,42536.26801013065,44094.71750574029,31350.0,,42536.26801013065,33137.85157229529,39326.99517195698,39157.026231035736,39478.69715352877
store_8,2015-06-15,2015-04-20,55223.0,34949.0,44992.916666666664,33912.49579831933,53120.047807907235,44094.71750574029,50111.0,,53120.047807907235,37311.45396837621,49108.58843788251,47830.59719251778,51116.991533556364
store_8,2015-05-25,2015-05-18,34082.0,51598.0,46654.5,51608.0081300813,32107.848060095894,44201.81727882053,32809.0,,32107.848060095894,36997.024781285385,36372.88844630547,37892.06801146499,33823.474836002766
store_8,2015-06-01,2015-05-18,56285.0,51598.0,46654.5,51618.0162601626,54704.080085867536,44201.81727882053,52384.0,,54704.080085867536,43022.91623212152,50429.965788229354,51990.42679806551,52716.72018240327
store_8,2015-06-08,2015-05-18,35956.0,51598.0,46654.5,51628.0243902439,42492.28320984538,44201.81727882053,31350.0,,42492.28320984538,38274.946411272824,39348.033496221964,42104.26165693984,39466.3866775858
store_8,2015-06-15,2015-05-18,55223.0,51598.0,46654.5,51638.03252032521,53136.71413053312,44201.81727882053,50111.0,,53136.71413053312,42477.151989954116,49149.84380311788,50815.64585286733,51140.116512793
store_8,2015-06-22,2015-05-18,36000.0,51598.0,46654.5,51648.0406504065,35913.61113881593,44201.81727882053,34852.0,,35913.61113881593,37838.2812954347,38322.47613921215,39997.671863018695,36640.99144165369
store_8,2015-06-29,2015-05-18,55523.0,51598.0,46654.5,51658.04878048781,53947.05299179445,44201.81727882053,51839.0,,53947.05299179445,42842.63129301468,49995.95675687166,51545.42729904945,52115.96923501577
store_8,2015-07-06,2015-05-18,37816.0,51598.0,46654.5,51668.0569105691,39059.00540292238,44201.81727882053,38823.0,,39059.00540292238,38857.768513187424,40694.60756058097,42232.030525161055,39633.24843042339
store_8,2015-07-13,2015-05-18,55205.0,51598.0,46654.5,51678.06504065041,55930.25073119717,44201.81727882053,48087.0,,55930.25073119717,42592.804721524015,49406.35600333923,51597.648240856215,52183.76893252608
store_80,2015-02-02,2015-01-26,51364.0,50440.0,46957.333333333336,50470.52336448598,51576.734752994824,43066.45745297461,49916.0,,51576.734752994824,41775.29270054125,48186.3974019898,49941.31174669758,50187.37215008203
store_80,2015-02-09,2015-01-26,35835.0,50440.0,46957.333333333336,50501.04672897196,35009.22623893735,43066.45745297461,37991.0,,35009.22623893735,37709.294822031035,38688.89456397065,39719.682264090814,36629.32475033498
store_80,2015-02-16,2015-01-26,48353.0,50440.0,46957.333333333336,50531.57009345794,45419.53503483707,43066.45745297461,46265.0,,45419.53503483707,40382.8422735147,44916.99749593723,46273.68107006734,45317.42294402447
store_80,2015-02-23,2015-01-26,40311.0,50440.0,46957.333333333336,50562.09345794393,38772.14808580741,43066.45745297461,37821.0,,38772.14808580741,38231.29033286561,39886.53517959401,41577.32704064107,39086.43835592455
store_80,2015-03-02,2015-01-26,51458.0,50440.0,46957.333333333336,50592.6168224299,50029.94723243646,43066.45745297461,52204.0,,50029.94723243646,41898.622120167754,48433.46822847035,49550.777675889,49656.87034442826
store_80,2015-03-09,2015-01-26,40441.0,50440.0,46957.333333333336,50623.14018691589,38159.49021373276,43066.45745297461,36846.0,,38159.49021373276,38013.203026708085,39357.315888902456,41116.94810063415,38469.6227947202
store_80,2015-03-16,2015-01-26,48285.0,50440.0,46957.333333333336,50653.66355140187,47110.12624285702,43066.45745297461,44770.0,,47110.12624285702,40428.22579722383,44982.194565277205,46884.386053358816,46114.663347972644
store_80,2015-03-23,2015-01-26,40407.0,50440.0,46957.333333333336,50684.18691588785,39887.45007045911,43066.45745297461,40514.0,,39887.45007045911,38792.77539609355,41155.969174477905,42583.25395155868,40407.782202822375
store_80,2015-03-02,2015-02-23,51458.0,40311.0,44809.75,40249.17117117117,50046.654225866405,43100.34064327822,52204.0,,50046.654225866405,38674.41657718797,48450.33162304821,47766.43653889045,49672.045092630535
store_80,2015-03-09,2015-02-23,40441.0,40311.0,44809.75,40187.342342342345,38149.39640520266,43100.34064327822,36846.0,,38149.39640520266,34771.97562726046,39365.24568282696,39312.01713742154,38467.03539497695
store_80,2015-03-16,2015-02-23,48285.0,40311.0,44809.75,40125.51351351351,47092.14302076206,43100.34064327822,44770.0,,47092.14302076206,37172.678168221966,44987.49455468009,45068.3166418051,46106.847263985124
store_80,2015-03-23,2015-02-23,40407.0,40311.0,44809.75,40063.68468468468,39892.26493314964,43100.34064327822,40514.0,,39892.26493314964,35527.29146587322,41168.868525475955,40771.38283674173,40415.075478451705
store_80,2015-03-30,2015-02-23,50071.0,40311.0,44809.75,40001.85585585586,47861.81570373387,43100.34064327822,53514.0,,47861.81570373387,38514.10888612399,48158.71878233736,46868.80512101993,48507.24995923391
store_80,2015-04-06,2015-02-23,35279.0,40311.0,44809.75,39940.02702702703,34840.14803532276,43100.34064327822,40596.0,,34840.14803532276,34799.609386518285,39512.162892866996,38250.21058577171,37084.52776425694
store_80,2015-04-13,2015-02-23,50332.0,40311.0,44809.75,39878.198198198195,48862.65641900599,43100.34064327822,46439.0,,48862.65641900599,37628.7064657832,46133.9990207614,46205.98323764896,47641.058996992186
store_80,2015-04-20,2015-02-23,37240.0,40311.0,44809.75,39816.36936936937,36412.845081262516,43100.34064327822,30245.0,,36412.845081262516,33527.900727701446,36586.06190818024,37339.126979874985,35889.1171549428
store_80,2015-03-30,2015-03-23,50071.0,40407.0,44427.166666666664,40348.15652173913,47853.059721830716,43167.80199179157,53514.0,,47853.059721830716,38531.02641457544,48178.287237874094,46871.02038887254,48509.61451005028
store_80,2015-04-06,2015-03-23,35279.0,40407.0,44427.166666666664,40289.31304347826,34830.495929010045,43167.80199179157,40596.0,,34830.495929010045,34816.825375849505,39531.4326402672,38252.21059698921,37086.29841141461
store_80,2015-04-13,2015-03-23,50332.0,40407.0,44427.166666666664,40230.46956521739,48856.06377610861,43167.80199179157,46439.0,,48856.06377610861,37646.78599996917,46154.288589300064,46209.74488332266,47644.857293990266
store_80,2015-04-20,2015-03-23,37240.0,40407.0,44427.166666666664,40171.62608695652,36424.45582879223,43167.80199179157,30245.0,,36424.45582879223,33549.00722488671,36612.419273527936,37352.2187670694,35904.979692196015
store_80,2015-04-27,2015-03-23,48594.0,40407.0,44427.166666666664,40112.782608695656,46653.47815339956,43167.80199179157,46232.0,,46653.47815339956,37285.74706007906,45351.093381730374,45066.03980070932,46140.35064945504
store_80,2015-05-04,2015-03-23,53998.0,40407.0,44427.166666666664,40053.93913043478,53591.291249940004,43167.80199179157,50942.0,,53591.291249940004,38941.314148404716,49233.69774724386,49296.610734495815,51756.58678048362
store_80,2015-05-11,2015-03-23,35920.0,40407.0,44427.166666666664,39995.09565217391,35272.50630872368,43167.80199179157,36669.0,,35272.50630872368,34276.93865990797,38369.769433505084,37810.00465625516,36530.28860444704
store_80,2015-05-18,2015-03-23,49106.0,40407.0,44427.166666666664,39936.252173913046,47536.77546866846,43167.80199179157,43894.0,,47536.77546866846,37052.71375729139,44866.19248682001,45112.58770371507,46220.317237905416
store_80,2015-04-27,2015-04-20,48594.0,37240.0,44114.666666666664,37156.52100840336,46996.879933194214,43170.659536001695,46232.0,,46996.879933194214,36415.81816346656,45466.513156398636,44730.0964037159,46368.28507152523
store_80,2015-05-04,2015-04-20,53998.0,37240.0,44114.666666666664,37073.04201680672,53860.17077158261,43170.659536001695,50942.0,,53860.17077158261,38057.21985586538,49324.27676919477,48921.503762372246,51935.13180829224
store_80,2015-05-11,2015-04-20,35920.0,37240.0,44114.666666666664,36989.56302521008,35548.59965298963,43170.659536001695,36669.0,,35548.59965298963,33390.355554409725,38462.75306299711,37436.583493992126,36713.614570709644
store_80,2015-05-18,2015-04-20,49106.0,37240.0,44114.666666666664,36906.08403361344,47772.422091404194,43170.659536001695,43894.0,,47772.422091404194,36156.83318966943,44945.69387580196,44717.03295725153,46376.837265569535
store_80,2015-05-25,2015-04-20,36862.0,37240.0,44114.666666666664,36822.60504201681,36514.50058539124,43170.659536001695,36157.0,,36514.50058539124,33431.347404296626,38614.05337379764,37822.837960976285,37243.07668460145
store_80,2015-06-01,2015-04-20,47916.0,37240.0,44114.666666666664,36739.12605042017,48392.26838357264,43170.659536001695,49389.0,,48392.26838357264,37006.53151952302,46983.97597319144,45909.61094999071,47975.56428213963
store_80,2015-06-08,2015-04-20,40473.0,37240.0,44114.666666666664,36655.64705882353,38608.10885447996,43170.659536001695,31986.0,,38608.10885447996,33110.72601656741,37921.58946349388,38176.19199766531,37728.90956745394
store_80,2015-06-15,2015-04-20,48001.0,37240.0,44114.666666666664,36572.16806722689,47633.14691743796,43170.659536001695,42255.0,,47633.14691743796,35855.091598190455,44352.93548447988,44354.21767550968,45930.20907147271
store_80,2015-05-25,2015-05-18,36862.0,49106.0,45094.25,49121.70731707317,36556.129324512236,43300.120760407124,36157.0,,36556.129324512236,37047.886771713216,38671.08336163979,39836.37690927649,37286.33988182377
store_80,2015-06-01,2015-05-18,47916.0,49106.0,45094.25,49137.41463414634,48515.07937709671,43300.120760407124,49389.0,,48515.07937709671,40648.83782452145,47068.06671250128,47971.45051299308,48072.63076537586
store_80,2015-06-08,2015-05-18,40473.0,49106.0,45094.25,49153.12195121951,38612.159585608395,43300.120760407124,31986.0,,38612.159585608395,36750.236042462144,37966.09344867184,40186.406551737804,37747.268057031426
store_80,2015-06-15,2015-05-18,48001.0,49106.0,45094.25,49168.829268292684,47626.151239475665,43300.120760407124,42255.0,,47626.151239475665,39507.19303831078,44393.75733329426,46366.639562755605,45941.24658786331
store_80,2015-06-22,2015-05-18,37029.0,49106.0,45094.25,49184.53658536585,37527.72244800232,43300.120760407124,37635.0,,37527.72244800232,37406.804256253614,39487.61440280315,40567.79320215571,38249.77873230267
store_80,2015-06-29,2015-05-18,53502.0,49106.0,45094.25,49200.243902439026,51277.385334606864,43300.120760407124,49315.0,,51277.385334606864,41041.85714249329,47964.16869833799,49344.80470125896,49887.34288187215
store_80,2015-07-06,2015-05-18,39744.0,49106.0,45094.25,49215.95121951219,39601.080487060855,43300.120760407124,35114.0,,39601.080487060855,37347.34320956859,39338.40041582266,41195.468723982594,39078.89285855381
store_80,2015-07-13,2015-05-18,48861.0,49106.0,45094.25,49231.65853658537,49881.58515913598,43300.120760407124,46011.0,,49881.58515913598,40374.944922304065,46397.5686398477,48111.04685687338,48248.011894480376
store_81,2015-02-02,2015-01-26,34982.0,35728.0,34760.5,35711.495327102806,35092.136992126565,31892.47782989813,38161.0,,35092.136992126565,30192.230021303927,35048.53827400823,35486.61198430867,35524.67295572075
store_81,2015-02-09,2015-01-26,28713.0,35728.0,34760.5,35694.990654205605,27922.894748756724,31892.47782989813,26747.0,,27922.894748756724,27535.123318980062,28854.12419288495,29936.921566885885,28100.26027674816
store_81,2015-02-16,2015-01-26,37041.0,35728.0,34760.5,35678.48598130841,37235.18849998575,31892.47782989813,35924.0,,37235.18849998575,30174.09318731318,35017.222109961294,35997.0756040555,36211.28638574326
store_81,2015-02-23,2015-01-26,28530.0,35728.0,34760.5,35661.98130841122,27112.716739688007,31892.47782989813,27204.0,,27112.716739688007,27479.953696856763,28736.398189862044,29661.471959663228,27735.22250868687
store_81,2015-03-02,2015-01-26,38395.0,35728.0,34760.5,35645.47663551402,37966.96218559621,31892.47782989813,37557.0,,37966.96218559621,30507.202378715476,35805.480005164776,36655.639365752286,37096.076518197195
store_81,2015-03-09,2015-01-26,27546.0,35728.0,34760.5,35628.97196261682,27648.4796166528,31892.47782989813,24998.0,,27648.4796166528,27236.63277273825,28179.652482183643,29453.190526866187,27460.064244728324
store_81,2015-03-16,2015-01-26,37203.0,35728.0,34760.5,35612.46728971963,38724.870645692754,31892.47782989813,34467.0,,38724.870645692754,30169.330823615783,35028.11615853029,36368.31843642432,36715.1534212135
store_81,2015-03-23,2015-01-26,26430.0,35728.0,34760.5,35595.96261682243,26537.751700994075,31892.47782989813,24608.0,,26537.751700994075,27017.52744967352,27679.409843630732,28870.421448556088,26683.794194434264
store_81,2015-03-02,2015-02-23,38395.0,28530.0,33344.916666666664,28449.243243243243,37969.811000698726,31913.706711517236,37557.0,,37969.811000698726,28252.096803160835,35813.505904071986,35366.83473395049,37100.45090425235
store_81,2015-03-09,2015-02-23,27546.0,28530.0,33344.916666666664,28368.486486486487,27705.139163279426,31913.706711517236,24998.0,,27705.139163279426,24980.0355754214,28205.615291598886,28183.497424173314,27496.91957464035
store_81,2015-03-16,2015-02-23,37203.0,28530.0,33344.916666666664,28287.72972972973,38729.02919184426,31913.706711517236,34467.0,,38729.02919184426,27896.054614251127,35036.57863445383,35069.780767440156,36720.31838006826
store_81,2015-03-23,2015-02-23,26430.0,28530.0,33344.916666666664,28206.972972972973,26592.491814186826,31913.706711517236,24608.0,,26592.491814186826,24742.298309334812,27704.73284190135,27589.538666811775,26719.490926277897
store_81,2015-03-30,2015-02-23,41103.0,28530.0,33344.916666666664,28126.216216216217,36517.81214573717,31913.706711517236,36883.0,,36517.81214573717,27902.23596287675,35104.8396190848,34549.23619743886,36041.1271903009
store_81,2015-04-06,2015-02-23,24570.0,28530.0,33344.916666666664,28045.45945945946,26436.399871697828,31913.706711517236,26337.0,,26436.399871697828,24943.926101334455,28229.035527738353,27856.73755118915,27094.40001011766
store_81,2015-04-13,2015-02-23,36833.0,28530.0,33344.916666666664,27964.702702702703,37210.59280955319,31913.706711517236,37414.0,,37210.59280955319,28053.988412919967,35512.76650702347,34956.43631377985,36603.37561171038
store_81,2015-04-20,2015-02-23,24303.0,28530.0,33344.916666666664,27883.945945945947,26513.952001309706,31913.706711517236,21302.0,,26513.952001309706,24212.64590363422,26576.552904275646,26857.807264816587,25775.06828765055
store_81,2015-03-30,2015-03-23,41103.0,26430.0,32506.583333333332,26333.791304347826,36510.78020161427,31930.599483940707,36883.0,,36510.78020161427,27227.82204617659,35108.126561851655,34156.615160466696,36038.99514910865
store_81,2015-04-06,2015-03-23,24570.0,26430.0,32506.583333333332,26237.58260869565,26438.10797052563,31930.599483940707,26337.0,,26438.10797052563,24268.553342356474,28235.235818155445,27466.8176680443,27097.543586564272
store_81,2015-04-13,2015-03-23,36833.0,26430.0,32506.583333333332,26141.373913043477,37189.92133280855,31930.599483940707,37414.0,,37189.92133280855,27373.211151875148,35511.50693891641,34555.179854414564,36593.010549320075
store_81,2015-04-20,2015-03-23,24303.0,26430.0,32506.583333333332,26045.165217391303,26502.99040849209,31930.599483940707,21302.0,,26502.99040849209,23531.048349022487,26578.52996414426,26459.689444262713,25770.56425308421
store_81,2015-04-27,2015-03-23,34959.0,26430.0,32506.583333333332,25948.956521739132,34660.110774286666,31930.599483940707,34665.0,,34660.110774286666,26591.607159042833,33751.90341940912,32841.14103631282,34320.095522250034
store_81,2015-05-04,2015-03-23,37077.0,26430.0,32506.583333333332,25852.747826086958,39267.94542266437,31930.599483940707,35924.0,,39267.94542266437,27415.982295146478,35707.51496886836,35167.242190432626,37443.0555105833
store_81,2015-05-11,2015-03-23,24248.0,26430.0,32506.583333333332,25756.539130434783,23620.30783471166,31930.599483940707,24297.0,,23620.30783471166,23505.86139748864,26615.969106217453,25743.444587032718,24843.166357724178
store_81,2015-05-18,2015-03-23,35654.0,26430.0,32506.583333333332,25660.33043478261,35281.79858363277,31930.599483940707,31444.0,,35281.79858363277,26179.04454795563,32885.46602252449,32445.273904969068,33821.40350395843
store_81,2015-04-27,2015-04-20,34959.0,24303.0,32137.416666666668,24192.1512605042,34724.75299217037,31922.333698313872,34665.0,,34724.75299217037,25992.093516807872,33770.695563494744,32521.895791998762,34358.08082322324
store_81,2015-05-04,2015-04-20,37077.0,24303.0,32137.416666666668,24081.302521008405,39303.85326062019,31922.333698313872,35924.0,,39303.85326062019,26810.272306658448,35716.728986311355,34833.8590115138,37463.69631995111
store_81,2015-05-11,2015-04-20,24248.0,24303.0,32137.416666666668,23970.453781512606,23533.55579778548,31922.333698313872,24297.0,,23533.55579778548,22880.537134896946,26584.296498699783,25353.554678345823,24789.76787424669
store_81,2015-05-18,2015-04-20,35654.0,24303.0,32137.416666666668,23859.605042016807,35312.36640817483,31922.333698313872,31444.0,,35312.36640817483,25568.38883073888,32892.90003549623,32107.129581795845,33838.821003198784
store_81,2015-05-25,2015-04-20,26757.0,24303.0,32137.416666666668,23748.756302521007,26757.536264804785,31922.333698313872,27458.0,,26757.536264804785,23761.006133186616,28712.62332103955,27430.997245039696,27593.481697429128
store_81,2015-06-01,2015-04-20,33252.0,24303.0,32137.416666666668,23637.907563025212,34756.69830242955,31922.333698313872,39367.0,,34756.69830242955,26589.19374720504,35348.67733358114,33445.194508882334,35653.15412397491
store_81,2015-06-08,2015-04-20,28422.0,24303.0,32137.416666666668,23527.058823529413,28282.78501404445,31922.333698313872,22307.0,,28282.78501404445,23211.370600364913,27504.039570786106,27056.75136215006,27116.52660341466
store_81,2015-06-15,2015-04-20,39429.0,24303.0,32137.416666666668,23416.210084033613,37510.95588755457,31922.333698313872,32513.0,,37510.95588755457,25971.845190938388,33982.09652862282,33280.02738321269,35455.97282429158
store_81,2015-05-25,2015-05-18,26757.0,35654.0,32360.083333333332,35639.0406504065,26803.988070541076,31957.790775633865,27458.0,,26803.988070541076,27124.70040427354,28739.92628205831,29353.344545223707,27625.954807430437
store_81,2015-06-01,2015-05-18,33252.0,35654.0,32360.083333333332,35624.081300813006,34778.56612837173,31957.790775633865,39367.0,,34778.56612837173,29963.074505450273,35367.78563466853,35364.15585425353,35670.787984539274
store_81,2015-06-08,2015-05-18,28422.0,35654.0,32360.083333333332,35609.12195121951,28277.31616274896,31957.790775633865,22307.0,,28277.31616274896,26595.04460327652,27514.03564612761,28971.085040070247,27117.659646141365
store_81,2015-06-15,2015-05-18,39429.0,35654.0,32360.083333333332,35594.16260162602,37478.99605572639,31957.790775633865,32513.0,,37478.99605572639,29365.43325233137,33983.262277120084,35190.11487850111,35441.11552406949
store_81,2015-06-22,2015-05-18,25119.0,35654.0,32360.083333333332,35579.20325203252,25020.526636551855,31957.790775633865,25114.0,,25020.526636551855,26526.51485679308,27364.105804061903,28068.748281786262,25913.435408229074
store_81,2015-06-29,2015-05-18,38465.0,35654.0,32360.083333333332,35564.243902439026,36059.03582230445,31957.790775633865,36148.0,,36059.03582230445,29677.59340481581,34721.60886597943,35284.24434364748,35570.28899694705
store_81,2015-07-06,2015-05-18,28298.0,35654.0,32360.083333333332,35549.28455284553,30999.992206649746,31957.790775633865,25498.0,,30999.992206649746,27431.30726692321,29485.260994094533,30841.481148608982,29626.918674983703
store_81,2015-07-13,2015-05-18,37114.0,35654.0,32360.083333333332,35534.32520325203,39315.82534850157,31957.790775633865,33479.0,,39315.82534850157,29757.289237245826,34917.53870804514,36209.75585000383,36811.956686362035
store_82,2015-02-02,2015-01-26,31276.0,29744.0,28402.416666666668,29740.766355140186,31627.710971474797,26654.344262346727,30473.0,,31627.710971474797,25234.605465089768,29585.01841127384,30475.172182995328,30838.615840409588
store_82,2015-02-09,2015-01-26,26768.0,29744.0,28402.416666666668,29737.532710280375,26333.915285924148,26654.344262346727,24405.0,,26333.915285924148,23611.0298464597,25797.753182756955,26744.289023266254,26002.198265378058
store_82,2015-02-16,2015-01-26,26451.0,29744.0,28402.416666666668,29734.29906542056,25930.479753806812,26654.344262346727,28708.0,,25930.479753806812,24167.648535462966,27097.60800538451,27161.70545880236,26543.639171847226
store_82,2015-02-23,2015-01-26,25811.0,29744.0,28402.416666666668,29731.065420560746,25201.42397108295,26654.344262346727,26265.0,,25201.42397108295,23714.03576009387,26040.256077809892,26410.929577354076,25570.63474580254
store_82,2015-03-02,2015-01-26,31140.0,29744.0,28402.416666666668,29727.831775700935,31225.725072614376,26654.344262346727,27417.0,,31225.725072614376,24738.759682475527,28432.356444987032,29808.67045027957,29975.770326478025
store_82,2015-03-09,2015-01-26,25395.0,29744.0,28402.416666666668,29724.59813084112,24482.714551569978,26654.344262346727,25802.0,,24482.714551569978,23544.296230203498,25646.35293797223,25957.123340673796,24982.92392287383
store_82,2015-03-16,2015-01-26,29822.0,29744.0,28402.416666666668,29721.364485981307,30114.9690112989,26654.344262346727,29589.0,,30114.9690112989,24889.442060899084,28786.10442454854,29532.916676649776,29618.886840528805
store_82,2015-03-23,2015-01-26,24811.0,29744.0,28402.416666666668,29718.130841121496,24222.153052561607,26654.344262346727,24643.0,,24222.153052561607,23340.577831813785,25173.165771636108,25646.305564729104,24580.58343992763
store_82,2015-03-02,2015-02-23,31140.0,25811.0,27515.833333333332,25772.45045045045,31383.75776493935,26693.385171906823,27417.0,,31383.75776493935,23513.34667437571,28498.047645615392,29252.442413301244,30090.02075401599
store_82,2015-03-09,2015-02-23,25395.0,25811.0,27515.833333333332,25733.900900900902,24508.416181648383,26693.385171906823,25802.0,,24508.416181648383,22294.93365539849,25667.933784518398,25327.438451215712,25005.24253951649
store_82,2015-03-16,2015-02-23,29822.0,25811.0,27515.833333333332,25695.35135135135,30135.3285294167,26693.385171906823,29589.0,,30135.3285294167,23634.27119800117,28805.904567107842,28897.825336568345,29637.4942345892
store_82,2015-03-23,2015-02-23,24811.0,25811.0,27515.833333333332,25656.8018018018,24245.253654344582,26693.385171906823,24643.0,,24245.253654344582,22080.75342305522,25193.879608750467,25010.139369091303,24601.095094264318
store_82,2015-03-30,2015-02-23,28417.0,25811.0,27515.833333333332,25618.252252252252,28886.312104875193,26693.385171906823,30858.0,,28886.312104875193,23626.111837481083,28812.56575892734,28409.879790579904,29012.12059485562
store_82,2015-04-06,2015-02-23,20923.0,25811.0,27515.833333333332,25579.702702702703,21354.83233288805,26693.385171906823,24498.0,,21354.83233288805,21636.10764869013,24182.07250159829,23434.318224744376,22565.398771924243
store_82,2015-04-13,2015-02-23,30510.0,25811.0,27515.833333333332,25541.153153153155,29550.094422821683,26693.385171906823,27988.0,,29550.094422821683,23299.923725887857,28077.1598649095,28337.274807505422,28925.19474985884
store_82,2015-04-20,2015-02-23,23602.0,25811.0,27515.833333333332,25502.603603603602,23309.504286972006,26693.385171906823,20445.0,,23309.504286972006,21325.332342259393,23482.629819626276,23879.21233923437,23149.35911706248
store_82,2015-03-30,2015-03-23,28417.0,24811.0,27605.416666666668,24765.095652173914,29031.813302680806,26728.41074668223,30858.0,,29031.813302680806,23399.9623383148,28872.741349787677,28364.612132944396,29117.20619855063
store_82,2015-04-06,2015-03-23,20923.0,24811.0,27605.416666666668,24719.191304347827,21358.860569434575,26728.41074668223,24498.0,,21358.860569434575,21388.697041018757,24195.0904387056,23312.70877101941,22572.20158924642
store_82,2015-04-13,2015-03-23,30510.0,24811.0,27605.416666666668,24673.28695652174,29645.81354119494,26728.41074668223,27988.0,,29645.81354119494,23064.561130152226,28120.741429292386,28264.2705958754,28995.696208042926
store_82,2015-04-20,2015-03-23,23602.0,24811.0,27605.416666666668,24627.38260869565,23357.505473567115,26728.41074668223,20445.0,,23357.505473567115,21082.102213658807,23510.30540674978,23780.10745420999,23186.710415291145
store_82,2015-04-27,2015-03-23,27274.0,24811.0,27605.416666666668,24581.478260869564,27010.28825895417,26728.41074668223,27897.0,,27010.28825895417,22661.941990453233,27211.899668545466,26831.937073833386,27147.390881476524
store_82,2015-05-04,2015-03-23,31354.0,24811.0,27605.416666666668,24535.573913043478,31850.42586471508,26728.41074668223,31509.0,,31850.42586471508,23862.832455872493,30029.27887046577,29954.402194720293,31199.6432606449
store_82,2015-05-11,2015-03-23,22422.0,24811.0,27605.416666666668,24489.66956521739,22870.36249020482,26728.41074668223,23936.0,,22870.36249020482,21491.551352681585,24511.59107896235,24023.371415031983,23514.937255295277
store_82,2015-05-18,2015-03-23,29703.0,24811.0,27605.416666666668,24443.765217391305,29580.22417312988,26728.41074668223,28482.0,,29580.22417312988,23092.973829124297,28263.544973270702,28285.35801676112,29044.46607505494
store_82,2015-04-27,2015-04-20,27274.0,23602.0,27077.166666666668,23547.47899159664,26957.96156487808,26699.62557842183,27897.0,,26957.96156487808,22254.461828794745,27184.86238109997,26594.855721173837,27107.748051756582
store_82,2015-05-04,2015-04-20,31354.0,23602.0,27077.166666666668,23492.95798319328,31850.509688442373,26699.62557842183,31509.0,,31850.509688442373,23461.60855953202,30019.7117556214,29744.785768238555,31196.410580815907
store_82,2015-05-11,2015-04-20,22422.0,23602.0,27077.166666666668,23438.436974789915,22896.167780420525,26699.62557842183,23936.0,,22896.167780420525,21092.771000042703,24510.597786280785,23826.91787771569,23529.5735546237
store_82,2015-05-18,2015-04-20,29703.0,23602.0,27077.166666666668,23383.915966386554,29583.29314926846,26699.62557842183,28482.0,,29583.29314926846,22689.714480106213,28254.972909230095,28076.099979848274,29043.307212682783
store_82,2015-05-25,2015-04-20,22345.0,23602.0,27077.166666666668,23329.394957983193,22442.88969447097,26699.62557842183,23013.0,,22442.88969447097,20880.582413934666,24051.8384242976,23440.202834613694,23038.417952619475
store_82,2015-06-01,2015-04-20,26926.0,23602.0,27077.166666666668,23274.873949579833,27717.93136592824,26699.62557842183,31437.0,,27717.93136592824,22829.799651513793,28618.18564811669,27503.91997821062,28311.71470939482
store_82,2015-06-08,2015-04-20,24305.0,23602.0,27077.166666666668,23220.352941176472,23877.051854405803,26699.62557842183,22109.0,,23877.051854405803,20940.742434381536,24228.559144275874,24067.72151812171,23862.11565945035
store_82,2015-06-15,2015-04-20,29006.0,23602.0,27077.166666666668,23165.831932773108,28642.862993262814,26699.62557842183,26960.0,,28642.862993262814,22306.783881589203,27434.162857228213,27332.243504312788,28099.335258120966
store_82,2015-05-25,2015-05-18,22345.0,29703.0,27114.416666666668,29699.853658536584,22484.1830628156,26731.72789001102,23013.0,,22484.1830628156,22678.025896861407,24076.303650942205,24368.970654360342,23070.77505042057
store_82,2015-06-01,2015-05-18,26926.0,29703.0,27114.416666666668,29696.70731707317,27636.740288829842,26731.72789001102,31437.0,,27636.740288829842,24617.084594654385,28601.822726280287,28370.75167507626,28258.98054680004
store_82,2015-06-08,2015-05-18,24305.0,29703.0,27114.416666666668,29693.560975609755,23964.376617968217,26731.72789001102,22109.0,,23964.376617968217,22759.44030717938,24268.36816932641,25028.557324426598,23926.451262135834
store_82,2015-06-15,2015-05-18,29006.0,29703.0,27114.416666666668,29690.414634146342,28725.82767229971,26731.72789001102,26960.0,,28725.82767229971,24132.198123303388,27472.518520770245,28294.443263935165,28160.64186323564
store_82,2015-06-22,2015-05-18,23094.0,29703.0,27114.416666666668,29687.268292682926,22580.49357919438,26731.72789001102,23306.0,,22580.49357919438,22731.843775507856,24206.073823068466,24462.83422163949,23193.635031808968
store_82,2015-06-29,2015-05-18,30619.0,29703.0,27114.416666666668,29684.121951219513,30039.727146805828,26731.72789001102,32287.0,,30039.727146805828,25079.999093529004,29686.15167893895,29782.756302850456,30090.679516117052
store_82,2015-07-06,2015-05-18,24001.0,29703.0,27114.416666666668,29680.975609756097,24448.885519634598,26731.72789001102,24107.0,,24448.885519634598,23112.286526581196,25095.87113654854,25581.59741046166,24644.588001913617
store_82,2015-07-13,2015-05-18,28740.0,29703.0,27114.416666666668,29677.829268292684,27567.76757576839,26731.72789001102,27564.0,,27567.76757576839,24051.248771534105,27287.83182192647,27761.92997928924,27471.46645798374
store_83,2015-02-02,2015-01-26,46520.0,40063.0,39770.833333333336,40081.66355140187,47682.74818323539,40271.31690350423,46687.0,,47682.74818323539,36365.223138782116,44713.52717218957,45545.88655046596,46771.55137153149
store_83,2015-02-09,2015-01-26,31588.0,40063.0,39770.833333333336,40100.32710280374,30994.713611354673,40341.99680111582,28722.0,,30994.713611354673,31427.552978372507,33162.51564822934,32715.569739598464,31025.537296936436
store_83,2015-02-16,2015-01-26,42032.0,40063.0,39770.833333333336,40118.990654205605,42765.09171795946,40412.6766987274,43008.0,,42765.09171795946,35162.65605774654,41847.9750170976,42156.493295631575,42600.06988516928
store_83,2015-02-23,2015-01-26,29573.0,40063.0,39770.833333333336,40137.654205607476,29390.14280680653,40483.35659633899,30412.0,,29390.14280680653,31465.283848869476,33190.99204671329,32300.804036063335,30503.0870042111
store_83,2015-03-02,2015-01-26,44953.0,40063.0,39770.833333333336,40156.31775700935,44718.035123456786,40554.03649395058,44348.0,,44718.035123456786,35658.60324396429,42945.62281893004,43489.436483819576,44221.56674324226
store_83,2015-03-09,2015-01-26,30091.0,40063.0,39770.833333333336,40174.98130841122,29193.96751764304,40624.71639156217,28543.0,,29193.96751764304,31195.785507278535,32502.60028365879,31768.92470650157,29836.971238346283
store_83,2015-03-16,2015-01-26,42232.0,40063.0,39770.833333333336,40193.64485981308,41630.135763203776,40695.39628917376,40545.0,,41630.135763203776,34699.71574936056,40648.65636551237,41012.20213358631,41169.04762747644
store_83,2015-03-23,2015-01-26,29087.0,40063.0,39770.833333333336,40212.30841121495,28998.41718470904,40766.07618678535,28657.0,,28998.41718470904,31209.662159434665,32475.416839347457,31706.396397389508,29746.617138387577
store_83,2015-03-02,2015-02-23,44953.0,29573.0,38016.75,29496.486486486487,44685.93412838933,40167.46833079491,44348.0,,44685.93412838933,32326.805563667243,42350.22804279644,42044.712174600536,44063.34408646227
store_83,2015-03-09,2015-02-23,30091.0,29573.0,38016.75,29419.972972972973,29163.534451840365,40232.45289729384,28543.0,,29163.534451840365,27849.815760301026,31907.761483946786,30318.923372539888,29679.80137694114
store_83,2015-03-16,2015-02-23,42232.0,29573.0,38016.75,29343.45945945946,41602.28040626452,40297.437463792776,40545.0,,41602.28040626452,31339.70390421668,40054.67680208817,39557.391895267014,41013.50481346858
store_83,2015-03-23,2015-02-23,29087.0,29573.0,38016.75,29266.945945945947,28968.17252416812,40362.42203029171,28657.0,,28968.17252416812,27834.89864291511,31880.640841389373,30244.221515068562,29589.56619820551
store_83,2015-03-30,2015-02-23,46273.0,29573.0,38016.75,29190.432432432433,42720.84736265821,40427.40659679064,45627.0,,42720.84736265821,32222.20519884018,42121.5324542194,41333.81960707582,43194.08486295081
store_83,2015-04-06,2015-02-23,26295.0,29573.0,38016.75,29113.91891891892,26943.392670180525,40492.391163289576,29978.0,,26943.392670180525,27731.064678912717,31646.04755672684,29513.692056794178,28694.815048408855
store_83,2015-04-13,2015-02-23,43907.0,29573.0,38016.75,29037.405405405407,43397.37122001183,40557.37572978851,43502.0,,43397.37122001183,32011.986050743675,41638.707073337275,41178.16024947372,43004.53760623519
store_83,2015-04-20,2015-02-23,28815.0,29573.0,38016.75,28960.891891891893,28363.3048735427,40622.36029628744,22893.0,,28363.3048735427,26918.47243738886,29757.684957847567,28567.372744361644,27535.350452806357
store_83,2015-03-30,2015-03-23,46273.0,29087.0,37227.75,29008.921739130434,42779.32511091625,40012.672962278186,45627.0,,42779.32511091625,31963.238544617838,41878.02503697208,41246.45381850994,43168.94026452568
store_83,2015-04-06,2015-03-23,26295.0,29087.0,37227.75,28930.84347826087,27002.673095973405,40072.03959592205,29978.0,,27002.673095973405,27471.186595736617,31402.8076986578,29426.2921425759,28670.17709928476
store_83,2015-04-13,2015-03-23,43907.0,29087.0,37227.75,28852.765217391305,43449.62828676901,40131.40622956592,43502.0,,43449.62828676901,31750.07853338946,41393.12609558967,41086.69938018405,42975.46651952858
store_83,2015-04-20,2015-03-23,28815.0,29087.0,37227.75,28774.68695652174,28380.725735283508,40190.77286320978,22893.0,,28380.725735283508,26650.562222145003,29500.491911761168,28457.540025154707,27484.29078643216
store_83,2015-04-27,2015-03-23,43007.0,29087.0,37227.75,28696.608695652172,41892.07212050917,40250.13949685365,43157.0,,41892.07212050917,31472.938616144995,40758.94070683639,40201.63118257794,41892.23683462177
store_83,2015-05-04,2015-03-23,43676.0,29087.0,37227.75,28618.53043478261,45420.26113568477,40309.50613049751,44847.0,,45420.26113568477,32215.72110013784,42498.337045228254,42415.74341889532,44609.579686916164
store_83,2015-05-11,2015-03-23,28851.0,29087.0,37227.75,28540.452173913043,28209.063006344106,40368.87276414138,28744.0,,28209.063006344106,27453.876849199787,31393.604335448035,29750.064179426492,29073.604329258527
store_83,2015-05-18,2015-03-23,42759.0,29087.0,37227.75,28462.373913043477,41507.82524028395,40428.23939778524,40041.0,,41507.82524028395,30964.884078730378,39592.19174676132,39263.850341064885,40745.59356921233
store_83,2015-04-27,2015-04-20,43007.0,28815.0,36780.5,28737.26050420168,42011.99940321879,40070.21626753262,43157.0,,42011.99940321879,31367.425167850437,40649.83313440626,40209.14595631241,41932.75812897309
store_83,2015-05-04,2015-04-20,43676.0,28815.0,36780.5,28659.52100840336,45506.87917239478,40088.9091898359,44847.0,,45506.87917239478,32099.687052947716,42378.12639079826,42403.590240826576,44629.07621668749
store_83,2015-05-11,2015-04-20,28851.0,28815.0,36780.5,28581.78151260504,28293.64255748142,40107.60211213917,28744.0,,28293.64255748142,27331.78945460366,31272.714185827135,29734.33318878484,29091.814168863817
store_83,2015-05-18,2015-04-20,42759.0,28815.0,36780.5,28504.04201680672,41578.25128241096,40126.295034442446,40041.0,,41578.25128241096,30835.0126190943,39466.58376080365,39238.30784185995,40754.869727312915
store_83,2015-05-25,2015-04-20,29735.0,28815.0,36780.5,28426.3025210084,28894.10041494762,40144.98795674572,29262.0,,28894.10041494762,27474.69869895739,31645.533471649207,30158.7185870399,29621.12023390445
store_83,2015-06-01,2015-04-20,41506.0,28815.0,36780.5,28348.563025210085,39897.33381352355,40163.680879048996,45825.0,,39897.33381352355,31404.29681682609,40834.27793784118,39734.370041656744,41372.103063978415
store_83,2015-06-08,2015-04-20,31948.0,28815.0,36780.5,28270.823529411766,31360.63175575754,40182.37380135227,28475.0,,31360.63175575754,27697.76129807451,32205.377251919177,31234.612963997788,30949.64453558876
store_83,2015-06-15,2015-04-20,43715.0,28815.0,36780.5,28193.084033613446,42616.33442934389,40201.066723655546,38916.0,,42616.33442934389,30788.85502665898,39437.611476447964,39492.163403173974,41083.68822327949
store_83,2015-05-25,2015-05-18,29735.0,42759.0,37495.5,42797.154471544716,28914.301655352603,39800.93376483701,29262.0,,28914.301655352603,31575.55569881919,31890.6005517842,31922.362894456466,29690.106756062232
store_83,2015-06-01,2015-05-18,41506.0,42759.0,37495.5,42835.30894308943,40044.860694075345,39801.19900819197,45825.0,,40044.860694075345,35537.26694933668,41121.786898025115,41569.409730977335,41521.45740980637
store_83,2015-06-08,2015-05-18,31948.0,42759.0,37495.5,42873.46341463415,31261.66395678721,39801.46425154694,28475.0,,31261.66395678721,31809.44166042404,32410.72131892907,32948.70154577106,30943.411672771017
store_83,2015-06-15,2015-05-18,43715.0,42759.0,37495.5,42911.617886178865,42514.485222492665,39801.7294949019,38916.0,,42514.485222492665,34914.0475147962,39641.995074164224,41210.650290255406,41075.63661853179
store_83,2015-06-22,2015-05-18,26377.0,42759.0,37495.5,42949.772357723574,26000.004931293835,39801.99473825686,28983.0,,26000.004931293835,31141.324575324892,30826.168310431276,30366.174494115156,27769.653605398424
store_83,2015-06-29,2015-05-18,48424.0,42759.0,37495.5,42987.92682926829,45330.222995509874,39802.259981611816,47976.0,,45330.222995509874,36621.55854376999,43600.57433183662,44807.051643475825,45481.685469438584
store_83,2015-07-06,2015-05-18,31964.0,42759.0,37495.5,43026.081300813006,29701.060268661866,39802.525224966776,29162.0,,29701.060268661866,31706.595256348803,32119.520089553953,32317.529251351243,30157.693061780832
store_83,2015-07-13,2015-05-18,45140.0,42759.0,37495.5,43064.23577235772,44703.461413381476,39802.79046832174,41654.0,,44703.461413381476,35639.85537915156,41284.320471127154,42993.9098451833,43251.746667177315
store_84,2015-02-02,2015-01-26,54013.0,55129.0,51616.833333333336,55207.95327102804,53667.23216566357,49817.91501147549,53416.0,,53667.23216566357,45550.70482592863,52300.38239237968,53341.07789068236,53166.29544911592
store_84,2015-02-09,2015-01-26,40777.0,55129.0,51616.833333333336,55286.90654205607,44867.07591746651,49915.72893557393,36637.0,,44867.07591746651,41921.7921040614,43806.60161768014,46017.07144061506,43501.300220694626
store_84,2015-02-16,2015-01-26,52101.0,55129.0,51616.833333333336,55365.85981308411,51916.85269274124,50013.54285967236,50966.0,,51916.85269274124,45001.15552840443,50965.46518413786,52069.59936766755,51473.81447888574
store_84,2015-02-23,2015-01-26,40725.0,55129.0,51616.833333333336,55444.81308411215,39666.91942509532,50111.35678377079,36552.0,,39666.91942509532,41217.274660901654,42110.092069622035,43471.53088956377,40128.91618495425
store_84,2015-03-02,2015-01-26,54437.0,55129.0,51616.833333333336,55523.766355140186,55587.551393238544,50209.17070786923,50769.0,,55587.551393238544,45547.90311279733,52188.57403370259,53870.103488836554,53831.868684805355
store_84,2015-03-09,2015-01-26,42760.0,55129.0,51616.833333333336,55602.719626168226,42980.74464082205,50306.98463196766,36160.0,,42980.74464082205,41685.18317604161,43149.2430909299,45061.4372364643,42209.28858355365
store_84,2015-03-16,2015-01-26,55348.0,55129.0,51616.833333333336,55681.67289719626,53871.159871246746,50404.79855606609,49321.0,,53871.159871246746,45146.35209397749,51198.98614243761,52794.93924416497,52398.23614639012
store_84,2015-03-23,2015-01-26,39985.0,55129.0,51616.833333333336,55760.6261682243,40261.70856637961,50502.61248016452,37308.0,,40261.70856637961,41511.25436401454,42690.773682181374,43958.05887729015,40738.45457739153
store_84,2015-03-02,2015-02-23,54437.0,40725.0,49403.75,40671.342342342345,55549.669767757594,49835.80305935958,50769.0,,55549.669767757594,40993.50930992279,52051.49094237239,51364.946304243065,53764.45466170693
store_84,2015-03-09,2015-02-23,42760.0,40725.0,49403.75,40617.68468468468,42846.97263693868,49928.13591625343,36160.0,,42846.97263693868,37097.363319696684,42978.369517730694,42498.42644308424,42079.01597323677
store_84,2015-03-16,2015-02-23,55348.0,40725.0,49403.75,40564.02702702703,53851.08437859218,50020.46877314727,49321.0,,53851.08437859218,40555.047168395206,51064.18438391315,50277.23074986511,52341.12024641292
store_84,2015-03-23,2015-02-23,39985.0,40725.0,49403.75,40510.36936936937,40156.144297666746,50112.80163004112,37308.0,,40156.144297666746,36888.00932815389,42525.648642569286,41387.616305940486,40625.23040287243
store_84,2015-03-30,2015-02-23,62167.0,40725.0,49403.75,40456.71171171171,57935.94514723882,50205.13448693496,53959.0,,57935.94514723882,41812.22019226935,54033.35987805792,53126.829221132546,56109.295942876655
store_84,2015-04-06,2015-02-23,36321.0,40725.0,49403.75,40403.05405405405,35512.63064080003,50297.46734382881,38306.0,,35512.63064080003,36378.27171981184,41372.032661542944,39288.83605233148,37868.76569227795
store_84,2015-04-13,2015-02-23,55629.0,40725.0,49403.75,40349.3963963964,54372.43236932612,50389.80020072265,53956.0,,54372.43236932612,41313.76842377788,52906.07752334959,51380.204552997115,53817.16282254652
store_84,2015-04-20,2015-02-23,37389.0,40725.0,49403.75,40295.738738738735,37431.6806041539,50482.1330576165,30411.0,,37431.6806041539,35535.61462864416,39441.60455392346,38826.19393457421,37269.616253257336
store_84,2015-03-30,2015-03-23,62167.0,39985.0,48453.25,39926.77391304348,57934.40182081932,49919.106417220355,53959.0,,57934.40182081932,41453.93316444045,53937.502746013226,52920.2320058395,56075.48329829125
store_84,2015-04-06,2015-03-23,36321.0,39985.0,48453.25,39868.54782608696,35506.33132082887,50007.82199260925,38306.0,,35506.33132082887,36018.13587707501,41273.3844378127,39079.23257054774,37831.45160909771
store_84,2015-04-13,2015-03-23,55629.0,39985.0,48453.25,39810.321739130435,54376.854076895615,50096.537567998144,53956.0,,54376.854076895615,40953.99476914631,52809.79721496458,51175.212390749475,53786.39140053785
store_84,2015-04-20,2015-03-23,37389.0,39985.0,48453.25,39752.09565217391,37426.86112647747,50185.25314338704,30411.0,,37426.86112647747,35173.35141743406,39341.03808995483,38615.98795353148,37232.43264435286
store_84,2015-04-27,2015-03-23,54551.0,39985.0,48453.25,39693.86956521739,52457.7313140678,50273.968718775934,49812.0,,52457.7313140678,40096.54565686587,50847.90001094791,49494.42331171273,51581.990100291354
store_84,2015-05-04,2015-03-23,56475.0,39985.0,48453.25,39635.64347826087,58292.167172142086,50362.68429416483,51286.0,,58292.167172142086,41144.96356350968,53313.61715543564,52633.48513642413,55726.86596467376
store_84,2015-05-11,2015-03-23,37956.0,39985.0,48453.25,39577.41739130435,37473.79687070475,50451.39986955372,38222.0,,37473.79687070475,36308.980590223255,42049.06558008616,40048.778689765575,39139.308133378945
store_84,2015-05-18,2015-03-23,53176.0,39985.0,48453.25,39519.19130434783,54074.38353734868,50540.11544494262,48785.0,,54074.38353734868,40193.84861237701,51133.16632743043,50115.79605879321,52418.97767382086
store_84,2015-04-27,2015-04-20,54551.0,37389.0,47637.666666666664,37310.91596638656,52545.141923783005,50143.0418079055,49812.0,,52545.141923783005,39262.538052105956,50833.3945772295,49070.09039307414,51623.697846388124
store_84,2015-05-04,2015-04-20,56475.0,37389.0,47637.666666666664,37232.83193277311,58410.711701737724,50229.98801049437,51286.0,,58410.711701737724,40312.31404452455,53308.89990407736,52222.797458580564,55788.5756756006
store_84,2015-05-11,2015-04-20,37956.0,37389.0,47637.666666666664,37154.747899159665,37478.89848795894,50316.934213083245,38222.0,,37478.89848795894,35457.035323838354,42005.944233680726,39580.57743925024,39127.19399355517
store_84,2015-05-18,2015-04-20,53176.0,37389.0,47637.666666666664,37076.663865546216,54142.3201033179,50403.88041567211,48785.0,,54142.3201033179,39347.79015017184,51110.40017299667,49676.842878121504,52447.438469194836
store_84,2015-05-25,2015-04-20,39523.0,37389.0,47637.666666666664,36998.57983193277,35685.37932901979,50490.82661826098,36390.0,,35685.37932901979,34941.636063697166,40855.40198242692,38372.62562346037,37550.26833773848
store_84,2015-06-01,2015-04-20,55466.0,37389.0,47637.666666666664,36920.49579831933,54245.69634546422,50577.77282084985,55525.0,,54245.69634546422,40327.94737590001,53449.489722104685,50938.85529216189,54127.26200618399
store_84,2015-06-08,2015-04-20,42981.0,37389.0,47637.666666666664,36842.41176470588,43344.46826591365,50664.71902343872,35320.0,,43344.46826591365,35885.46653153213,43109.729096450785,41953.69434890647,42287.86278453586
store_84,2015-06-15,2015-04-20,58724.0,37389.0,47637.666666666664,36764.32773109244,56795.185001140584,50751.665226027595,50365.0,,56795.185001140584,39957.549232132464,52637.28340905606,51272.00595472722,54582.34320771329
store_84,2015-05-25,2015-05-18,39523.0,53176.0,48849.5,53228.80487804878,35840.15453259232,50442.34434986676,36390.0,,35840.15453259232,39703.82910864398,40890.832960819695,41024.97983793521,37645.15103981226
store_84,2015-06-01,2015-05-18,55466.0,53176.0,48849.5,53281.60975609756,54388.23276143175,50528.53388603281,55525.0,,54388.23276143175,45106.98234336601,53480.588882488184,53595.16847970349,54214.11532083964
store_84,2015-06-08,2015-05-18,42981.0,53176.0,48849.5,53334.41463414634,43305.1778624938,50614.72342219886,35320.0,,43305.1778624938,40657.11655983414,43079.967094897554,44530.497512896625,42256.62941455521
store_84,2015-06-15,2015-05-18,58724.0,53176.0,48849.5,53387.21951219512,56754.31055508212,50700.91295836491,50365.0,,56754.31055508212,44747.563289377445,52606.741171149006,53858.01221698698,54549.99504458882
store_84,2015-06-22,2015-05-18,40359.0,53176.0,48849.5,53440.0243902439,39386.4248422376,50787.10249453096,38816.0,,39386.4248422376,40636.43596100178,42996.509112256186,43251.42265108024,40559.426192266765
store_84,2015-06-29,2015-05-18,60028.0,53176.0,48849.5,53492.829268292684,54280.13633048325,50873.29203069701,58919.0,,54280.13633048325,45655.822518496134,54690.809453726746,54196.472217530645,54985.57791438416
store_84,2015-07-06,2015-05-18,42649.0,53176.0,48849.5,53545.634146341465,39524.75263114285,50959.48156686306,38837.0,,39524.75263114285,40698.909763478194,43107.07806600197,43346.37433173441,40673.93334984577
store_84,2015-07-13,2015-05-18,54964.0,53176.0,48849.5,53598.439024390245,52312.277670960655,51045.67110302911,51160.0,,52312.277670960655,44305.98397119714,51505.98292466325,51860.39747218983,51894.6769713394
store_85,2015-02-02,2015-01-26,55632.0,54909.0,52161.166666666664,54932.66355140187,58394.37446704724,47417.90659646737,59200.0,,58394.37446704724,46716.44446879759,55004.0936878382,56438.3586438612,57291.84283813175
store_85,2015-02-09,2015-01-26,42472.0,54909.0,52161.166666666664,54956.32710280374,44291.61373267181,47417.90659646737,42361.0,,44291.61373267181,42299.57344265851,44690.17344304639,46487.00838830981,43974.576558896166
store_85,2015-02-16,2015-01-26,51546.0,54909.0,52161.166666666664,54979.990654205605,51986.17137487477,47417.90659646737,52084.0,,51986.17137487477,44791.17647031634,50496.02599044738,52067.9206498232,51439.22334721316
store_85,2015-02-23,2015-01-26,42768.0,54909.0,52161.166666666664,55003.654205607476,42970.03369738048,47417.90659646737,41143.0,,42970.03369738048,41943.537309445994,43843.64676461595,45657.863121210576,42860.14878455082
store_85,2015-03-02,2015-01-26,55947.0,54909.0,52161.166666666664,55027.31775700935,57092.498406223014,47417.90659646737,56120.0,,57092.498406223014,46103.984203766624,53543.46833423012,55104.12523804027,55496.57042412374
store_85,2015-03-09,2015-01-26,41486.0,54909.0,52161.166666666664,55050.98130841122,40239.67742480488,47417.90659646737,37256.0,,40239.67742480488,41004.9617137643,41637.86134042408,43560.83591089537,40049.315718646365
store_85,2015-03-16,2015-01-26,53694.0,54909.0,52161.166666666664,55074.64485981308,54139.56726599213,47417.90659646737,51622.0,,54139.56726599213,45046.32648413417,51059.82462081983,52754.29394814024,52347.489636788974
store_85,2015-03-23,2015-01-26,40773.0,54909.0,52161.166666666664,55098.30841121495,41179.560375811394,47417.90659646737,39318.0,,41179.560375811394,41440.56315002291,42638.488990759586,44488.49271757394,41285.4603695375
store_85,2015-03-02,2015-02-23,55947.0,42768.0,50202.583333333336,42681.43243243243,56998.58523545592,47440.78825141309,56120.0,,56998.58523545592,42315.912750376396,53519.791162289664,52927.07499257108,55452.40648594755
store_85,2015-03-09,2015-02-23,41486.0,42768.0,50202.583333333336,42594.86486486487,40177.91320027394,47440.78825141309,37256.0,,40177.91320027394,37205.73566426932,41624.900483895675,41387.05036067765,40021.270308782
store_85,2015-03-16,2015-02-23,53694.0,42768.0,50202.583333333336,42508.2972972973,54070.352212719605,47440.78825141309,51622.0,,54070.352212719605,41230.28872782333,51044.380154710896,50568.93423238762,52315.70860233723
store_85,2015-03-23,2015-02-23,40773.0,42768.0,50202.583333333336,42421.72972972973,41099.85897097631,47440.78825141309,39318.0,,41099.85897097631,37607.28004077892,42619.5490741298,42290.42136263714,41248.42178937004
store_85,2015-03-30,2015-02-23,57497.0,42768.0,50202.583333333336,42335.16216216216,55480.288648314956,47440.78825141309,56498.0,,55480.288648314956,42103.5460564605,53139.692299909344,52435.35109906621,54831.39968999602
store_85,2015-04-06,2015-02-23,35808.0,42768.0,50202.583333333336,42248.59459459459,37244.51891877486,47440.78825141309,41507.0,,37244.51891877486,37344.49787115941,42064.102390062646,41438.85476187291,40127.49547648054
store_85,2015-04-13,2015-02-23,54175.0,42768.0,50202.583333333336,42162.02702702703,53626.7625181402,47440.78825141309,53360.0,,53626.7625181402,41365.737304273374,51475.85025651776,50856.98738315894,52738.030730836785
store_85,2015-04-20,2015-02-23,37461.0,42768.0,50202.583333333336,42075.45945945946,37458.78971441178,47440.78825141309,33386.0,,37458.78971441178,36190.23153694538,39428.52598860829,39253.79363773674,37222.37531351114
store_85,2015-03-30,2015-03-23,57497.0,40773.0,48676.083333333336,40672.09565217391,55463.23208117951,47458.961135715464,56498.0,,55463.23208117951,41363.053171771746,53140.06440563165,51996.40097459243,54825.168196849416
store_85,2015-04-06,2015-03-23,35808.0,40773.0,48676.083333333336,40571.19130434783,37209.8202082888,47458.961135715464,41507.0,,37209.8202082888,36599.436568812205,42058.593781334755,40992.15153810932,40112.41873581045
store_85,2015-04-13,2015-03-23,54175.0,40773.0,48676.083333333336,40470.28695652174,53611.16067120483,47458.961135715464,53360.0,,53611.16067120483,40621.356013825054,51476.70726897343,50416.29793148662,52732.52859126085
store_85,2015-04-20,2015-03-23,37461.0,40773.0,48676.083333333336,40369.382608695654,37463.88162481158,47458.961135715464,33386.0,,37463.88162481158,35446.75838607943,39436.28092017568,38819.71634752966,37227.248410219305
store_85,2015-04-27,2015-03-23,52144.0,40773.0,48676.083333333336,40268.47826086957,51944.625098519755,47458.961135715464,53950.0,,51944.625098519755,40438.73540406259,51117.862078078404,49939.31245724584,52115.8422406637
store_85,2015-05-04,2015-03-23,57658.0,40773.0,48676.083333333336,40167.57391304348,57664.9761985714,47458.961135715464,57660.0,,57664.9761985714,41771.51351152338,54261.31244476228,53103.41098761734,56360.11049900144
store_85,2015-05-11,2015-03-23,38767.0,40773.0,48676.083333333336,40066.669565217395,37428.224613123006,47458.961135715464,38787.0,,37428.224613123006,36169.99123534131,41224.728582946154,40279.67268701191,39212.914713093385
store_85,2015-05-18,2015-03-23,52012.0,40773.0,48676.083333333336,39965.7652173913,51713.09097575838,47458.961135715464,51955.0,,51713.09097575838,40077.41438031407,50375.684037157946,49275.31779961267,51259.69686714489
store_85,2015-04-27,2015-04-20,52144.0,37461.0,47438.25,37335.65546218488,50525.08421223792,47426.092881364144,53950.0,,50525.08421223792,39162.29750796956,50633.725697867354,48789.131999351885,51399.93018738971
store_85,2015-05-04,2015-04-20,57658.0,37461.0,47438.25,37210.31092436975,56229.71556216631,47426.092881364144,57660.0,,56229.71556216631,40489.338481128594,53771.93614784348,51945.39284602319,55636.317029162354
store_85,2015-05-11,2015-04-20,38767.0,37461.0,47438.25,37084.966386554624,38401.52334156591,47426.092881364144,38787.0,,38401.52334156591,35228.404658497806,41538.20540764335,40022.24475845732,39696.70148640833
store_85,2015-05-18,2015-04-20,52012.0,37461.0,47438.25,36959.621848739494,49951.01202531449,47426.092881364144,51955.0,,49951.01202531449,38741.56810791687,49777.36830222621,47990.93969456741,50372.04638597609
store_85,2015-05-25,2015-04-20,41017.0,37461.0,47438.25,36834.27731092437,37512.58447048054,47426.092881364144,41127.0,,37512.58447048054,35399.886380395576,42021.89245061489,40317.936685266744,40119.05540573853
store_85,2015-06-01,2015-04-20,53211.0,37461.0,47438.25,36708.93277310924,48565.13164671737,47426.092881364144,59047.0,,48565.13164671737,39520.91532874153,51679.408176027166,49417.91619909851,52308.040557204215
store_85,2015-06-08,2015-04-20,44395.0,37461.0,47438.25,36583.58823529412,40494.82997962132,47426.092881364144,36948.0,,40494.82997962132,35193.10872803994,41622.97428699515,40256.839823345705,40064.03176447653
store_85,2015-06-15,2015-04-20,56381.0,37461.0,47438.25,36458.24369747899,51258.68474205267,47426.092881364144,49402.0,,51258.68474205267,38492.03876012797,49362.259207805604,47733.183820666214,50080.61916510224
store_85,2015-05-25,2015-05-18,41017.0,52012.0,48118.5,52009.03252032521,38329.60194091995,47506.33522711933,41127.0,,38329.60194091995,39871.78138405207,42320.97905601309,43077.7483934059,40538.92841813461
store_85,2015-06-01,2015-05-18,53211.0,52012.0,48118.5,52006.06504065041,49251.1473750788,47506.33522711933,59047.0,,49251.1473750788,43991.57823469264,51934.82753406604,52138.38868453743,52662.23318079157
store_85,2015-06-08,2015-05-18,44395.0,52012.0,48118.5,52003.09756097561,40957.784155195455,47506.33522711933,36948.0,,40957.784155195455,39649.38813475577,41804.03979410493,42903.47635685035,40306.38794006742
store_85,2015-06-15,2015-05-18,56381.0,52012.0,48118.5,52000.13008130081,51645.1085734525,47506.33522711933,49402.0,,51645.1085734525,42954.86769741037,49517.814600190606,50360.89269923298,50284.60529552196
store_85,2015-06-22,2015-05-18,40505.0,52012.0,48118.5,51997.16260162602,38282.070791062266,47506.33522711933,40561.0,,38282.070791062266,39782.43837425823,42116.4686727272,42902.067473455056,40305.13553208099
store_85,2015-06-29,2015-05-18,59163.0,52012.0,48118.5,51994.19512195122,51102.80919210829,47506.33522711933,60575.0,,51102.80919210829,44472.691363025544,53061.38147307587,53254.93948801237,54157.42519374178
store_85,2015-07-06,2015-05-18,42515.0,52012.0,48118.5,51991.227642276426,38864.121534516016,47506.33522711933,40426.0,,38864.121534516016,39845.45491484454,42265.48558721178,43082.272226148794,40546.87919713528
store_85,2015-07-13,2015-05-18,55425.0,52012.0,48118.5,51988.260162601626,51047.79693534101,47506.33522711933,50427.0,,51047.79693534101,43014.270332151704,49660.37738748678,50420.3046402337,50365.36281020549
store_86,2015-02-02,2015-01-26,55466.0,57675.0,56573.5,57740.542056074766,55753.14600522474,54518.07282385918,53140.0,,55753.14600522474,47914.322983594095,54470.406276361304,55551.87932094675,54959.776508226765
store_86,2015-02-09,2015-01-26,43351.0,57675.0,56573.5,57806.08411214953,44564.258462813246,54625.621892897136,38774.0,,44564.258462813246,44288.35206683713,45987.960118570125,47604.00303981344,44331.86783618873
store_86,2015-02-16,2015-01-26,52661.0,57675.0,56573.5,57871.6261682243,53981.1877120759,54733.170961935095,52087.0,,53981.1877120759,47560.212120319324,53600.452891336994,54546.827358003145,53602.456708774465
store_86,2015-02-23,2015-01-26,44575.0,57675.0,56573.5,57937.168224299065,44385.42501605336,54840.720030973054,41006.0,,44385.42501605336,44631.11618161792,46744.0483490088,47962.08714746712,44796.11174173775
store_86,2015-03-02,2015-01-26,57026.0,57675.0,56573.5,58002.71028037383,57935.28287180165,54948.26910001101,53363.0,,57935.28287180165,48356.82317888378,55415.51732393755,56687.39985310289,56448.64635047834
store_86,2015-03-09,2015-01-26,43874.0,57675.0,56573.5,58068.2523364486,41433.17928516283,55055.818169048966,36519.0,,41433.17928516283,43617.821398665765,44335.99915140393,45762.05099901514,41841.93021488736
store_86,2015-03-16,2015-01-26,56409.0,57675.0,56573.5,58133.79439252336,54712.91921563149,55163.367238086925,51616.0,,54712.91921563149,47696.36869232025,53830.76215123947,54866.30725276867,54000.848469681194
store_86,2015-03-23,2015-01-26,44783.0,57675.0,56573.5,58199.33644859813,43789.689185295305,55270.916307124884,39982.0,,43789.689185295305,44498.63456300261,46347.53516414006,47549.900585393334,44216.774946638005
store_86,2015-03-02,2015-02-23,57026.0,44575.0,52634.0,44520.16216216216,58042.55229735856,54236.193121022974,53363.0,,58042.55229735856,43910.12965436338,55213.91513946051,54149.83259245999,56431.72283457667
store_86,2015-03-09,2015-02-23,43874.0,44575.0,52634.0,44465.32432432433,41394.00670808748,54333.74066364931,36519.0,,41394.00670808748,39131.581670865875,44082.24912391226,43144.36131958712,41731.039128768665
store_86,2015-03-16,2015-02-23,56409.0,44575.0,52634.0,44410.48648648649,54671.481038854305,54431.28820627565,51616.0,,54671.481038854305,43191.179390230915,53572.92308170998,52236.847904821814,53887.32984293439
store_86,2015-03-23,2015-02-23,44783.0,44575.0,52634.0,44355.64864864865,43751.091736099195,54528.83574890198,39982.0,,43751.091736099195,39975.22516194997,46087.30916166706,44911.09243327474,44103.86378912348
store_86,2015-03-30,2015-02-23,67552.0,44575.0,52634.0,44300.81081081081,64288.623462169395,54626.38329152832,56112.0,,64288.623462169395,45219.54536635836,58342.3355845659,57636.65188484789,61115.043031070214
store_86,2015-04-06,2015-02-23,37551.0,44575.0,52634.0,44245.97297297297,37158.96835994315,54723.93083415466,40792.0,,37158.96835994315,39161.41030958154,44224.9663980326,41944.17769035932,40151.1002189946
store_86,2015-04-13,2015-02-23,57328.0,44575.0,52634.0,44191.13513513513,57311.54328040311,54821.47837678099,60223.0,,57311.54328040311,44822.30811318846,57452.007219061365,55098.04290278644,57734.626011988665
store_86,2015-04-20,2015-02-23,41288.0,44575.0,52634.0,44136.2972972973,41165.440887189376,54919.02591940733,32666.0,,41165.440887189376,38585.109157699146,42916.822268865566,42348.463644457755,40703.284441249234
store_86,2015-03-30,2015-03-23,67552.0,44783.0,50255.75,44731.87826086956,64124.60232558448,54162.94708394299,56112.0,,64124.60232558448,44881.453952913864,58133.18313650915,57361.3300440421,60955.887600654954
store_86,2015-04-06,2015-03-23,37551.0,44783.0,50255.75,44680.75652173913,36877.32102033142,54254.03905303021,40792.0,,36877.32102033142,38806.123799300105,43974.453357787206,41612.8170794531,39916.655572151285
store_86,2015-04-13,2015-03-23,57328.0,44783.0,50255.75,44629.63478260869,57312.16983024563,54345.131022117435,60223.0,,57312.16983024563,44506.955090710246,57293.43361745436,54900.23259875252,57678.2407240557
store_86,2015-04-20,2015-03-23,41288.0,44783.0,50255.75,44578.51304347826,41277.048689165065,54436.22299120465,32666.0,,41277.048689165065,38285.219246263994,42793.09056012324,42202.99533148793,40716.43954349618
store_86,2015-04-27,2015-03-23,54842.0,44783.0,50255.75,44527.391304347824,52238.22857051854,54527.31496029187,53025.0,,52238.22857051854,42765.240690736886,53263.514510270135,51170.74391601657,52705.638008703216
store_86,2015-05-04,2015-03-23,56861.0,44783.0,50255.75,44476.26956521739,58003.31381360163,54618.40692937909,55973.0,,58003.31381360163,44015.67718688544,56198.24024766024,54453.37405037425,57097.79194487277
store_86,2015-05-11,2015-03-23,39658.0,44783.0,50255.75,44425.147826086955,40236.23452162901,54709.49889846631,39051.0,,40236.23452162901,39065.80446374032,44665.577806698435,42902.90970215983,41668.42760042814
store_86,2015-05-18,2015-03-23,55316.0,44783.0,50255.75,44374.026086956525,55389.22016901896,54800.590867553525,51913.0,,55389.22016901896,43073.65530336129,54034.27034552416,52470.72641146433,54459.49929032431
store_86,2015-04-27,2015-04-20,54842.0,41288.0,50155.333333333336,41209.226890756305,52025.00771887522,54211.23873160998,53025.0,,52025.00771887522,41701.97238208212,53087.08215016173,50473.88600546356,52532.87890983403
store_86,2015-05-04,2015-04-20,56861.0,41288.0,50155.333333333336,41130.4537815126,58069.76952079298,54298.432641417334,55973.0,,58069.76952079298,42987.85561100803,56113.7340540701,53886.50873869563,57101.75158329631
store_86,2015-05-11,2015-04-20,39658.0,41288.0,50155.333333333336,41051.68067226891,40051.44642546504,54385.62655122469,39051.0,,40051.44642546504,37997.583854613134,44496.02432556324,42214.33236786092,41512.75217201178
store_86,2015-05-18,2015-04-20,55316.0,41288.0,50155.333333333336,40972.90756302521,55425.40330099058,54472.820461032046,51913.0,,55425.40330099058,42032.49495119731,53937.074587340874,51884.31000090425,54443.35103016375
store_86,2015-05-25,2015-04-20,42777.0,41288.0,50155.333333333336,40894.13445378151,38866.94666877507,54560.0143708394,43936.0,,38866.94666877507,38528.63268953276,45787.65367987149,42559.40802998082,41991.022964303775
store_86,2015-06-01,2015-04-20,58016.0,41288.0,50155.333333333336,40815.361344537814,55931.15640313859,54647.20828064676,60465.0,,55931.15640313859,43328.865623093785,57014.45489459512,53709.25376722012,56899.17496989124
store_86,2015-06-08,2015-04-20,43125.0,41288.0,50155.333333333336,40736.58823529412,40261.78870470202,54734.402190454115,37140.0,,40261.78870470202,37759.444637683366,44045.396965052045,41965.898097833524,41215.05840223012
store_86,2015-06-15,2015-04-20,56252.0,41288.0,50155.333333333336,40657.815126050424,56133.45764399778,54821.59610026147,54653.0,,56133.45764399778,42529.88602909186,55202.684581419744,52732.448219351216,55611.01107794533
store_86,2015-05-25,2015-05-18,42777.0,55316.0,51040.666666666664,55353.83739837398,39227.914293514994,54225.16261113368,43936.0,,39227.914293514994,42728.511567098474,45796.35896821622,45114.01083309576,42179.791196661594
store_86,2015-06-01,2015-05-18,58016.0,55316.0,51040.666666666664,55391.67479674797,55914.53475128169,54307.9206501722,60465.0,,55914.53475128169,47490.828123552645,56895.81846715129,56093.945581449385,56848.20041993849
store_86,2015-06-08,2015-05-18,43125.0,55316.0,51040.666666666664,55429.51219512195,40137.732841072415,54390.67868921073,37140.0,,40137.732841072415,41922.084341724534,43889.47051009438,44308.75703654224,41095.49232019287
store_86,2015-06-15,2015-05-18,56252.0,55316.0,51040.666666666664,55467.349593495936,56123.32105180636,54473.43672824925,54653.0,,56123.32105180636,46724.824862888316,55083.25259335186,55138.416000122605,55563.08746394532
store_86,2015-06-22,2015-05-18,41020.0,55316.0,51040.666666666664,55505.186991869916,40384.11829495125,54556.19476728778,39408.0,,40384.11829495125,42315.738102967945,44782.77102074634,44866.15972463874,41832.11627627419
store_86,2015-06-29,2015-05-18,61181.0,55316.0,51040.666666666664,55543.0243902439,56052.10706708996,54638.9528063263,56957.0,,56052.10706708996,47078.25013290383,55882.68662447208,55551.90898637072,56107.40436034351
store_86,2015-07-06,2015-05-18,47286.0,55316.0,51040.666666666664,55580.86178861788,44579.05234623033,54721.710845364825,43089.0,,44579.05234623033,43475.32737812567,47463.25439719838,47556.992842721746,45419.651100487674
store_86,2015-07-13,2015-05-18,58713.0,55316.0,51040.666666666664,55618.69918699187,55262.04729746649,54804.46888440335,54199.0,,55262.04729746649,46605.84029078977,54755.17206062328,54687.94134571262,54944.64595976054
store_87,2015-02-02,2015-01-26,38808.0,39337.0,33694.75,39355.73831775701,40444.355900609895,31966.083568710965,41145.0,,40444.355900609895,32277.561112439693,37851.81315644029,39275.79181417401,39800.405107588274
store_87,2015-02-09,2015-01-26,28850.0,39337.0,33694.75,39374.47663551402,31121.365475921863,31966.083568710965,25458.0,,31121.365475921863,28707.382240020976,29515.149681544273,31339.719482844022,29704.65479217785
store_87,2015-02-16,2015-01-26,36287.0,39337.0,33694.75,39393.214953271025,36020.29390642088,31966.083568710965,36824.0,,36020.29390642088,31033.620346914693,34936.792491710614,36161.87297684963,35836.441515135266
store_87,2015-02-23,2015-01-26,28497.0,39337.0,33694.75,39411.95327102804,29629.530617416254,31966.083568710965,26026.0,,29629.530617416254,28580.759636736464,29207.20472870907,30712.899739724395,28904.10069112544
store_87,2015-03-02,2015-01-26,41062.0,39337.0,33694.75,39430.69158878505,41125.97010320297,31966.083568710965,38610.0,,41125.97010320297,32023.499322956995,37234.01789063797,39094.89803907654,39563.751571721965
store_87,2015-03-09,2015-01-26,25845.0,39337.0,33694.75,39449.42990654206,27173.14735901481,31966.083568710965,25826.0,,27173.14735901481,28206.630119181118,28321.743642575257,29442.843801939354,27285.396847604658
store_87,2015-03-16,2015-01-26,37782.0,39337.0,33694.75,39468.168224299065,38618.14426347372,31966.083568710965,37093.0,,38618.14426347372,31453.878008069107,35892.409277394894,37524.93459939297,37563.58715823084
store_87,2015-03-23,2015-01-26,27555.0,39337.0,33694.75,39486.90654205607,27121.70477768703,31966.083568710965,25627.0,,27121.70477768703,28176.206412636297,28238.262782132664,29378.225218377385,27199.92180728015
store_87,2015-03-02,2015-02-23,41062.0,28497.0,32681.333333333332,28417.405405405407,40265.570712561086,32003.39973674988,38610.0,,40265.570712561086,28639.244169721387,36959.65681643699,37080.51344809391,39018.96407118219
store_87,2015-03-09,2015-02-23,25845.0,28497.0,32681.333333333332,28337.81081081081,26290.26613649108,32003.39973674988,25826.0,,26290.26613649108,24805.1157167693,28039.888624413652,27410.41613269377,26726.278914487746
store_87,2015-03-16,2015-02-23,37782.0,28497.0,32681.333333333332,28258.216216216217,37864.620222347505,32003.39973674988,37093.0,,37864.620222347505,28056.795644092417,35653.673319699126,35550.55754335117,37086.924443893615
store_87,2015-03-23,2015-02-23,27555.0,28497.0,32681.333333333332,28178.62162162162,26241.01587002516,32003.39973674988,25627.0,,26241.01587002516,24746.910080247144,27957.13853559168,27333.343477739003,26642.20130567508
store_87,2015-03-30,2015-02-23,39036.0,28497.0,32681.333333333332,28099.027027027027,37059.17494732688,32003.39973674988,40550.0,,37059.17494732688,28412.847863491017,36537.52489469225,35855.49866825665,37488.740629932785
store_87,2015-04-06,2015-02-23,22157.0,28497.0,32681.333333333332,28019.432432432433,21360.111044949685,32003.39973674988,27111.0,,21360.111044949685,24238.896649637903,26824.836927233187,25185.20915764443,23923.883612080408
store_87,2015-04-13,2015-02-23,39112.0,28497.0,32681.333333333332,27939.837837837837,38627.99935256926,32003.39973674988,37252.0,,38627.99935256926,28143.08146578433,35961.133029773046,35944.277649143514,37615.614261546456
store_87,2015-04-20,2015-02-23,26330.0,28497.0,32681.333333333332,27860.243243243243,26080.95250401092,32003.39973674988,20811.0,,26080.95250401092,23990.561259619626,26298.450746920265,26228.760736896515,25265.158674998325
store_87,2015-03-30,2015-03-23,39036.0,27555.0,33503.833333333336,27469.982608695653,37458.62507156003,32038.65715225013,40550.0,,37458.62507156003,28368.014023691307,36682.42740793672,36012.05195867879,37746.808543233186
store_87,2015-04-06,2015-03-23,22157.0,27555.0,33503.833333333336,27384.965217391305,21727.313361005625,32038.65715225013,27111.0,,21727.313361005625,24188.68129485434,26958.99017108525,25325.227851573116,24161.39603669675
store_87,2015-04-13,2015-03-23,39112.0,27555.0,33503.833333333336,27299.94782608696,39190.35377106725,32038.65715225013,37252.0,,39190.35377106725,28119.970297533953,36160.336974439124,36181.72256774391,37977.521088764435
store_87,2015-04-20,2015-03-23,26330.0,27555.0,33503.833333333336,27214.930434782607,26658.754226911784,32038.65715225013,20811.0,,26658.754226911784,23968.882163896837,26502.803793053972,26473.573329590952,25636.91196648164
store_87,2015-04-27,2015-03-23,36275.0,27555.0,33503.833333333336,27129.91304347826,36759.86511521845,32038.65715225013,38910.0,,36759.86511521845,27985.324092040024,35902.84075582286,35297.07723405566,36867.220295497675
store_87,2015-05-04,2015-03-23,39167.0,27555.0,33503.833333333336,27044.895652173913,39715.30654836708,32038.65715225013,39074.0,,39715.30654836708,28418.813240874922,36942.6545668724,36806.465381532864,38794.504365942674
store_87,2015-05-11,2015-03-23,25069.0,27555.0,33503.833333333336,26959.878260869566,24928.202607462765,32038.65715225013,24869.0,,24928.202607462765,24264.938764845112,27278.619919904297,26433.389118507213,25608.156339861365
store_87,2015-05-18,2015-03-23,37180.0,27555.0,33503.833333333336,26874.86086956522,38490.416734667466,32038.65715225013,38334.0,,38490.416734667466,28113.824012830875,36287.6912956392,36026.87035891469,37817.81994199872
store_87,2015-04-27,2015-04-20,36275.0,26330.0,32610.083333333332,26237.546218487394,36470.716600578395,32017.370905549215,38910.0,,36470.716600578395,27510.816722564046,35799.36250204254,34936.620746873334,36680.82796696456
store_87,2015-05-04,2015-04-20,39167.0,26330.0,32610.083333333332,26145.092436974788,39440.864173324924,32017.370905549215,39074.0,,39440.864173324924,27945.344407026038,36844.07835962471,36452.866373935976,38617.48606631811
store_87,2015-05-11,2015-04-20,25069.0,26330.0,32610.083333333332,26052.638655462186,24506.369217206513,32017.370905549215,24869.0,,24506.369217206513,23769.351730221606,27130.913374251908,26005.41306045306,25337.18764433036
store_87,2015-05-18,2015-04-20,37180.0,26330.0,32610.083333333332,25960.18487394958,38212.794013497674,32017.370905549215,38334.0,,38212.794013497674,27637.776160904257,36188.05497301563,35670.652608616634,37638.77441719102
store_87,2015-05-25,2015-04-20,25414.0,26330.0,32610.083333333332,25867.731092436974,23637.888073479022,32017.370905549215,24491.0,,23637.888073479022,23564.867629256933,26715.419659676078,25478.754866158168,24683.524128927726
store_87,2015-06-01,2015-04-20,36020.0,26330.0,32610.083333333332,25775.277310924368,34829.36627205269,32017.370905549215,42680.0,,34829.36627205269,27748.871117408515,36508.912392533966,34866.91386532316,36632.684558733934
store_87,2015-06-08,2015-04-20,26989.0,26330.0,32610.083333333332,25682.823529411766,26769.53947910804,32017.370905549215,24035.0,,26769.53947910804,23920.688178200337,27607.303461552416,26940.51644600676,26558.986212529588
store_87,2015-06-15,2015-04-20,38986.0,26330.0,32610.083333333332,25590.36974789916,38093.55851940335,32017.370905549215,35298.0,,38093.55851940335,27134.19750088358,35136.30980831752,34953.484417491214,36759.00349014284
store_87,2015-05-25,2015-05-18,25414.0,37180.0,33047.5,37178.76422764228,23483.63198137229,32094.354614353524,24491.0,,23483.63198137229,26782.178689052584,26689.66219857527,26971.076011320038,24592.72921810989
store_87,2015-06-01,2015-05-18,36020.0,37180.0,33047.5,37177.528455284555,34678.3463411817,32094.354614353524,42680.0,,34678.3463411817,30979.67563011711,36484.233651845076,36367.14286927815,36543.9524509226
store_87,2015-06-08,2015-05-18,26989.0,37180.0,33047.5,37176.29268292683,26554.083214422615,32094.354614353524,24035.0,,26554.083214422615,27155.318644528994,27561.145942925377,28414.73942952242,26429.180915393707
store_87,2015-06-15,2015-05-18,38986.0,37180.0,33047.5,37175.0569105691,37919.65200018448,32094.354614353524,35298.0,,37919.65200018448,30387.794789301013,35104.002204845994,36454.81600402559,36655.682948748174
store_87,2015-06-22,2015-05-18,26479.0,37180.0,33047.5,37173.82113821138,25528.66030534927,32094.354614353524,25137.0,,25528.66030534927,27165.905151130595,27586.67163990093,28130.057307319712,26067.30255832737
store_87,2015-06-29,2015-05-18,41360.0,37180.0,33047.5,37172.58536585366,37919.245893604646,32094.354614353524,43514.0,,37919.245893604646,31561.09798197312,37842.53350265272,38164.562937723844,38830.57356082481
store_87,2015-07-06,2015-05-18,27711.0,37180.0,33047.5,37171.349593495936,25608.380722542064,32094.354614353524,25868.0,,25608.380722542064,27281.369275770216,27856.911778965194,28321.992772464546,26311.64717126528
store_87,2015-07-13,2015-05-18,37540.0,37180.0,33047.5,37170.11382113821,35794.56883481798,32094.354614353524,37395.0,,35794.56883481798,30383.076752901386,35094.64114972383,35825.97638938884,35856.27788142653
store_88,2015-02-02,2015-01-26,44426.0,40430.0,43321.5,40310.6261682243,45778.549497530475,41909.15236711976,54330.0,,45778.549497530475,38011.40400469636,47810.016499176825,45781.90513550573,47249.3225821718
store_88,2015-02-09,2015-01-26,27765.0,40430.0,43321.5,40191.2523364486,28288.015254228216,41909.15236711976,33622.0,,28288.015254228216,32537.41713682808,35077.171751409405,33203.72440633879,30908.8878901464
store_88,2015-02-16,2015-01-26,43556.0,40430.0,43321.5,40071.878504672895,42879.902884751355,41909.15236711976,52342.0,,42879.902884751355,37279.20482236343,46181.134294917116,43904.682348091075,44832.269784215314
store_88,2015-02-23,2015-01-26,27970.0,40430.0,43321.5,39952.504672897194,28093.776048217245,41909.15236711976,30019.0,,28093.776048217245,31960.847584033458,33811.42534940575,32523.23178399462,30047.63244065381
store_88,2015-03-02,2015-01-26,44598.0,40430.0,43321.5,39833.13084112149,46062.43756785421,41909.15236711976,51932.0,,46062.43756785421,37641.17439658506,47105.31252261807,45526.04623387352,46963.52037862012
store_88,2015-03-09,2015-01-26,27656.0,40430.0,43321.5,39713.75700934579,27690.35615880984,41909.15236711976,30211.0,,27690.35615880984,31896.537933610765,33740.95205293661,32319.12266060625,29805.694700499425
store_88,2015-03-16,2015-01-26,42060.0,40430.0,43321.5,39594.3831775701,42909.78583952227,41909.15236711976,48392.0,,42909.78583952227,36650.97448345887,44874.42861317409,43272.312536158795,44056.98825356897
store_88,2015-03-23,2015-01-26,27524.0,40430.0,43321.5,39475.009345794395,26928.340812151408,41909.15236711976,29609.0,,26928.340812151408,31667.571789295078,33286.280270717136,31800.04535558198,29154.28565583358
store_88,2015-03-02,2015-02-23,44598.0,27970.0,39455.916666666664,27742.675675675677,45914.40079146321,41695.616319481494,51932.0,,45914.40079146321,33530.08706475529,45767.43915270995,43249.036465709236,46463.04635953091
store_88,2015-03-09,2015-02-23,27656.0,27970.0,39455.916666666664,27515.35135135135,27586.06756109046,41695.616319481494,30211.0,,27586.06756109046,27776.27884265571,32417.661409252374,30057.379174136302,29335.65341876029
store_88,2015-03-16,2015-02-23,42060.0,27970.0,39455.916666666664,27288.027027027027,42740.975135453744,41695.616319481494,48392.0,,42740.975135453744,32506.07644980413,43529.630600706805,40967.901329133674,43542.06317608291
store_88,2015-03-23,2015-02-23,27524.0,27970.0,39455.916666666664,27060.702702702703,26819.031028121244,41695.616319481494,29609.0,,26819.031028121244,27515.75238813887,31961.315898262634,29519.329514497174,28680.751464244895
store_88,2015-03-30,2015-02-23,46001.0,27970.0,39455.916666666664,26833.37837837838,42270.5841585719,41695.616319481494,52210.0,,42270.5841585719,32919.35650329977,44645.50027507952,41273.78566748055,43984.30936295145
store_88,2015-04-06,2015-02-23,26253.0,27970.0,39455.916666666664,26606.054054054053,26077.92127489741,41695.616319481494,32599.0,,26077.92127489741,27772.0726164428,32710.945980521356,29551.99653341596,28767.804146740113
store_88,2015-04-13,2015-02-23,45557.0,27970.0,39455.916666666664,26378.72972972973,47042.395692888414,41695.616319481494,49034.0,,47042.395692888414,33082.3797726809,45177.437453185026,43300.4706857061,46663.66564625716
store_88,2015-04-20,2015-02-23,26719.0,27970.0,39455.916666666664,26151.405405405407,29044.9409669335,41695.616319481494,25280.0,,29044.9409669335,27085.41133692672,31260.28587786672,29970.699803861615,29356.71948304508
store_88,2015-03-30,2015-03-23,46001.0,27524.0,37079.75,27300.704347826086,42060.00758349756,41491.61971469899,52210.0,,42060.00758349756,32523.725949431802,43783.25252783252,40958.007708913436,43593.48592033184
store_88,2015-04-06,2015-03-23,26253.0,27524.0,37079.75,27077.408695652175,26022.242097415496,41491.61971469899,32599.0,,26022.242097415496,27399.145786823807,31900.330699138496,29319.406016339915,28484.732659979578
store_88,2015-04-13,2015-03-23,45557.0,27524.0,37079.75,26854.11304347826,46909.17543273186,41491.61971469899,49034.0,,46909.17543273186,32698.95117012987,44340.97514424395,43026.69284343346,46326.65391616467
store_88,2015-04-20,2015-03-23,26719.0,27524.0,37079.75,26630.817391304347,29034.32745898189,41491.61971469899,25280.0,,29034.32745898189,26720.0735092836,30464.692486327294,29762.831104402263,29104.997225577376
store_88,2015-04-27,2015-03-23,45235.0,27524.0,37079.75,26407.521739130436,44098.904983117245,41491.61971469899,49554.0,,44098.904983117245,32307.97091956381,43577.55166103908,41569.879535222084,44476.5321368191
store_88,2015-05-04,2015-03-23,46589.0,27524.0,37079.75,26184.22608695652,47475.609199763276,41491.61971469899,54450.0,,47475.609199763276,33457.88642877411,46335.119733254425,44118.860028623065,47812.20635920912
store_88,2015-05-11,2015-03-23,28600.0,27524.0,37079.75,25960.930434782607,27601.868875117972,41491.61971469899,30754.0,,27601.868875117972,27201.73843208565,31811.872958372653,29794.408692776396,29211.740534620665
store_88,2015-05-18,2015-03-23,43593.0,27524.0,37079.75,25737.634782608697,45133.329027986154,41491.61971469899,49137.0,,45133.329027986154,32300.47621789912,43783.35967599538,42008.21139112849,45112.07235378174
store_88,2015-04-27,2015-04-20,45235.0,26719.0,35840.416666666664,26496.44537815126,43691.78328184318,41303.382815365476,49554.0,,43691.78328184318,31943.57544886094,43028.73331616995,41183.78239700443,44065.88472187971
store_88,2015-05-04,2015-04-20,46589.0,26719.0,35840.416666666664,26273.89075630252,46993.59876940865,41303.382815365476,54450.0,,46993.59876940865,33082.89842967762,45761.338478691774,43692.74681519978,47349.463769298076
store_88,2015-05-11,2015-04-20,28600.0,26719.0,35840.416666666664,26051.33613445378,26913.23761307029,41303.382815365476,30754.0,,26913.23761307029,26797.339032793745,31169.21809324565,29257.79129258834,28605.26538959765
store_88,2015-05-18,2015-04-20,43593.0,26719.0,35840.416666666664,25828.78151260504,44730.21361288568,41303.382815365476,49137.0,,44730.21361288568,31936.97065821755,43235.876759850784,41624.42565336034,44704.21184925947
store_88,2015-05-25,2015-04-20,28379.0,26719.0,35840.416666666664,25606.2268907563,25449.64666522108,41303.382815365476,30923.0,,25449.64666522108,26548.81043400136,30737.687777295912,28467.26705708619,27621.200868268745
store_88,2015-06-01,2015-04-20,45026.0,26719.0,35840.416666666664,25383.67226890756,43721.37001591548,41303.382815365476,56117.0,,43721.37001591548,32726.405966693597,45226.262227527375,42133.09425039627,45409.1502652694
store_88,2015-06-08,2015-04-20,31637.0,26719.0,35840.416666666664,25161.117647058825,28928.030168495374,41303.382815365476,30662.0,,28928.030168495374,26944.849613940904,31810.14894505401,30254.468195309768,29988.28301188113
store_88,2015-06-15,2015-04-20,46592.0,26719.0,35840.416666666664,24938.563025210085,46076.41001317045,41303.382815365476,47373.0,,46076.41001317045,31750.110360058952,43096.60889327904,42004.14665292489,45285.161982758545
store_88,2015-05-25,2015-05-18,28379.0,43593.0,37532.083333333336,43514.86991869919,25881.099361443194,41287.70915472897,30923.0,,25881.099361443194,31818.823109743527,31445.394231592174,31486.24318580873,28095.286800250266
store_88,2015-06-01,2015-05-18,45026.0,43593.0,37532.083333333336,43436.739837398374,44012.96300645266,41287.70915472897,56117.0,,44012.96300645266,37997.07076170191,45887.34877992866,45088.127352920055,45785.944976948565
store_88,2015-06-08,2015-05-18,31637.0,43593.0,37532.083333333336,43358.60975609756,29241.159727274673,41287.70915472897,30662.0,,29241.159727274673,32239.22313877636,32478.414353536,33231.91929021861,30380.059300957015
store_88,2015-06-15,2015-05-18,46592.0,43593.0,37532.083333333336,43280.47967479675,46237.47358245228,41287.70915472897,47373.0,,46237.47358245228,37043.39224933019,43714.185638595205,44911.123300075335,45571.155940803204
store_88,2015-06-22,2015-05-18,28292.0,43593.0,37532.083333333336,43202.349593495936,27969.555603165412,41287.70915472897,33528.0,,27969.555603165412,32444.671097817663,33009.87964549958,32984.01056068609,30073.09133324936
store_88,2015-06-29,2015-05-18,46522.0,43593.0,37532.083333333336,43124.21951219512,43375.419479534845,41287.70915472897,58844.0,,43375.419479534845,38250.918782827466,46583.83427095605,45146.16102632813,45892.03779028185
store_88,2015-07-06,2015-05-18,29916.0,43593.0,37532.083333333336,43046.08943089431,28392.478820863646,41287.70915472897,33829.0,,28392.478820863646,32525.765819974324,33251.18738473233,33245.18637575795,30427.95374949696
store_88,2015-07-13,2015-05-18,41055.0,43593.0,37532.083333333336,42967.9593495935,38728.00916880206,41287.70915472897,47989.0,,38728.00916880206,36013.96585806541,41416.364167378466,40964.82856400454,40471.460763090945
store_89,2015-02-02,2015-01-26,56985.0,56813.0,57757.833333333336,56905.44859813084,59168.0,56450.55442497973,57802.0,,59168.0,49270.976622349124,57806.85147499324,58298.48961790885,58610.59425811858
store_89,2015-02-09,2015-01-26,45305.0,56813.0,57757.833333333336,56997.897196261685,45920.0,56562.95444737449,43579.0,,45920.0,45375.81213956707,48687.318149124825,48800.763343235856,46465.602173901534
store_89,2015-02-16,2015-01-26,57270.0,56813.0,57757.833333333336,57090.345794392524,56928.0,56675.35446976924,56894.0,,56928.0,48879.790513927874,56832.45148992308,56969.67654932793,56895.97761957645
store_89,2015-02-23,2015-01-26,43209.0,56813.0,57757.833333333336,57182.79439252336,42496.0,56787.75449216399,42366.0,,42496.0,44771.91174543153,47216.58483072133,46782.74256235862,43870.27942107741
store_89,2015-03-02,2015-01-26,59468.0,56813.0,57757.833333333336,57275.2429906542,57088.0,56900.15451455875,57415.0,,57088.0,49035.60440550661,57134.38483818625,57172.99131808261,57139.19507100308
store_89,2015-03-09,2015-01-26,47812.0,56813.0,57757.833333333336,57367.69158878505,47168.0,57012.5545369535,41714.0,,47168.0,45404.72563701027,48631.518178984494,49223.399264552994,46972.49088166082
store_89,2015-03-16,2015-01-26,57966.0,56813.0,57757.833333333336,57460.14018691589,57248.0,57124.954559348254,54871.0,,57248.0,48753.561154228206,56414.65151978275,56865.62755730448,56729.840452547345
store_89,2015-03-23,2015-01-26,45300.0,56813.0,57757.833333333336,57552.588785046726,43936.0,57237.35458174301,40119.0,,43936.0,44773.68238573187,47097.45152724767,47245.25377827183,44428.122892013314
store_89,2015-03-02,2015-02-23,59468.0,43209.0,54403.0,43175.55855855856,57235.81261258836,56124.962445508245,57415.0,,57235.81261258836,44509.04765952216,56925.25835269886,54984.300090696364,57164.99408637906
store_89,2015-03-09,2015-02-23,47812.0,43209.0,54403.0,43142.117117117115,47086.95608539657,56227.0169911331,41714.0,,47086.95608539657,40826.01288480668,48342.65769217655,46901.679961388654,46839.59439775055
store_89,2015-03-16,2015-02-23,57966.0,43209.0,54403.0,43108.67567567567,57172.83441037701,56329.07153675796,54871.0,,57172.83441037701,44156.2259461158,56124.30198237832,54537.44464751536,56599.9792507183
store_89,2015-03-23,2015-02-23,45300.0,43209.0,54403.0,43075.23423423423,43839.670846068584,56431.12608238282,40119.0,,43839.670846068584,40153.861594669375,46796.59897615046,44896.02680083532,44282.665287009266
store_89,2015-03-30,2015-02-23,70233.0,43209.0,54403.0,43041.792792792796,66283.43658452696,56533.18062800768,59860.0,,66283.43658452696,46190.058572189635,60892.20573751154,60291.92494421874,63959.35963784849
store_89,2015-04-06,2015-02-23,39039.0,43209.0,54403.0,43008.35135135135,40622.21623430816,56635.235173632536,44118.0,,40622.21623430816,40285.11467989886,47125.150469313565,43838.508532229986,42937.31315314268
store_89,2015-04-13,2015-02-23,59993.0,43209.0,54403.0,42974.90990990991,60218.058894089925,56737.289719257395,63294.0,,60218.058894089925,45833.75121760817,60083.11620444911,57604.7237836703,60531.51239885171
store_89,2015-04-20,2015-02-23,42089.0,43209.0,54403.0,42941.46846846847,40135.82956874267,56839.34426488225,34126.0,,40135.82956874267,38807.8060431562,43700.39127787497,41922.40231890217,40494.81187385157
store_89,2015-03-30,2015-03-23,70233.0,45300.0,52137.916666666664,45285.90434782609,66172.47058765111,56058.35548748858,59860.0,,66172.47058765111,46402.09244137606,60696.94202504656,60327.866757843665,63836.3265459222
store_89,2015-04-06,2015-03-23,39039.0,45300.0,52137.916666666664,45271.80869565217,38040.66792375447,56153.55747534481,44118.0,,38040.66792375447,40145.99296591687,46104.07513303309,42543.19263959902,41111.39276347487
store_89,2015-04-13,2015-03-23,59993.0,45300.0,52137.916666666664,45257.71304347826,58696.25670158056,56248.75946320103,63294.0,,58696.25670158056,45847.80655356093,59413.00538826053,56881.634647201274,59435.07796348657
store_89,2015-04-20,2015-03-23,42089.0,45300.0,52137.916666666664,45243.617391304346,41637.9961055077,56343.96145105726,34126.0,,41637.9961055077,39255.64165921942,44035.985852188314,42830.61058698295,41481.19995425052
store_89,2015-04-27,2015-03-23,58647.0,45300.0,52137.916666666664,45229.52173913043,56879.222341784116,56439.16343891348,54784.0,,56879.222341784116,44395.68916949924,56034.12859356586,54496.65871360875,56389.95872677931
store_89,2015-05-04,2015-03-23,62214.0,45300.0,52137.916666666664,45215.42608695652,61871.97705182554,56534.365426769706,61137.0,,61871.97705182554,46028.097890316916,59847.78082619841,58253.486054125606,61191.89631716565
store_89,2015-05-11,2015-03-23,42764.0,45300.0,52137.916666666664,45201.330434782605,41266.21606305855,56629.567414625926,40406.0,,41266.21606305855,40134.43293987625,46100.59449256149,43695.459283481374,42590.14339436848
store_89,2015-05-18,2015-03-23,58878.0,45300.0,52137.916666666664,45187.2347826087,58327.303696412986,56724.769402482154,55207.0,,58327.303696412986,44697.74636402436,56753.02436629838,55366.870450677234,57505.75534415706
store_89,2015-04-27,2015-04-20,58647.0,42089.0,52055.75,42048.39495798319,57287.121134423,56160.25711629225,54784.0,,57287.121134423,43489.217601242635,56077.12608357175,54238.404086277864,56643.638857626385
store_89,2015-05-04,2015-04-20,62214.0,42089.0,52055.75,42007.78991596639,62088.65385189071,56252.09022391679,61137.0,,62088.65385189071,45090.04057025341,59825.91469193583,57890.0083713595,61313.49527072589
store_89,2015-05-11,2015-04-20,42764.0,42089.0,52055.75,41967.184873949576,41445.060620010954,56343.92333154134,40406.0,,41445.060620010954,39186.70268935741,46064.99465051743,43309.463316362955,42685.345707064625
store_89,2015-05-18,2015-04-20,58878.0,42089.0,52055.75,41926.57983193277,58410.65014642089,56435.75643916588,55207.0,,58410.65014642089,43732.10520250279,56684.46886186226,54927.2638864264,57534.82961211181
store_89,2015-05-25,2015-04-20,43524.0,42089.0,52055.75,41885.97478991596,43076.666628822204,56527.58954679043,41977.0,,43076.666628822204,39658.85442364694,47193.752058537546,44459.34498702847,44162.01154920209
store_89,2015-06-01,2015-04-20,58250.0,42089.0,52055.75,41845.36974789916,57087.263129855965,56619.42265441497,60733.0,,57087.263129855965,44347.115076024296,58146.561928090305,55142.83767320025,57817.58736052865
store_89,2015-06-08,2015-04-20,46334.0,42089.0,52055.75,41804.76470588235,45755.68944995427,56711.25576203952,41219.0,,45755.68944995427,39947.922845410874,47895.3150706646,45785.9244056135,45864.471131305225
store_89,2015-06-15,2015-04-20,64286.0,42089.0,52055.75,41764.15966386555,62691.3250588138,56803.08886966406,54487.0,,62691.3250588138,44270.04622747763,57993.804642825955,57132.15183277793,60366.92449220912
store_89,2015-05-25,2015-05-18,43524.0,58878.0,53700.25,58975.21138211382,43485.36107073497,56392.30978491802,41977.0,,43485.36107073497,44772.59031968097,47284.89028521766,47182.581110632884,44430.3290069698
store_89,2015-06-01,2015-05-18,58250.0,58878.0,53700.25,59072.422764227646,57413.29847452519,56482.34807823702,60733.0,,57413.29847452519,49468.47418814141,58209.548850920735,57831.04410997661,58028.777176355856
store_89,2015-06-08,2015-05-18,46334.0,58878.0,53700.25,59169.634146341465,45766.55380989599,56572.386371556015,41219.0,,45766.55380989599,45043.68918968478,47852.64672715067,48313.73526575499,45858.33413198856
store_89,2015-06-15,2015-05-18,64286.0,58878.0,53700.25,59266.845528455284,62706.13654152814,56662.42466487501,54487.0,,62706.13654152814,49385.80810497978,57951.85373546771,59671.62939633885,60363.330971387964
store_89,2015-06-22,2015-05-18,43514.0,58878.0,53700.25,59364.0569105691,42801.11338733988,56752.46295819401,42171.0,,42801.11338733988,44809.55475087185,47241.5254485113,46900.920445339594,44035.52097490385
store_89,2015-06-29,2015-05-18,62401.0,58878.0,53700.25,59461.26829268293,59419.742558187194,56842.50125151301,59126.0,,59419.742558187194,49632.53744319759,58462.74793656673,58700.076436015246,59104.38558776078
store_89,2015-07-06,2015-05-18,48436.0,58878.0,53700.25,59558.47967479675,46474.256829054895,56932.539544832,45050.0,,46474.256829054895,45799.07514981195,49485.59879129563,49388.57033328608,47196.92818550782
store_89,2015-07-13,2015-05-18,60034.0,58878.0,53700.25,59655.69105691057,57365.49360941707,57022.577838150995,62266.0,,57365.49360941707,49841.14464349694,58884.69048252268,58143.11450258155,58375.22657447445
store_9,2015-02-02,2015-01-26,36277.0,35364.0,34008.5,35364.3738317757,37117.17813494743,31878.325720399785,37269.0,,37117.17813494743,30143.053955303272,35421.50128511574,36134.93138578457,36524.03640257547
store_9,2015-02-09,2015-01-26,27978.0,35364.0,34008.5,35364.7476635514,29657.526838228165,31878.325720399785,28166.0,,29657.526838228165,27777.01431745419,29900.617519542648,30820.157046987326,29606.50297129757
store_9,2015-02-16,2015-01-26,32583.0,35364.0,34008.5,35365.121495327105,32624.394507507415,31878.325720399785,36186.0,,32624.394507507415,29346.620246176328,33562.906742635736,33650.36913221946,33290.15984885258
store_9,2015-02-23,2015-01-26,28309.0,35364.0,34008.5,35365.495327102806,28641.548527826788,31878.325720399785,27932.0,,28641.548527826788,27598.552796475626,29483.95808274219,30260.12582604769,28877.51944869457
store_9,2015-03-02,2015-01-26,37234.0,35364.0,34008.5,35365.86915887851,36630.58170874923,31878.325720399785,35030.0,,36630.58170874923,29753.8966554325,34512.96914304967,35520.46335809582,35724.130933519424
store_9,2015-03-09,2015-01-26,28714.0,35364.0,34008.5,35366.2429906542,29161.082891100203,31878.325720399785,29029.0,,29161.082891100203,27829.593086022025,30022.802870499992,30705.72518301665,29457.42468069267
store_9,2015-03-16,2015-01-26,36333.0,35364.0,34008.5,35366.6168224299,36595.946084530995,31878.325720399785,36579.0,,36595.946084530995,29970.341232480096,35017.75726831026,35754.94376377339,36029.25213716871
store_9,2015-03-23,2015-01-26,28789.0,35364.0,34008.5,35366.990654205605,28537.641655172076,31878.325720399785,29359.0,,28537.641655172076,27787.779718539638,29924.989125190616,30439.204526041973,29110.462831823315
store_9,2015-03-02,2015-02-23,37234.0,28309.0,32237.666666666668,28245.8018018018,36267.49906712286,31856.85361178912,35030.0,,36267.49906712286,27420.974449625777,34384.78422630399,34161.95113745776,35478.77219742303
store_9,2015-03-09,2015-02-23,28714.0,28309.0,32237.666666666668,28182.603603603602,28753.743335175022,31856.85361178912,29029.0,,28753.743335175022,25481.2667453192,29879.865648988045,29319.956617193828,29182.47104990132
store_9,2015-03-16,2015-02-23,36333.0,28309.0,32237.666666666668,28119.405405405407,36232.70291280477,31856.85361178912,36579.0,,36232.70291280477,27619.232656666565,34889.518841531295,34387.312405060504,35783.78605352052
store_9,2015-03-23,2015-02-23,28789.0,28309.0,32237.666666666668,28056.207207207208,28127.4125574497,31856.85361178912,29359.0,,28127.4125574497,25420.877149016098,29781.088723079607,29042.914729213975,28833.576945099536
store_9,2015-03-30,2015-02-23,34776.0,28309.0,32237.666666666668,27993.00900900901,33464.28585021252,31856.85361178912,38766.0,,33464.28585021252,27518.116448239616,34695.71315400054,33312.09755500642,34396.02177388942
store_9,2015-04-06,2015-02-23,25042.0,28309.0,32237.666666666668,27929.81081081081,23422.00957115137,31856.85361178912,29532.0,,23422.00957115137,24755.334380059707,28270.287727646828,26644.590919334067,25723.706678765448
store_9,2015-04-13,2015-02-23,36968.0,28309.0,32237.666666666668,27866.61261261261,36290.6965033349,31856.85361178912,33928.0,,36290.6965033349,27212.689913486185,34025.183371708,33967.48123285561,35260.73569217932
store_9,2015-04-20,2015-02-23,27439.0,28309.0,32237.666666666668,27803.414414414416,27419.890752982217,31856.85361178912,23417.0,,27419.890752982217,24434.832206550345,27564.581454923777,27693.912066375953,27101.153935489303
store_9,2015-03-30,2015-03-23,34776.0,28789.0,32462.583333333332,28732.17391304348,33750.43115413924,31888.460480000478,38766.0,,33750.43115413924,27769.80698293093,34801.63054471324,33568.99161377331,34591.14169824564
store_9,2015-04-06,2015-03-23,25042.0,28789.0,32462.583333333332,28675.347826086956,23649.822744057135,31888.460480000478,29532.0,,23649.822744057135,24999.602054782554,28356.76107468587,26871.96838821633,25879.819516833595
store_9,2015-04-13,2015-03-23,36968.0,28789.0,32462.583333333332,28618.521739130436,36513.687661150594,31888.460480000478,33928.0,,36513.687661150594,27457.179030516403,34110.04938038369,34192.83417255843,35413.624016494774
store_9,2015-04-20,2015-03-23,27439.0,28789.0,32462.583333333332,28561.695652173912,27664.909287800543,31888.460480000478,23417.0,,27664.909287800543,24683.378393329753,27656.78992260034,27931.03497359344,27268.772114181807
store_9,2015-04-27,2015-03-23,33363.0,28789.0,32462.583333333332,28504.869565217392,33663.49082673815,31888.460480000478,34395.0,,33663.49082673815,27100.486315041337,33315.65043557954,32796.44297844975,33606.65045013115
store_9,2015-05-04,2015-03-23,37514.0,28789.0,32462.583333333332,28448.043478260868,36237.96824620291,31888.460480000478,37275.0,,36237.96824620291,27871.57936254251,35133.80957540113,34584.04899558811,35938.58415878906
store_9,2015-05-11,2015-03-23,26235.0,28789.0,32462.583333333332,28391.217391304348,24768.759217563485,31888.460480000478,28233.0,,24768.759217563485,24933.288631743093,28296.73989918799,27215.138689893833,26352.76048262093
store_9,2015-05-18,2015-03-23,38493.0,28789.0,32462.583333333332,28334.391304347828,37375.31083286213,31888.460480000478,35932.0,,37375.31083286213,27825.963707220537,35065.257104287535,34941.62799356755,36414.50841868697
store_9,2015-04-27,2015-04-20,33363.0,27439.0,31703.5,27372.73949579832,33785.28752432973,31868.1647883973,34395.0,,33785.28752432973,26651.955972646476,33349.48410424234,32612.32950381079,33685.67419125321
store_9,2015-05-04,2015-04-20,37514.0,27439.0,31703.5,27306.47899159664,36287.996532186124,31868.1647883973,37275.0,,36287.996532186124,27411.448616025722,35143.72044019448,34362.39229456483,35969.61588289805
store_9,2015-05-11,2015-04-20,26235.0,27439.0,31703.5,27240.21848739496,25108.25006540341,31868.1647883973,28233.0,,25108.25006540341,24513.161905885092,28403.138284600234,27141.529536834772,26577.357758508886
store_9,2015-05-18,2015-04-20,38493.0,27439.0,31703.5,27173.95798319328,37485.73160941783,31868.1647883973,35932.0,,37485.73160941783,27371.764911572627,35095.29879927171,34749.658245265906,36485.925005301106
store_9,2015-05-25,2015-04-20,26328.0,27439.0,31703.5,27107.6974789916,25454.452173319645,31868.1647883973,24717.0,,25454.452173319645,24041.40206295836,27346.53898723898,26737.473298087683,26063.713399197935
store_9,2015-06-01,2015-04-20,32975.0,27439.0,31703.5,27041.436974789915,33362.09222124911,31868.1647883973,39923.0,,33362.09222124911,27333.884854919474,35051.08566988214,33271.47476761372,34574.23936234354
store_9,2015-06-08,2015-04-20,30339.0,27439.0,31703.5,26975.176470588234,29904.095384642664,31868.1647883973,25042.0,,29904.095384642664,24704.56237766117,28938.086724346653,29067.08109813407,29108.09740322044
store_9,2015-06-15,2015-04-20,36885.0,27439.0,31703.5,26908.915966386554,35755.62781961331,31868.1647883973,33853.0,,35755.62781961331,26789.744082056735,33825.59753600354,33503.418237033526,34888.38692208947
store_9,2015-05-25,2015-05-18,26328.0,38493.0,32575.0,38518.76422764228,25986.596628544867,31926.661239232635,24717.0,,25986.596628544867,27459.574585059967,27543.419289259167,28698.58154929492,26426.544184473256
store_9,2015-06-01,2015-05-18,32975.0,38493.0,32575.0,38544.528455284555,33733.01606888298,31926.661239232635,39923.0,,33733.01606888298,30742.172251914308,35194.22576937187,35156.29278371626,34829.26084866708
store_9,2015-06-08,2015-05-18,30339.0,38493.0,32575.0,38570.29268292683,30419.83424922191,31926.661239232635,25042.0,,30419.83424922191,28146.684024483053,29129.498496151515,31032.841765313267,29459.957660268276
store_9,2015-06-15,2015-05-18,36885.0,38493.0,32575.0,38596.0569105691,36193.58698463233,31926.661239232635,33853.0,,36193.58698463233,30233.90073349058,33991.08274128832,35435.75836708906,35188.23537365197
store_9,2015-06-22,2015-05-18,29196.0,38493.0,32575.0,38621.82113821138,28175.6236856443,31926.661239232635,28383.0,,28175.6236856443,28310.729437584043,29495.094974958978,30427.500669521174,28667.303010687512
store_9,2015-06-29,2015-05-18,40781.0,38493.0,32575.0,38647.58536585366,38353.38405529164,31926.661239232635,42422.0,,38353.38405529164,31773.947237196844,37567.348431508086,37944.34814468439,38448.549271684744
store_9,2015-07-06,2015-05-18,28515.0,38493.0,32575.0,38673.349593495936,28221.65202281582,31926.661239232635,27902.0,,28221.65202281582,28255.95183650634,29350.104420682816,30376.4903881868,28596.143297031933
store_9,2015-07-13,2015-05-18,34606.0,38493.0,32575.0,38699.11382113821,34146.64812823146,31926.661239232635,33365.0,,34146.64812823146,29886.489026943185,33146.10312248803,34311.960282915745,33716.01097230664
store_90,2015-02-02,2015-01-26,66901.0,60833.0,60129.5,60792.48598130841,68038.31555407897,55980.42067987828,67249.0,,68038.31555407897,53288.960316466524,63755.91207798575,65222.07033847514,66575.43729190712
store_90,2015-02-09,2015-01-26,51474.0,60833.0,60129.5,60751.97196261682,53794.4769762898,55980.42067987828,49640.0,,53794.4769762898,48732.76708839784,53138.29921872269,54730.11656203942,53033.70578664787
store_90,2015-02-16,2015-01-26,58477.0,60833.0,60129.5,60711.457943925234,57718.915911182994,55980.42067987828,63417.0,,57718.915911182994,51255.75636214093,59038.77886368709,59267.52178971452,58895.48977080448
store_90,2015-02-23,2015-01-26,50245.0,60833.0,60129.5,60670.943925233645,49560.38201805248,55980.42067987828,48193.0,,49560.38201805248,47909.60666045205,51244.600899310244,52306.627153965645,49912.49964045154
store_90,2015-03-02,2015-01-26,66562.0,60833.0,60129.5,60630.42990654206,67677.78130167827,55980.42067987828,63582.0,,67677.78130167827,52690.44741258551,62413.40066051885,64349.110928654416,65463.64614475494
store_90,2015-03-09,2015-01-26,48509.0,60833.0,60129.5,60589.91588785047,48272.98201381245,55980.42067987828,46599.0,,48272.98201381245,47486.40265450588,50284.134231230244,51352.247417316,48687.97400187578
store_90,2015-03-16,2015-01-26,65788.0,60833.0,60129.5,60549.40186915888,65930.05726391394,55980.42067987828,59543.0,,65930.05726391394,51852.19711613587,60484.49264793073,62708.866946076196,63353.64178976342
store_90,2015-03-23,2015-01-26,50135.0,60833.0,60129.5,60508.88785046729,49082.085797484026,55980.42067987828,45891.0,,49082.085797484026,47489.27061826137,50317.8354924541,51626.27915696023,49049.377683447645
store_90,2015-03-02,2015-02-23,66562.0,50245.0,57823.416666666664,50110.55855855856,68015.73361083367,56008.80274491194,63582.0,,68015.73361083367,49397.93022585297,62535.51211858187,62799.13165030851,65688.19842948466
store_90,2015-03-09,2015-02-23,48509.0,50245.0,57823.416666666664,49976.117117117115,48423.4721563266,56008.80274491194,46599.0,,48423.4721563266,44153.686955003184,50343.75830041284,49700.23775433383,48789.63111135828
store_90,2015-03-16,2015-02-23,65788.0,50245.0,57823.416666666664,49841.67567567567,65964.28108573818,56008.80274491194,59543.0,,65964.28108573818,48489.45373899892,60505.36127688337,60990.97919515794,63379.07781361278
store_90,2015-03-23,2015-02-23,50135.0,50245.0,57823.416666666664,49707.23423423423,49010.69006495143,56008.80274491194,45891.0,,49010.69006495143,44098.02053010918,50303.49760328779,49847.91960340565,49005.572356496574
store_90,2015-03-30,2015-02-23,62743.0,50245.0,57823.416666666664,49572.792792792796,57867.49249379603,56008.80274491194,63261.0,,57867.49249379603,47825.500671166774,59045.76507956932,57547.473937010494,58958.65002656146
store_90,2015-04-06,2015-02-23,43764.0,50245.0,57823.416666666664,49438.35135135135,43652.93401020517,56008.80274491194,48221.0,,43652.93401020517,43627.07211044787,49294.24558503903,47538.59595637934,46049.41929022209
store_90,2015-04-13,2015-02-23,68239.0,50245.0,57823.416666666664,49303.90990990991,67233.06058558075,56008.80274491194,62050.0,,67233.06058558075,48952.02712958132,61763.954443497554,62059.67200995783,64809.359735917795
store_90,2015-04-20,2015-02-23,48278.0,50245.0,57823.416666666664,49169.46846846847,48767.08443465792,56008.80274491194,39924.0,,48767.08443465792,43133.96747352928,48233.29572652328,48581.67139633095,47421.35018235781
store_90,2015-03-30,2015-03-23,62743.0,50135.0,57354.666666666664,50004.27826086956,58498.18831816688,56062.40083800444,63261.0,,58498.18831816688,47902.219154815364,59273.8630520571,57858.25073593156,59377.782291756695
store_90,2015-04-06,2015-03-23,43764.0,50135.0,57354.666666666664,49873.556521739134,44069.29738742241,56062.40083800444,48221.0,,44069.29738742241,43673.70305911895,49450.89940847561,47740.80847155793,46328.04094399078
store_90,2015-04-13,2015-03-23,68239.0,50135.0,57354.666666666664,49742.8347826087,67450.94512449249,56062.40083800444,62050.0,,67450.94512449249,48970.83534453889,61854.44865416564,62161.37049156217,64957.86397957941
store_90,2015-04-20,2015-03-23,48278.0,50135.0,57354.666666666664,49612.11304347826,48951.00127689906,56062.40083800444,39924.0,,48951.00127689906,43148.45454643549,48312.4673716345,48666.39239798155,47547.58611391213
store_90,2015-04-27,2015-03-23,60189.0,50135.0,57354.666666666664,49481.391304347824,58348.34858556658,56062.40083800444,60439.0,,58348.34858556658,47402.97248494079,58283.249807857006,57222.257608508284,58605.84636014301
store_90,2015-05-04,2015-03-23,67609.0,50135.0,57354.666666666664,49350.669565217395,67318.58451229923,56062.40083800444,65653.0,,67318.58451229923,49410.61736888396,63011.328450101224,62731.852623107436,65731.2475326463
store_90,2015-05-11,2015-03-23,46361.0,50135.0,57354.666666666664,49219.94782608696,45339.75076392053,56062.40083800444,46676.0,,45339.75076392053,43541.10944209694,49359.38386730832,48052.63907660422,46792.07339484832
store_90,2015-05-18,2015-03-23,66738.0,50135.0,57354.666666666664,49089.22608695652,64584.77951570216,56062.40083800444,61525.0,,64584.77951570216,48393.010443904255,60724.06011790219,60561.29498738527,62953.547660907
store_90,2015-04-27,2015-04-20,60189.0,48278.0,56759.583333333336,48136.06722689076,58256.57094985624,56062.27820146103,60439.0,,58256.57094985624,46847.35710164876,58252.616383772416,56894.53625233179,58545.66643855015
store_90,2015-05-04,2015-04-20,67609.0,48278.0,56759.583333333336,47994.13445378151,67342.05858895957,56062.27820146103,65653.0,,67342.05858895957,48869.864939647916,63019.11226347353,62461.83817715853,65746.62354664892
store_90,2015-05-11,2015-04-20,46361.0,48278.0,56759.583333333336,47852.20168067227,45438.49472118518,56062.27820146103,46676.0,,45438.49472118518,43009.50827666454,49392.25764088207,47820.029302384006,46856.79432645988
store_90,2015-05-18,2015-04-20,66738.0,48278.0,56759.583333333336,47710.268907563026,64806.42362612361,56062.27820146103,61525.0,,64806.42362612361,47877.364866925855,60797.900609194876,60390.27589915089,63098.838641028764
store_90,2015-05-25,2015-04-20,45287.0,48278.0,56759.583333333336,47568.336134453784,44214.02246986508,56062.27820146103,44833.0,,44214.02246986508,42530.74573415903,48369.766890442035,46836.78930612858,45614.07787689826
store_90,2015-06-01,2015-04-20,63182.0,48278.0,56759.583333333336,47426.403361344535,60458.244438587586,56062.27820146103,70058.0,,60458.244438587586,48434.64419067521,62192.8408800162,59739.54035724445,62285.39900417057
store_90,2015-06-08,2015-04-20,52762.0,48278.0,56759.583333333336,47284.470588235294,51108.421706847,56062.27820146103,44130.0,,51108.421706847,43374.6791185538,50433.566636102674,50187.00689952748,49966.03192796049
store_90,2015-06-15,2015-04-20,68730.0,48278.0,56759.583333333336,47142.53781512605,66377.89937171726,56062.27820146103,60183.0,,66377.89937171726,47829.04267451966,60874.39252439276,60898.75286895989,63808.67612841207
store_90,2015-05-25,2015-05-18,45287.0,66738.0,57909.583333333336,66750.76422764227,45312.91907164923,56182.936323549744,44833.0,,45312.91907164923,48246.743279453505,48776.28513173299,50243.46747359866,46347.237847579796
store_90,2015-06-01,2015-05-18,63182.0,66738.0,57909.583333333336,66763.52845528456,61607.152808791696,56182.936323549744,70058.0,,61607.152808791696,54179.88584585133,62616.02971078047,63182.87855841995,63051.34535065537
store_90,2015-06-08,2015-05-18,52762.0,66738.0,57909.583333333336,66776.29268292683,52212.89957125389,56182.936323549744,44130.0,,52212.89957125389,49135.67313015197,50841.94529826788,53619.04861288783,50702.85082492252
store_90,2015-06-15,2015-05-18,68730.0,66738.0,57909.583333333336,66789.05691056911,67626.97780847401,56182.936323549744,60183.0,,67626.97780847401,53632.79348227517,61330.97137734125,64415.485543371164,64640.29128745824
store_90,2015-06-22,2015-05-18,51722.0,66738.0,57909.583333333336,66801.82113821138,50201.37385878354,56182.936323549744,48953.0,,50201.37385878354,49540.95923626828,51779.10339411109,53491.328151731854,50535.55854398113
store_90,2015-06-29,2015-05-18,72866.0,66738.0,57909.583333333336,66814.58536585367,66044.54677413669,56182.936323549744,71357.0,,66044.54677413669,55006.664542410486,64528.16103256214,65680.05057869913,66270.4963707974
store_90,2015-07-06,2015-05-18,51551.0,66738.0,57909.583333333336,66827.34959349594,49746.281410555974,56182.936323549744,50096.0,,49746.281410555974,49642.87866584785,52008.405911368565,53473.45540458141,50510.08414227199
store_90,2015-07-13,2015-05-18,66924.0,66738.0,57909.583333333336,66840.1138211382,62695.68803304595,56182.936323549744,62770.0,,62695.68803304595,53305.188787295316,60549.541452198566,62393.53636628304,62025.07251660121
store_91,2015-02-02,2015-01-26,53251.0,52234.0,49429.583333333336,52297.46728971963,56320.0,49288.380760871565,54984.0,,56320.0,44936.20448341779,53577.86111111111,54035.53414706856,55070.29623706074
store_91,2015-02-09,2015-01-26,43816.0,52234.0,49429.583333333336,52360.93457943925,45056.0,49299.97298620514,41769.0,,45056.0,41449.92727128253,45418.194444444445,46498.17326598367,44780.743322456896
store_91,2015-02-16,2015-01-26,48763.0,52234.0,49429.583333333336,52424.40186915888,49152.0,49311.242309964815,51536.0,,49152.0,43441.03250177958,50039.19444444444,50187.82901694939,49804.4636664161
store_91,2015-02-23,2015-01-26,43915.0,52234.0,49429.583333333336,52487.86915887851,43008.0,49322.19772657775,42737.0,,43008.0,41316.950031255656,45058.194444444445,45778.05981074885,43780.9123935693
store_91,2015-03-02,2015-01-26,52838.0,52234.0,49429.583333333336,52551.33644859813,53248.0,49332.84797993125,53139.0,,53248.0,44276.395394551815,51938.86111111111,52337.21516577057,52718.604117936935
store_91,2015-03-09,2015-01-26,43112.0,52234.0,49429.583333333336,52614.80373831776,43008.0,49343.20157035149,41554.0,,43008.0,41169.084091714656,44663.86111111111,45566.74566363987,43475.224861384755
store_91,2015-03-16,2015-01-26,51302.0,52234.0,49429.583333333336,52678.27102803739,51200.0,49353.26676138801,47907.0,,51200.0,43257.44587467982,49512.19444444444,50442.34908372977,50116.69144809908
store_91,2015-03-23,2015-01-26,42486.0,52234.0,49429.583333333336,52741.73831775701,45056.0,49363.05158640905,41857.0,,45056.0,41525.91046249991,45447.527777777774,46553.26043110061,44803.48254716716
store_91,2015-03-02,2015-02-23,52838.0,43915.0,48278.75,43901.23423423423,53009.4406991571,49063.7596113073,53139.0,,53009.4406991571,41615.31207781409,51475.73023305237,50645.96832018022,52421.9375737788
store_91,2015-03-09,2015-02-23,43112.0,43915.0,48278.75,43887.46846846847,43450.10295648273,49071.03185808683,41554.0,,43450.10295648273,38593.76475471972,44427.61765216091,44173.21796790964,43593.98909321927
store_91,2015-03-16,2015-02-23,51302.0,43915.0,48278.75,43873.7027027027,52258.323606635444,49078.07671659838,47907.0,,52258.323606635444,40758.6932894195,49481.35786887848,49317.710679578646,50611.55560338384
store_91,2015-03-23,2015-02-23,42486.0,43915.0,48278.75,43859.93693693694,42151.75137262524,49084.90129680752,41857.0,,42151.75137262524,38449.619943767095,44095.83379087508,43648.641776509205,42879.85729689896
store_91,2015-03-30,2015-02-23,57611.0,43915.0,48278.75,43846.17117117117,58689.19583952673,49091.51248636579,53804.0,,58689.19583952673,42517.804213866235,53590.648613175574,53311.46671405328,56060.316910239875
store_91,2015-04-06,2015-02-23,38706.0,43915.0,48278.75,43832.40540540541,39738.80169635301,49097.91695756197,43526.0,,39738.80169635301,38341.26772276005,43847.850565451,42884.0198224916,41838.42405982758
store_91,2015-04-13,2015-02-23,51900.0,43915.0,48278.75,43818.63963963964,53767.605079182336,49104.121174055996,58884.0,,53767.605079182336,42538.302270411135,53643.45169306078,52070.47027857347,54369.18008178117
store_91,2015-04-20,2015-02-23,42062.0,43915.0,48278.75,43804.873873873876,43161.525877349835,49110.13139740244,39688.0,,43161.525877349835,38279.75444980373,43709.425292449945,43687.322128149266,42935.68599609507
store_91,2015-03-30,2015-03-23,57611.0,42486.0,47828.5,42460.28695652174,58880.0,47841.44249166797,53804.0,,58880.0,41900.032778312816,53504.16666666666,52993.069166399975,56117.66827602688
store_91,2015-04-06,2015-03-23,38706.0,42486.0,47828.5,42434.57391304348,40192.0,47778.90661778514,43526.0,,40192.0,37749.425790118374,43848.83333333333,42675.390340482874,42055.92328358879
store_91,2015-04-13,2015-03-23,51900.0,42486.0,47828.5,42408.860869565215,54272.0,47716.37074390232,58884.0,,54272.0,41942.247373352504,53661.5,51877.12343344463,54617.92630090683
store_91,2015-04-20,2015-03-23,42062.0,42486.0,47828.5,42383.147826086955,43776.0,47653.8348700195,39688.0,,43776.0,37687.92609944378,43764.166666666664,43535.62480526818,43251.617207110256
store_91,2015-04-27,2015-03-23,53647.0,42486.0,47828.5,42357.434782608696,54272.0,47591.29899613668,51883.0,,54272.0,40916.890539820764,51327.83333333333,50534.3984701226,52808.86593503703
store_91,2015-05-04,2015-03-23,56750.0,42486.0,47828.5,42331.72173913044,58112.0,47528.76312225385,58457.0,,58112.0,42391.997837340605,54799.16666666666,53489.919230763655,56851.268882319295
store_91,2015-05-11,2015-03-23,40247.0,42486.0,47828.5,42306.00869565218,42752.0,47466.227248371026,40447.0,,42752.0,37612.247992003315,43675.83333333333,43196.60905673047,42822.76181988603
store_91,2015-05-18,2015-03-23,50932.0,42486.0,47828.5,42280.29565217391,52224.0,47403.691374488204,51811.0,,52224.0,40576.2124323803,50621.166666666664,49579.741333714985,51540.29871411907
store_91,2015-04-27,2015-04-20,53647.0,42062.0,47480.166666666664,42033.58823529412,52224.0,47648.81933896379,51883.0,,52224.0,40475.93917727494,50529.055555555555,49526.134964721256,51513.17903135569
store_91,2015-05-04,2015-04-20,56750.0,42062.0,47480.166666666664,42005.17647058824,56320.0,47580.858361899576,58457.0,,56320.0,41986.45735702207,54085.72222222222,52595.45716498262,55711.82727872551
store_91,2015-05-11,2015-04-20,40247.0,42062.0,47480.166666666664,41976.76470588235,40960.0,47512.89738483536,40447.0,,40960.0,37205.546965340625,42962.38888888888,42301.39595014211,41683.320216292246
store_91,2015-05-18,2015-04-20,50932.0,42062.0,47480.166666666664,41948.35294117647,50688.0,47444.93640777115,51811.0,,50688.0,40204.92228794489,49993.055555555555,48798.329666746926,50557.102410612846
store_91,2015-05-25,2015-04-20,41970.0,42062.0,47480.166666666664,41919.94117647059,40960.0,47376.975430706945,43016.0,,40960.0,37545.01189626345,43818.72222222222,42770.18831693242,42347.15053766341
store_91,2015-06-01,2015-04-20,52932.0,42062.0,47480.166666666664,41891.529411764706,51200.0,47309.01445364273,57943.0,,51200.0,41126.53007601058,52207.72222222222,50171.230982269546,52454.10353264393
store_91,2015-06-08,2015-04-20,46941.0,42062.0,47480.166666666664,41863.117647058825,45056.0,47241.05347657852,41970.0,,45056.0,37953.19111290057,44835.38888888889,44386.96507553951,44576.7886453492
store_91,2015-06-15,2015-04-20,53727.0,42062.0,47480.166666666664,41834.705882352944,52736.0,47173.09249951431,49209.0,,52736.0,40070.7092926477,49808.38888888888,49186.00506435815,51134.70728067581
store_91,2015-05-25,2015-05-18,41970.0,50932.0,48466.083333333336,50976.62601626016,41363.52814432487,47727.277323512026,43016.0,,41363.52814432487,40354.502116775766,44281.870492552735,44608.960169044505,42722.855008316255
store_91,2015-06-01,2015-05-18,52932.0,50932.0,48466.083333333336,51021.25203252032,51887.763331908034,47704.12115362801,57943.0,,51887.763331908034,43993.459978769955,52765.615555080454,52147.70353860199,53003.28617587247
store_91,2015-06-08,2015-05-18,46941.0,50932.0,48466.083333333336,51065.87804878049,45281.15722393547,47680.964983744,41970.0,,45281.15722393547,40770.869084256185,45239.08018575627,46166.94879354661,44843.62742075543
store_91,2015-06-15,2015-05-18,53727.0,50932.0,48466.083333333336,51110.50406504065,52819.08624930732,47657.808813859985,49209.0,,52819.08624930732,42884.92606593447,50164.72319421355,50912.93000102743,51314.83542301756
store_91,2015-06-22,2015-05-18,38819.0,50932.0,48466.083333333336,51155.13008130081,39492.63226567654,47634.65264397597,45039.0,,39492.63226567654,40388.49976061238,44332.57186633663,44161.29799038444,42103.72890140278
store_91,2015-06-29,2015-05-18,55504.0,50932.0,48466.083333333336,51199.756097560974,52348.64075800008,47611.49647409195,53730.0,,52348.64075800008,43469.71095185519,51514.90803044447,51562.04235692192,52195.93458874109
store_91,2015-07-06,2015-05-18,47507.0,50932.0,48466.083333333336,51244.382113821135,46181.139902958064,47588.340304207944,41534.0,,46181.139902958064,40849.42080776006,45393.7410787638,46493.32022032649,45280.25420988001
store_91,2015-07-13,2015-05-18,55186.0,50932.0,48466.083333333336,51289.0081300813,52675.90718673554,47565.18413432393,49516.0,,52675.90718673554,42920.59754063916,50219.33017335629,50913.277212870344,51306.77737329383
store_92,2015-02-02,2015-01-26,37106.0,35474.0,35847.083333333336,35452.63551401869,37888.0,33348.61030853669,40061.0,,37888.0,31153.047022269813,37099.2034361789,37456.032207852986,38008.23180453773
store_92,2015-02-09,2015-01-26,27435.0,35474.0,35847.083333333336,35431.27102803739,27136.0,33348.61030853669,27943.0,,27136.0,27882.85209570106,29475.87010284556,29737.455355070946,28001.568631059192
store_92,2015-02-16,2015-01-26,35966.0,35474.0,35847.083333333336,35409.90654205607,36096.0,33348.61030853669,36087.0,,36096.0,30323.228597703725,35177.2034361789,35756.04678988092,35808.00009098514
store_92,2015-02-23,2015-01-26,28234.0,35474.0,35847.083333333336,35388.542056074766,27648.0,33348.61030853669,27134.0,,27648.0,27834.319385420684,29376.87010284556,29810.508694165557,28100.450279672357
store_92,2015-03-02,2015-01-26,37858.0,35474.0,35847.083333333336,35367.17757009346,37632.0,33348.61030853669,38770.0,,37632.0,30919.83874456621,36583.536769512226,37055.26169434709,37496.85512731134
store_92,2015-03-09,2015-01-26,27578.0,35474.0,35847.083333333336,35345.81308411215,26880.0,33348.61030853669,25702.0,,26880.0,27513.929532283168,28643.53676951223,29137.082640634024,27231.366203155234
store_92,2015-03-16,2015-01-26,36824.0,35474.0,35847.083333333336,35324.44859813084,35328.0,33348.61030853669,37140.0,,35328.0,30351.734605714406,35272.2034361789,35601.53549559228,35615.94968860881
store_92,2015-03-23,2015-01-26,26925.0,35474.0,35847.083333333336,35303.08411214953,25856.0,33348.61030853669,25636.0,,25856.0,27352.11110771708,28280.203436178897,28627.547067217034,26574.80020683309
store_92,2015-03-02,2015-02-23,37858.0,28234.0,34044.333333333336,28148.18018018018,37504.0,33303.1559293571,38770.0,,37504.0,28571.952777552942,36525.71864311903,35761.65631399093,37412.307808459824
store_92,2015-03-09,2015-02-23,27578.0,28234.0,34044.333333333336,28062.36036036036,27008.0,33303.1559293571,25702.0,,27008.0,25193.407089007254,28671.051976452363,27961.76274608843,27306.464988767217
store_92,2015-03-16,2015-02-23,36824.0,28234.0,34044.333333333336,27976.54054054054,35200.0,33303.1559293571,37140.0,,35200.0,27985.432829032994,35214.3853097857,34298.2681387247,35531.40236975729
store_92,2015-03-23,2015-02-23,26925.0,28234.0,34044.333333333336,27890.72072072072,25984.0,33303.1559293571,25636.0,,25984.0,25013.17285477302,28307.718643119028,27442.56519616002,26649.898992445073
store_92,2015-03-30,2015-02-23,43245.0,28234.0,34044.333333333336,27804.900900900902,40832.0,33303.1559293571,38287.0,,40832.0,28929.34145194162,37474.05197645236,37234.95940897138,39356.11470587772
store_92,2015-04-06,2015-02-23,23482.0,28234.0,34044.333333333336,27719.08108108108,25216.0,33303.1559293571,29126.0,,25216.0,25377.510049110213,29215.051976452363,27793.62667451969,27121.80475259637
store_92,2015-04-13,2015-02-23,39537.0,28234.0,34044.333333333336,27633.26126126126,37632.0,33303.1559293571,41885.0,,37632.0,28961.67864627881,37606.718643119035,36439.106002333596,38340.80687475539
store_92,2015-04-20,2015-02-23,26308.0,28234.0,34044.333333333336,27547.441441441442,25728.0,33303.1559293571,22491.0,,25728.0,24478.275814875982,27174.051976452363,26632.9312764459,25633.40342915951
store_92,2015-03-30,2015-03-23,43245.0,26925.0,32556.75,26830.782608695652,40448.0,33274.428138754054,38287.0,,40448.0,28331.7086782071,37336.47604625135,36759.548128259055,39113.65974793174
store_92,2015-04-06,2015-03-23,23482.0,26925.0,32556.75,26736.565217391304,25088.0,33274.428138754054,29126.0,,25088.0,24815.24905087791,29162.809379584683,27440.702461945504,27038.995899113885
store_92,2015-04-13,2015-03-23,39537.0,26925.0,32556.75,26642.347826086956,37376.0,33274.428138754054,41885.0,,37376.0,28379.932280691573,37511.80937958468,36023.994146798126,38178.17496904115
store_92,2015-04-20,2015-03-23,26308.0,26925.0,32556.75,26548.130434782608,25600.0,33274.428138754054,22491.0,,25600.0,23913.615510505235,27121.809379584683,26278.748252015434,25550.594575677027
store_92,2015-04-27,2015-03-23,34759.0,26925.0,32556.75,26453.91304347826,34304.0,33274.428138754054,36691.0,,34304.0,27172.155883176045,34756.47604625135,33441.17432261557,34847.32597966932
store_92,2015-05-04,2015-03-23,38987.0,26925.0,32556.75,26359.695652173912,40448.0,33274.428138754054,41770.0,,40448.0,28761.981970132565,38497.47604625135,37456.04441603521,40062.59668436329
store_92,2015-05-11,2015-03-23,26328.0,26925.0,32556.75,26265.478260869564,26112.0,33274.428138754054,25754.0,,26112.0,24412.52234280337,28380.142712918016,27189.37718558449,26758.885126141835
store_92,2015-05-18,2015-03-23,37289.0,26925.0,32556.75,26171.260869565216,37376.0,33274.428138754054,35128.0,,37376.0,27347.348429759895,35259.47604625135,34568.988816117795,36337.242761327114
store_92,2015-04-27,2015-04-20,34759.0,26308.0,32541.5,26211.764705882353,34742.70422116143,33275.032111024906,36691.0,,34742.70422116143,27110.000148295527,34902.91211072878,33586.34015397724,35120.972424634754
store_92,2015-05-04,2015-04-20,38987.0,26308.0,32541.5,26115.529411764706,40106.419399120976,33275.032111024906,41770.0,,40106.419399120976,28588.068703130084,38383.81717004863,37225.801519073924,39849.643784755455
store_92,2015-05-11,2015-04-20,26328.0,26308.0,32541.5,26019.29411764706,26351.815651255405,33275.032111024906,25754.0,,26351.815651255405,24321.377411418194,28460.28258742677,27238.590297234583,26908.501159358
store_92,2015-05-18,2015-04-20,37289.0,26308.0,32541.5,25923.058823529413,38403.26008283225,33275.032111024906,35128.0,,38403.26008283225,27368.40728819808,35602.097397952384,34996.75139474147,36977.92299760078
store_92,2015-05-25,2015-04-20,25518.0,26308.0,32541.5,25826.823529411766,24549.305374849835,33275.032111024906,26921.0,,24549.305374849835,24203.094430755213,28248.445828624914,26602.49003055245,26102.371035908247
store_92,2015-06-01,2015-04-20,36017.0,26308.0,32541.5,25730.58823529412,34146.59846046038,33275.032111024906,39860.0,,34146.59846046038,27408.816972397057,35760.543523828426,33929.42503901465,35612.61859807521
store_92,2015-06-08,2015-04-20,28718.0,26308.0,32541.5,25634.352941176472,27911.80835617012,33275.032111024906,25829.0,,27911.80835617012,24499.956201195928,29005.280155731674,27975.734165801743,27901.773670984527
store_92,2015-06-15,2015-04-20,37651.0,26308.0,32541.5,25538.117647058825,36657.5217836363,33275.032111024906,34911.0,,36657.5217836363,27033.024505960002,34947.8512982204,34082.73937560392,35830.12862656029
store_92,2015-05-25,2015-05-18,25518.0,37289.0,33260.0,37285.170731707316,24267.540968754995,33309.131436258685,26921.0,,24267.540968754995,27475.97759096014,28165.890801671223,28212.844071433596,25930.201882116366
store_92,2015-06-01,2015-05-18,36017.0,37289.0,33260.0,37281.34146341463,33874.87989703595,33309.131436258685,39860.0,,33874.87989703595,30696.33611381561,35681.33711109821,35551.53628305759,35446.71420853484
store_92,2015-06-08,2015-05-18,28718.0,37289.0,33260.0,37277.51219512195,27859.204351695662,33309.131436258685,25829.0,,27859.204351695662,27831.978283296616,28999.11192931811,29710.148719201417,27872.51297584884
store_92,2015-06-15,2015-05-18,37651.0,37289.0,33260.0,37273.68292682927,36548.07361879613,33309.131436258685,34911.0,,36548.07361879613,30370.12685455487,34922.7350183516,35796.74214261817,35765.41891281568
store_92,2015-06-22,2015-05-18,26714.0,37289.0,33260.0,37269.85365853659,26234.66535939006,33309.131436258685,26911.0,,26234.66535939006,27753.37863631219,28818.26559854958,29155.63175957337,27154.210783186663
store_92,2015-06-29,2015-05-18,40550.0,37289.0,33260.0,37266.0243902439,38834.81204151466,33309.131436258685,40796.0,,38834.81204151466,31536.423981145323,37646.64782592445,38132.398000447116,38794.82664307526
store_92,2015-07-06,2015-05-18,28503.0,37289.0,33260.0,37262.19512195122,28384.538528465542,33309.131436258685,30428.0,,28384.538528465542,28561.837869525065,30707.22332157474,30927.93112027989,29453.10969346991
store_92,2015-07-13,2015-05-18,37758.0,37289.0,33260.0,37258.365853658535,37476.77136608343,33309.131436258685,37095.0,,37476.77136608343,30812.609808000092,35960.300934114035,36701.101849769206,36939.5979473813
store_93,2015-02-02,2015-01-26,47012.0,47299.0,45810.5,47327.35514018692,47053.33316989887,41642.60005380186,48565.0,,47053.33316989887,39671.11262341252,45753.64440790024,46620.053150897606,46578.20385532289
store_93,2015-02-09,2015-01-26,41623.0,47299.0,45810.5,47355.71028037383,42969.5992120256,41642.60005380186,36281.0,,42969.5992120256,37336.915649457325,40297.73308860915,42851.622164775996,41452.10521223357
store_93,2015-02-16,2015-01-26,43916.0,47299.0,45810.5,47384.06542056075,42880.34586818035,41642.60005380186,44767.0,,42880.34586818035,38540.50162036328,43096.64864066074,44049.50421032436,43077.44690143283
store_93,2015-02-23,2015-01-26,40152.0,47299.0,45810.5,47412.42056074766,40023.96111669486,41642.60005380186,38350.0,,40023.96111669486,37219.78310446348,40005.52039016557,41731.87455624656,39923.636063166974
store_93,2015-03-02,2015-01-26,48087.0,47299.0,45810.5,47440.77570093458,48376.14287011684,41642.60005380186,44212.0,,48376.14287011684,39254.4312321219,44743.58097463957,46634.30352632863,46585.11368654077
store_93,2015-03-09,2015-01-26,38745.0,47299.0,45810.5,47469.13084112149,38428.40714839072,41642.60005380186,36590.0,,38428.40714839072,36748.519720473436,38887.00240073086,40706.91184622989,38524.02197873889
store_93,2015-03-16,2015-01-26,48301.0,47299.0,45810.5,47497.48598130841,47748.831053518625,41642.60005380186,43776.0,,47748.831053518625,39110.631012661266,44389.14370244016,46271.47492850478,46085.635965232665
store_93,2015-03-23,2015-01-26,39453.0,47299.0,45810.5,47525.84112149533,38796.61191030707,41642.60005380186,35496.0,,38796.61191030707,36652.936155086325,38645.07065470298,40730.08672589276,38549.29560308473
store_93,2015-03-02,2015-02-23,48087.0,40152.0,43785.25,40114.94594594595,48377.88032043232,41691.57348005827,44212.0,,48377.88032043232,36904.80710663379,44760.48460016353,45255.7977394467,46593.273239976916
store_93,2015-03-09,2015-02-23,38745.0,40152.0,43785.25,40077.89189189189,38391.01766127993,41691.57348005827,36590.0,,38391.01766127993,34383.96186189001,38890.8637137794,39304.172687574675,38506.42479189539
store_93,2015-03-16,2015-02-23,48301.0,40152.0,43785.25,40040.83783783784,47757.104415549504,41691.57348005827,43776.0,,47757.104415549504,36743.252247635086,44408.22596520259,44885.56025162641,46098.098022049286
store_93,2015-03-23,2015-02-23,39453.0,40152.0,43785.25,40003.78378378379,38755.386127189406,41691.57348005827,35496.0,,38755.386127189406,34269.141913004496,38647.653202415895,39314.91613145004,38529.17303382225
store_93,2015-03-30,2015-02-23,48432.0,40152.0,43785.25,39966.72972972973,47297.62964842195,41691.57348005827,49269.0,,47297.62964842195,37451.7404083157,46086.06770949341,45458.961371590085,46885.74966482702
store_93,2015-04-06,2015-02-23,34383.0,40152.0,43785.25,39929.67567567567,32614.462317547444,41691.57348005827,39447.0,,32614.462317547444,33945.70878189734,37917.67859920191,36912.077440528934,35270.78380691809
store_93,2015-04-13,2015-02-23,47054.0,40152.0,43785.25,39892.62162162162,46596.523375985984,41691.57348005827,43652.0,,46596.523375985984,36538.56692538084,43980.03228534808,44293.48892128072,45309.494505873314
store_93,2015-04-20,2015-02-23,36920.0,40152.0,43785.25,39855.56756756757,35907.91404174869,41691.57348005827,30286.0,,35907.91404174869,33096.9007270535,35961.82917393565,37163.531516413575,35620.76544291306
store_93,2015-03-30,2015-03-23,48432.0,39453.0,43591.333333333336,39411.15652173913,47292.97831747276,43774.07248550038,49269.0,,47292.97831747276,37541.64866543509,46778.68360099105,45554.18047527145,47181.021462907716
store_93,2015-04-06,2015-03-23,34383.0,39453.0,43591.333333333336,39369.31304347826,32623.632650146224,43808.943926622174,39447.0,,32623.632650146224,34041.88899336857,38626.525525589466,37017.27703148612,35580.149818741935
store_93,2015-04-13,2015-03-23,47054.0,39453.0,43591.333333333336,39327.46956521739,46604.39998804823,43843.81536774397,43652.0,,46604.39998804823,36638.85975062042,44700.07178526407,44401.349660107226,45623.00447599735
store_93,2015-04-20,2015-03-23,36920.0,39453.0,43591.333333333336,39285.62608695652,35933.541400927825,43878.686808865765,30286.0,,35933.541400927825,33204.02680429763,36699.40940326453,37283.27532706398,35950.95609001193
store_93,2015-04-27,2015-03-23,45768.0,39453.0,43591.333333333336,39243.782608695656,43431.74953525204,43913.55824998756,45491.0,,43431.74953525204,36446.346246752655,44278.769261746536,43134.10100944855,43909.44248329209
store_93,2015-05-04,2015-03-23,50807.0,39453.0,43591.333333333336,39201.93913043478,48630.660332747284,43948.429691109355,47433.0,,48630.660332747284,37465.480355374966,46670.69667461888,45935.36647865124,47722.21279147573
store_93,2015-05-11,2015-03-23,36463.0,39453.0,43591.333333333336,39160.09565217391,35530.113419220346,43983.30113223115,35811.0,,35530.113419220346,33932.691933851245,38441.471517150494,37895.35531176909,36796.83996055306
store_93,2015-05-18,2015-03-23,51207.0,39453.0,43591.333333333336,39118.252173913046,48346.98388448941,44018.172573352946,46686.0,,48346.98388448941,37316.248852155535,46350.38548594745,45689.537626949364,47397.21708182576
store_93,2015-04-27,2015-04-20,45768.0,36920.0,42839.833333333336,36858.27731092437,43910.32074503,41758.48850358322,45491.0,,43910.32074503,35396.84569898156,43719.93641620441,42661.67386263872,43915.74950456887
store_93,2015-05-04,2015-04-20,50807.0,36920.0,42839.833333333336,36796.554621848736,48790.88998741061,41758.48850358322,47433.0,,48790.88998741061,36362.68092088227,45994.12616366461,45303.50692042141,47513.96422193766
store_93,2015-05-11,2015-04-20,36463.0,36920.0,42839.833333333336,36734.83193277311,35818.37680739592,41758.48850358322,35811.0,,35818.37680739592,32840.36151101223,37795.95510365971,37320.21214931262,36667.87869035938
store_93,2015-05-18,2015-04-20,51207.0,36920.0,42839.833333333336,36673.10924369748,48344.61545996528,41758.48850358322,46686.0,,48344.61545996528,36174.57807722561,45596.3679878495,44968.379972754425,47071.94117412318
store_93,2015-05-25,2015-04-20,38256.0,36920.0,42839.833333333336,36611.38655462185,37274.001753108336,41758.48850358322,35990.0,,37274.001753108336,33056.2443063781,38340.83008556385,38041.224122332875,37661.62073833264
store_93,2015-06-01,2015-04-20,46950.0,36920.0,42839.833333333336,36549.663865546216,45281.104755621396,41758.48850358322,50297.0,,45281.104755621396,36235.15577972631,45778.86441973487,44002.09852827576,45771.896914494995
store_93,2015-06-08,2015-04-20,41180.0,36920.0,42839.833333333336,36487.94117647059,38722.58459394154,41758.48850358322,33724.0,,38722.58459394154,32921.83537247552,38068.357699174914,38401.89832628585,38165.50261603194
store_93,2015-06-15,2015-04-20,50160.0,36920.0,42839.833333333336,36426.21848739496,47927.03119031109,41758.48850358322,41760.0,,47927.03119031109,35375.93878780323,43815.173231298104,44027.10609633065,45819.45772476373
store_93,2015-05-25,2015-05-18,38256.0,51207.0,43801.666666666664,51263.439024390245,38755.29937588156,44055.74192095411,35990.0,,38755.29937588156,37867.592426841795,39600.34709894522,41455.68813374418,38965.83807554717
store_93,2015-06-01,2015-05-18,46950.0,51207.0,43801.666666666664,51319.87804878049,47061.0978978615,44090.552056501925,50297.0,,47061.0978978615,41111.02780997294,47149.54998478781,47574.41924185654,47277.728337187975
store_93,2015-06-08,2015-05-18,41180.0,51207.0,43801.666666666664,51376.31707317073,40633.95148567911,44125.36219204973,33724.0,,40633.95148567911,37838.32820250946,39494.43789257627,42051.05333349816,39762.80243799028
store_93,2015-06-15,2015-05-18,50160.0,51207.0,43801.666666666664,51432.756097560974,49976.41301113249,44160.172327597546,41760.0,,49976.41301113249,40334.00115756538,45298.86177957668,47756.31126302218,47512.597745801286
store_93,2015-06-22,2015-05-18,40030.0,51207.0,43801.666666666664,51489.19512195122,40112.661039630155,44194.98246314536,37161.0,,40112.661039630155,38280.92932734191,40489.547834258505,42316.83113571002,40111.710136548136
store_93,2015-06-29,2015-05-18,50892.0,51207.0,43801.666666666664,51545.634146341465,47529.93149996469,44229.79259869317,50252.0,,47529.93149996469,41223.71784452371,47337.241366219285,47827.794309264966,47597.371982888486
store_93,2015-07-06,2015-05-18,40391.0,51207.0,43801.666666666664,51602.07317073171,40841.312245306064,44264.60273424099,37575.0,,40841.312245306064,38470.23640242077,40893.638326515684,42746.56380956085,40683.505825854816
store_93,2015-07-13,2015-05-18,46126.0,51207.0,43801.666666666664,51658.51219512195,46357.0279963545,44299.41286978879,43171.0,,46357.0279963545,40070.659961133126,44609.1469553811,46242.59448705877,45429.973337490905
store_94,2015-02-02,2015-01-26,50678.0,47176.0,49528.916666666664,47159.97196261682,53754.510475844836,48373.31124221547,55308.0,,53754.510475844836,43042.95862104911,52478.607239353434,52498.05971897121,53694.009915552095
store_94,2015-02-09,2015-01-26,35355.0,47176.0,49528.916666666664,47143.943925233645,37005.07733013488,48432.63435842311,33344.0,,37005.07733013488,37518.653182922615,39593.90389618599,39314.029023648276,37034.48377634796
store_94,2015-02-16,2015-01-26,48577.0,47176.0,49528.916666666664,47127.91588785047,49887.4059120429,48491.95747463073,49213.0,,49887.4059120429,41632.17084874154,49197.454462224545,49237.966342286265,49576.951948238624
store_94,2015-02-23,2015-01-26,35502.0,47176.0,49528.916666666664,47111.88785046729,35483.378345665325,48551.28059083837,35148.0,,35483.378345665325,37571.35192194823,39727.55297883456,38944.90405300633,36570.79952392876
store_94,2015-03-02,2015-01-26,53483.0,47176.0,49528.916666666664,47095.85981308411,54198.47372067425,48610.603707046,56204.0,,54198.47372067425,43259.121986781574,53004.35914257341,52928.084398065985,54243.01305868737
store_94,2015-03-09,2015-01-26,38028.0,47176.0,49528.916666666664,47079.831775700935,37348.825745651025,48669.926823253634,33268.0,,37348.825745651025,37581.64300161032,39762.25085630155,39483.14547656991,37253.77205525015
store_94,2015-03-16,2015-01-26,50297.0,47176.0,49528.916666666664,47063.80373831776,50620.709778428216,48729.24993946126,51480.0,,50620.709778428216,42085.52573183912,50276.65323929649,50110.4956374441,50685.15689021229
store_94,2015-03-23,2015-01-26,36085.0,47176.0,49528.916666666664,47047.77570093458,37552.52885342999,48788.573055668894,38880.0,,37552.52885342999,38424.8277538143,41740.36730303296,40807.087530752746,38929.64994855338
store_94,2015-03-02,2015-02-23,53483.0,35502.0,45963.916666666664,35381.37837837838,53630.00788894761,44977.60697165167,56204.0,,53630.00788894761,38808.415700806334,51603.87162019976,50513.444586164835,53553.56454740309
store_94,2015-03-09,2015-02-23,38028.0,35502.0,45963.916666666664,35260.75675675676,37078.18569070608,44977.60697165167,33268.0,,37078.18569070608,33150.06658368302,38441.26422078592,37206.99711134533,36748.42895619186
store_94,2015-03-16,2015-02-23,50297.0,35502.0,45963.916666666664,35140.13513513513,50108.3331513461,44977.60697165167,51480.0,,50108.3331513461,37595.99884639994,48855.31337433259,47701.230682007736,50020.68277760388
store_94,2015-03-23,2015-02-23,36085.0,35502.0,45963.916666666664,35019.51351351351,37017.24255121095,44977.60697165167,38880.0,,37017.24255121095,33908.61138614897,40291.61650762087,38374.86034267179,38245.24905363992
store_94,2015-03-30,2015-02-23,60885.0,35502.0,45963.916666666664,34898.89189189189,58725.04486325978,44977.60697165167,56385.0,,58725.04486325978,39493.208627638574,53362.550611637154,53084.21974502205,56844.24040918437
store_94,2015-04-06,2015-02-23,31675.0,35502.0,45963.916666666664,34778.27027027027,28398.81947824222,44977.60697165167,38171.0,,28398.81947824222,32541.659055261545,37182.47548329797,33866.3601630345,32568.736907659055
store_94,2015-04-13,2015-02-23,54231.0,35502.0,45963.916666666664,34657.64864864865,55441.99227488294,44977.60697165167,57020.0,,55441.99227488294,39080.45208026427,52479.86641551153,51552.477922402955,54929.51642885403
store_94,2015-04-20,2015-02-23,34949.0,35502.0,45963.916666666664,34537.02702702703,36226.17603132814,44977.60697165167,29282.0,,36226.17603132814,32355.532385239072,36828.594334326604,35865.264506508815,35115.76002661752
store_94,2015-03-30,2015-03-23,60885.0,36085.0,44310.666666666664,35973.64347826087,58750.84409201353,44969.9296066082,56385.0,,58750.84409201353,39496.44054907846,53368.59123287391,53094.97888907779,56859.959522625126
store_94,2015-04-06,2015-03-23,31675.0,36085.0,44310.666666666664,35862.28695652174,28336.421625035997,44969.9296066082,38171.0,,28336.421625035997,32533.614979261798,37159.11707721473,33833.35939377557,32528.35045473388
store_94,2015-04-13,2015-03-23,54231.0,36085.0,44310.666666666664,35750.93043478261,55421.65786072794,44969.9296066082,57020.0,,55421.65786072794,39079.74065268363,52470.529155778706,51541.288539359055,54915.8881522633
store_94,2015-04-20,2015-03-23,34949.0,36085.0,44310.666666666664,35639.57391304348,36268.29335034183,44969.9296066082,29282.0,,36268.29335034183,32365.06621952288,36840.074318983345,35886.14968788696,35141.85970680379
store_94,2015-04-27,2015-03-23,50301.0,36085.0,44310.666666666664,35528.217391304344,49046.045444685886,44969.9296066082,53020.0,,49046.045444685886,37565.69415846644,49011.991683764696,47450.480869313214,49765.61165343623
store_94,2015-05-04,2015-03-23,53013.0,36085.0,44310.666666666664,35416.860869565215,52300.1057302214,44969.9296066082,54415.0,,52300.1057302214,38213.9375532945,50561.67844560987,49382.920885947424,52217.35302651201
store_94,2015-05-11,2015-03-23,33166.0,36085.0,44310.666666666664,35305.504347826085,33241.91503231074,44969.9296066082,35037.0,,33241.91503231074,32707.145093344527,37749.614879639645,35585.833317843266,34791.380583806706
store_94,2015-05-18,2015-03-23,51020.0,36085.0,44310.666666666664,35194.147826086955,51587.782290783696,44969.9296066082,49814.0,,51587.782290783696,37423.07519859222,48790.57063246396,48012.80156485637,50505.26398062063
store_94,2015-04-27,2015-04-20,50301.0,34949.0,44145.416666666664,34831.84033613445,49575.161397760734,44975.78511276025,53020.0,,49575.161397760734,37356.74335904601,49190.315503506994,47578.6440499811,50102.731098635915
store_94,2015-05-04,2015-04-20,53013.0,34949.0,44145.416666666664,34714.68067226891,52741.56293969306,44975.78511276025,54415.0,,52741.56293969306,37991.635055912695,50710.7826841511,49466.558761637025,52498.70936314292
store_94,2015-05-11,2015-04-20,33166.0,34949.0,44145.416666666664,34597.52100840336,33629.7462412566,44975.78511276025,35037.0,,33629.7462412566,32476.35271844098,37880.84378467228,35642.07748892606,35038.62335268029
store_94,2015-05-18,2015-04-20,51020.0,34949.0,44145.416666666664,34480.361344537814,51845.87992648703,44975.78511276025,49814.0,,51845.87992648703,37172.92043577882,48878.55501308243,48003.34055822949,50669.978218598466
store_94,2015-05-25,2015-04-20,35758.0,34949.0,44145.416666666664,34363.20168067227,34160.707530160544,44975.78511276025,34144.0,,34160.707530160544,32391.158712894245,37760.16421430693,35699.883456489006,35132.040410906535
store_94,2015-06-01,2015-04-20,51610.0,34949.0,44145.416666666664,34246.04201680672,49685.56386014712,44975.78511276025,56147.0,,49685.56386014712,37735.54395091154,50269.449657635785,48270.99937693284,51028.590458048224
store_94,2015-06-08,2015-04-20,36785.0,34949.0,44145.416666666664,34128.882352941175,38400.18158443322,44975.78511276025,33888.0,,38400.18158443322,32926.75224525733,39087.98889906449,37762.42807525208,37758.88518775386
store_94,2015-06-15,2015-04-20,55712.0,34949.0,44145.416666666664,34011.72268907563,52962.05367748117,44975.78511276025,49945.0,,52962.05367748117,37284.13973514053,49294.27959674713,48561.3386157228,51415.86439107233
store_94,2015-05-25,2015-05-18,35758.0,51020.0,45594.416666666664,51037.30894308943,34164.50760086794,45043.68191967038,34144.0,,34164.50760086794,37286.27359004206,37784.06317351277,38074.2607815656,35140.58448832107
store_94,2015-06-01,2015-05-18,51610.0,51020.0,45594.416666666664,51054.617886178865,49622.6813772187,45043.68191967038,56147.0,,49622.6813772187,42640.342549962086,50271.12109896302,50621.058310319946,50994.71519056694
store_94,2015-06-08,2015-05-18,36785.0,51020.0,45594.416666666664,51071.92682926829,38481.00296484422,45043.68191967038,33888.0,,38481.00296484422,37871.28976863565,39137.561628171534,40194.074156535826,37816.425491654976
store_94,2015-06-15,2015-05-18,55712.0,51020.0,45594.416666666664,51089.23577235772,53050.6714968941,45043.68191967038,49945.0,,53050.6714968941,42249.00083651269,49346.45113885483,51006.15797429711,51478.364310599274
store_94,2015-06-22,2015-05-18,36509.0,51020.0,45594.416666666664,51106.544715447155,36744.006810107734,45043.68191967038,36093.0,,36744.006810107734,37943.09287312742,39293.56290992604,39799.511727613135,37314.80026875579
store_94,2015-06-29,2015-05-18,57973.0,51020.0,45594.416666666664,51123.85365853659,55572.6746122252,45043.68191967038,55827.0,,55572.6746122252,43454.51812244269,52147.78551063186,53551.674802417656,54692.17515228498
store_94,2015-07-06,2015-05-18,39249.0,51020.0,45594.416666666664,51141.16260162602,39006.007418385096,45043.68191967038,38840.0,,39006.007418385096,38663.60980090688,40963.22977935182,41535.343679021425,39505.396384281
store_94,2015-07-13,2015-05-18,54565.0,51020.0,45594.416666666664,51158.471544715445,54053.839190473496,45043.68191967038,52643.0,,54053.839190473496,42787.62990307514,50580.17370338128,52100.08259352965,52854.76057730795
store_95,2015-02-02,2015-01-26,37247.0,33025.0,35970.583333333336,32969.14953271028,36642.94820777507,32745.7547411285,43071.0,,36642.94820777507,30632.06225927817,37486.567649634526,36361.326562887494,37191.85683838801
store_95,2015-02-09,2015-01-26,28006.0,33025.0,35970.583333333336,32913.299065420564,28997.563676624486,32745.7547411285,31333.0,,28997.563676624486,27855.02868807241,31025.439472584327,30940.400294558123,29880.923865429013
store_95,2015-02-16,2015-01-26,31920.0,33025.0,35970.583333333336,32857.44859813084,32680.952094410655,32745.7547411285,39794.0,,32680.952094410655,29581.962681000474,35073.568945179715,33889.444284885445,33868.079347618324
store_95,2015-02-23,2015-01-26,27336.0,33025.0,35970.583333333336,32801.59813084112,26904.264142806096,32745.7547411285,32084.0,,26904.264142806096,27647.31433544415,30578.006294644867,29934.60573998889,28536.124587302264
store_95,2015-03-02,2015-01-26,35034.0,33025.0,35970.583333333336,32745.747663551403,35313.29871848271,32745.7547411285,42328.0,,35313.29871848271,30304.05492235656,36795.684486537066,35559.69709381221,36135.505548031884
store_95,2015-03-09,2015-01-26,27572.0,33025.0,35970.583333333336,32689.89719626168,27569.08888745228,32745.7547411285,29875.0,,27569.08888745228,27410.760594025112,30063.281209526926,29999.620928197462,28636.743013022882
store_95,2015-03-16,2015-01-26,32641.0,33025.0,35970.583333333336,32634.046728971964,34127.39511992465,32745.7547411285,39223.0,,34127.39511992465,29675.111417622633,35365.383287017714,34552.40970886012,34788.69119348397
store_95,2015-03-23,2015-01-26,27859.0,33025.0,35970.583333333336,32578.196261682242,27640.961832819434,32745.7547411285,27613.0,,27640.961832819434,27081.928024137644,29333.238857982644,29749.81390152476,28312.403031311216
store_95,2015-03-02,2015-02-23,35034.0,27336.0,33763.416666666664,27230.90990990991,35199.973157600034,31110.272238430083,42328.0,,35199.973157600034,28138.3674246581,36212.74846534337,34181.16809984981,35839.36356208302
store_95,2015-03-09,2015-02-23,27572.0,27336.0,33763.416666666664,27125.81981981982,27453.40957395896,31110.272238430083,29875.0,,27453.40957395896,25237.702614125075,29479.560604129678,28615.66882540722,28338.948991275473
store_95,2015-03-16,2015-02-23,32641.0,27336.0,33763.416666666664,27020.72972972973,34012.29763594673,31110.272238430083,39223.0,,34012.29763594673,27495.10232439617,34781.85662479227,33164.56090940573,34491.305542261034
store_95,2015-03-23,2015-02-23,27859.0,27336.0,33763.416666666664,26915.63963963964,27525.389908604622,31110.272238430083,27613.0,,27525.389908604622,24894.816921905858,28749.554049011567,28357.519177713446,28014.684383216787
store_95,2015-03-30,2015-02-23,40174.0,27336.0,33763.416666666664,26810.54954954955,36102.93622724995,31110.272238430083,40463.0,,36102.93622724995,27940.88209741375,35892.06948856001,34385.90974216157,36164.121471506434
store_95,2015-04-06,2015-02-23,27382.0,27336.0,33763.416666666664,26705.45945945946,28563.316105715137,31110.272238430083,32558.0,,28563.316105715137,25719.494924324477,30743.862781381737,29486.2660338375,29562.502816560023
store_95,2015-04-13,2015-02-23,35075.0,27336.0,33763.416666666664,26600.36936936937,35262.95595041498,31110.272238430083,33684.0,,35262.95595041498,26822.430603554443,33352.409396281684,33099.12249876153,34451.36464836958
store_95,2015-04-20,2015-02-23,26099.0,27336.0,33763.416666666664,26495.27927927928,26283.729135967078,31110.272238430083,22376.0,,26283.729135967078,23909.24247433473,26590.000458132385,27033.2211728107,26275.489297372227
store_95,2015-03-30,2015-03-23,40174.0,27859.0,30588.416666666668,27762.11304347826,35947.0507844324,30540.379357221085,40463.0,,35947.0507844324,27594.279978828345,35650.14338055116,34101.95802820551,35979.23356707327
store_95,2015-04-06,2015-03-23,27382.0,27859.0,30588.416666666668,27665.22608695652,28443.10568143461,30540.379357221085,32558.0,,28443.10568143461,25379.161113182694,30513.828346218565,29221.56380493099,29402.654250360763
store_95,2015-04-13,2015-03-23,35075.0,27859.0,30588.416666666668,27568.339130434782,35075.53712255337,30540.379357221085,33684.0,,35075.53712255337,26473.667468125128,33099.972159924815,32800.17354862575,34244.344307117666
store_95,2015-04-20,2015-03-23,26099.0,27859.0,30588.416666666668,27471.452173913043,26130.656182255814,30540.379357221085,22376.0,,26130.656182255814,23566.557768579514,26349.0118464923,26752.83059363808,26092.5754035745
store_95,2015-04-27,2015-03-23,34424.0,27859.0,30588.416666666668,27374.565217391304,34361.613105938646,30540.379357221085,37119.0,,34361.613105938646,26834.7106210311,34006.99748771991,32834.06417370616,34312.397592170804
store_95,2015-05-04,2015-03-23,35996.0,27859.0,30588.416666666668,27277.678260869565,37651.20993172669,30540.379357221085,34826.0,,37651.20993172669,26963.240602354857,34339.19642964926,34254.83253623846,36241.355340071736
store_95,2015-05-11,2015-03-23,26833.0,27859.0,30588.416666666668,27180.791304347826,26110.182537341607,30540.379357221085,24868.0,,26110.182537341607,23878.10998079674,27172.85396485423,27023.28135192172,26491.099355832346
store_95,2015-05-18,2015-03-23,33606.0,27859.0,30588.416666666668,27083.904347826086,33670.6246811861,30540.379357221085,30210.0,,33670.6246811861,25707.475007557132,31473.668012802395,31601.92752959729,32682.674745550943
store_95,2015-04-27,2015-04-20,34424.0,26099.0,31362.083333333332,25990.579831932773,34520.33179164768,30968.557624509365,37119.0,,34520.33179164768,26579.93608306045,34202.62980538568,32753.145548566834,34480.505519145045
store_95,2015-05-04,2015-04-20,35996.0,26099.0,31362.083333333332,25882.159663865546,37744.92456376761,30968.557624509365,34826.0,,37744.92456376761,26697.53216935369,34513.160729425654,34139.130238249294,36363.838666047326
store_95,2015-05-11,2015-04-20,26833.0,26099.0,31362.083333333332,25773.73949579832,26118.01680720398,30968.557624509365,24868.0,,26118.01680720398,23598.485322977856,27318.19147723778,26861.94034454308,26553.30556004535
store_95,2015-05-18,2015-04-20,33606.0,26099.0,31362.083333333332,25665.319327731093,33751.35244794354,30968.557624509365,30210.0,,33751.35244794354,25436.616104788187,31643.3033574843,31477.505322501976,32796.042939264065
store_95,2015-05-25,2015-04-20,26238.0,26099.0,31362.083333333332,25556.899159663866,25471.510382175882,30968.557624509365,25867.0,,25471.510382175882,23617.86435709749,27435.689335561747,26629.908281409338,26265.06210292926
store_95,2015-06-01,2015-04-20,33981.0,26099.0,31362.083333333332,25448.47899159664,34464.8810654463,30968.557624509365,37409.0,,34464.8810654463,26536.00014498366,34280.812896651885,32713.678197448753,34489.63558766616
store_95,2015-06-08,2015-04-20,30141.0,26099.0,31362.083333333332,25340.058823529413,29717.165251843242,30968.557624509365,24400.0,,29717.165251843242,23983.837861887907,28361.90762545087,28638.956189566972,29001.909412954657
store_95,2015-06-15,2015-04-20,36104.0,26099.0,31362.083333333332,25231.638655462186,35310.80246687538,30968.557624509365,31596.0,,35310.80246687538,25795.440297168607,32625.12003046158,32421.513016025776,34120.2222734872
store_95,2015-05-25,2015-05-18,26238.0,33606.0,31891.25,33562.13821138212,25450.134960441752,31872.98307820552,25867.0,,25450.134960441752,26035.643750004197,27730.039346215755,28093.536580126372,26369.840552761183
store_95,2015-06-01,2015-05-18,33981.0,33606.0,31891.25,33518.276422764226,34419.09428428511,31872.98307820552,37409.0,,34419.09428428511,28959.514826464976,34567.025787496874,34170.11897915827,34577.28035935271
store_95,2015-06-08,2015-05-18,30141.0,33606.0,31891.25,33474.41463414634,29643.70225795803,31872.98307820552,24400.0,,29643.70225795803,26412.621424329984,28638.895112054513,30086.511831252086,29070.12899357337
store_95,2015-06-15,2015-05-18,36104.0,33606.0,31891.25,33430.55284552846,35212.168193789694,31872.98307820552,31596.0,,35212.168193789694,28229.850588217665,32893.71709066507,33861.486005859326,34170.7748086627
store_95,2015-06-22,2015-05-18,28774.0,33606.0,31891.25,33386.69105691057,27755.517354586478,31872.98307820552,27907.0,,27755.517354586478,26631.348784243222,29178.500144264,29527.704899288095,28325.92958892385
store_95,2015-06-29,2015-05-18,40648.0,33606.0,31891.25,33342.829268292684,39955.78513721014,31872.98307820552,42858.0,,39955.78513721014,30503.835354815477,38228.92273847188,37702.9110522797,39366.1676102748
store_95,2015-07-06,2015-05-18,29727.0,33606.0,31891.25,33298.9674796748,28862.41661875294,31872.98307820552,29033.0,,28862.41661875294,26937.80245380475,29922.79989898615,30233.98980132635,29289.39687874799
store_95,2015-07-13,2015-05-18,34614.0,33606.0,31891.25,33255.10569105691,33854.83985368803,31872.98307820552,34709.0,,33854.83985368803,28455.596946135778,33478.94097729785,33522.864769204614,33733.88841062213
store_96,2015-02-02,2015-01-26,51907.0,48271.0,47666.333333333336,48273.7476635514,52592.39523572803,43159.71376042302,52866.0,,52592.39523572803,41832.74142757654,49539.36966538368,50761.35321204512,51591.95326547664
store_96,2015-02-09,2015-01-26,39175.0,48271.0,47666.333333333336,48276.495327102806,41652.066131953674,43159.71376042302,36677.0,,41652.066131953674,37957.51550754469,40496.259964125566,42311.45405320484,40545.266150509335
store_96,2015-02-16,2015-01-26,45319.0,48271.0,47666.333333333336,48279.2429906542,43853.837186898534,43159.71376042302,49573.0,,43853.837186898534,40114.73246732987,45528.850315773845,45906.023931930446,45244.11664814719
store_96,2015-02-23,2015-01-26,37437.0,48271.0,47666.333333333336,48281.990654205605,37527.45963724408,43159.71376042302,37124.0,,37527.45963724408,37432.92819788658,39270.3911325557,40413.18954689763,38063.1520049365
store_96,2015-03-02,2015-01-26,51532.0,48271.0,47666.333333333336,48284.73831775701,53173.34745659571,43159.71376042302,50134.0,,53173.34745659571,41527.018981158435,48822.35373900624,50505.1756089456,51255.968536292305
store_96,2015-03-09,2015-01-26,38784.0,48271.0,47666.333333333336,48287.48598130841,39695.2381935187,43159.71376042302,35689.0,,39695.2381935187,37538.39589551192,39514.6506513139,41175.69783125746,39059.42266182991
store_96,2015-03-16,2015-01-26,50900.0,48271.0,47666.333333333336,48290.233644859814,52853.379529161524,43159.71376042302,49685.0,,52853.379529161524,41417.95146682538,48566.03109652818,50263.26330829115,50939.17657075786
store_96,2015-03-23,2015-01-26,37022.0,48271.0,47666.333333333336,48292.98130841122,37334.21779359245,43159.71376042302,35715.0,,37334.21779359245,37205.60659939429,38736.31051800516,40044.09735155246,37579.55587389869
store_96,2015-03-02,2015-02-23,51532.0,37437.0,45023.666666666664,37342.045045045044,53505.98354254327,43195.1664465386,50134.0,,53505.98354254327,38091.123100113364,48945.04999636062,48793.710928587294,51469.42713033532
store_96,2015-03-09,2015-02-23,38784.0,37437.0,45023.666666666664,37247.09009009009,39706.55313575353,43195.1664465386,35689.0,,39706.55313575353,34042.63947700698,39530.23986076404,39302.078993135685,39070.571078784036
store_96,2015-03-16,2015-02-23,50900.0,37437.0,45023.666666666664,37152.13513513513,52952.80219593461,43195.1664465386,49685.0,,52952.80219593461,37920.82434918214,48610.989547491066,48424.68129580456,51005.799361879435
store_96,2015-03-23,2015-02-23,37022.0,37437.0,45023.666666666664,37057.18018018018,37352.59409788405,43195.1664465386,35715.0,,37352.59409788405,33682.9439130385,38754.25351480755,38159.08340821642,37595.15026472085
store_96,2015-03-30,2015-02-23,51673.0,37437.0,45023.666666666664,36962.22522522522,46156.17103391326,43195.1664465386,50115.0,,46156.17103391326,36984.17562462053,46488.77916015062,45221.36782334487,46836.95863108846
store_96,2015-04-06,2015-02-23,33693.0,37437.0,45023.666666666664,36867.27027027027,33185.274632441215,43195.1664465386,37902.0,,33185.274632441215,33372.911145130965,38094.1470263266,36567.343837459186,35533.09376871895
store_96,2015-04-13,2015-02-23,51560.0,37437.0,45023.666666666664,36772.31531531532,51155.85225544654,43195.1664465386,52559.0,,51155.85225544654,38020.42866913816,48970.00623399504,48095.17851340326,50612.6430411698
store_96,2015-04-20,2015-02-23,35641.0,37437.0,45023.666666666664,36677.36036036036,37658.35530179734,43195.1664465386,31231.0,,37658.35530179734,33031.792682194704,37361.50724944531,37396.524542214276,36635.86680038724
store_96,2015-03-30,2015-03-23,51673.0,37022.0,44098.416666666664,36926.739130434784,45380.86161247354,43234.155801846864,50115.0,,45380.86161247354,36682.4533159174,46243.3391381068,44740.17165356708,46353.23417188612
store_96,2015-04-06,2015-03-23,33693.0,37022.0,44098.416666666664,36831.47826086957,32766.31172415389,43234.155801846864,37902.0,,32766.31172415389,33122.05177907671,37967.48917533358,36257.74972335331,35273.732155197635
store_96,2015-04-13,2015-03-23,51560.0,37022.0,44098.416666666664,36736.217391304344,50855.66856985431,43234.155801846864,52559.0,,50855.66856985431,37786.49406138174,48882.94145723372,47842.76822200798,50428.06718653216
store_96,2015-04-20,2015-03-23,35641.0,37022.0,44098.416666666664,36640.95652173913,37452.54948158342,43234.155801846864,31231.0,,37452.54948158342,32811.296924548005,37305.901761143425,37189.54578144987,36510.7131251846
store_96,2015-04-27,2015-03-23,45868.0,37022.0,44098.416666666664,36545.69565217391,46744.60812073867,43234.155801846864,46996.0,,46744.60812073867,36377.26803448944,45658.25464086184,44755.28063445423,46410.704306164924
store_96,2015-05-04,2015-03-23,52013.0,37022.0,44098.416666666664,36450.434782608696,54149.93552346501,43234.155801846864,53616.0,,54149.93552346501,38367.27753922674,50333.36377510395,49615.418510396266,52773.71275805889
store_96,2015-05-11,2015-03-23,36400.0,37022.0,44098.416666666664,36355.17391304348,37209.648081002204,43234.155801846864,35805.0,,37209.648081002204,33389.199208937025,38749.60129428302,37949.664337950926,37532.692504481376
store_96,2015-05-18,2015-03-23,49621.0,37022.0,44098.416666666664,36259.913043478264,50407.81311131789,43234.155801846864,46068.0,,50407.81311131789,36727.18551761567,46569.98963772158,46315.58790168987,48478.7573150054
store_96,2015-04-27,2015-04-20,45868.0,35641.0,43720.25,35537.336134453784,46507.858080099766,43238.682052437616,46996.0,,46507.858080099766,35948.73232385588,45580.84671084579,44428.51232109596,46262.15555974478
store_96,2015-05-04,2015-04-20,52013.0,35641.0,43720.25,35433.67226890756,53688.21124894776,43238.682052437616,53616.0,,53688.21124894776,37905.40222432756,50180.96443379512,49179.66081642045,52483.5157635015
store_96,2015-05-11,2015-04-20,36400.0,35641.0,43720.25,35330.008403361346,37020.33829325302,43238.682052437616,35805.0,,37020.33829325302,32965.03982129314,38688.00678189688,37644.47186871466,37414.01308397102
store_96,2015-05-18,2015-04-20,49621.0,35641.0,43720.25,35226.34453781512,50258.05532843053,43238.682052437616,46068.0,,50258.05532843053,36307.475988383325,46521.57912695604,46028.80837540633,48384.98062269823
store_96,2015-05-25,2015-04-20,33887.0,35641.0,43720.25,35122.68067226891,32531.373783528146,43238.682052437616,35653.0,,32531.373783528146,32272.426644033523,37141.018611988584,35436.91120113276,34548.62786882357
store_96,2015-06-01,2015-04-20,47098.0,35641.0,43720.25,35019.01680672269,46941.63759753426,43238.682052437616,57184.0,,46941.63759753426,37392.08377952779,49121.439883323954,46600.02418178237,49152.244497457825
store_96,2015-06-08,2015-04-20,38731.0,35641.0,43720.25,34915.35294117647,38494.21460906351,43238.682052437616,31529.0,,38494.21460906351,32505.499943239654,37753.9655538337,37482.73805879819,37243.62668147234
store_96,2015-06-15,2015-04-20,51496.0,35641.0,43720.25,34811.68907563025,50541.423072043865,43238.682052437616,43330.0,,50541.423072043865,35897.5777428731,45703.36837482716,45595.89804457615,47860.08958438832
store_96,2015-05-25,2015-05-18,33887.0,49621.0,44558.916666666664,49634.365853658535,32176.772450978897,43317.8571724796,35653.0,,32176.772450978897,36423.13030625481,37049.20987448616,37508.29884334807,34334.35114791558
store_96,2015-06-01,2015-05-18,47098.0,49621.0,44558.916666666664,49647.73170731707,46667.41133225622,43317.8571724796,57184.0,,46667.41133225622,41570.98812553136,49056.42283491194,48718.98388531578,48988.57351604548
store_96,2015-06-08,2015-05-18,38731.0,49621.0,44558.916666666664,49661.09756097561,38301.991627518415,43317.8571724796,31529.0,,38301.991627518415,36712.83757537718,37716.282933332666,39650.05401262652,37131.58659699443
store_96,2015-06-15,2015-05-18,51496.0,49621.0,44558.916666666664,49674.46341463415,50426.07214699823,43317.8571724796,43330.0,,50426.07214699823,40132.61562868266,45691.30977315927,47809.09892383036,47796.449674215444
store_96,2015-06-22,2015-05-18,35856.0,49621.0,44558.916666666664,49687.829268292684,35785.5137316106,43317.8571724796,35679.0,,35785.5137316106,36950.01669129279,38260.7903013634,39255.51411611051,36613.16493984669
store_96,2015-06-29,2015-05-18,53854.0,49621.0,44558.916666666664,49701.19512195122,50830.55956480136,43317.8571724796,52995.0,,50830.55956480136,41574.932646556976,49047.80557909365,49905.009840190316,50533.75368037236
store_96,2015-07-06,2015-05-18,39726.0,49621.0,44558.916666666664,49714.560975609755,40122.50014602007,43317.8571724796,35125.0,,40122.50014602007,37494.262137253725,39521.78577283322,41237.48179328481,39201.51281080959
store_96,2015-07-13,2015-05-18,52610.0,49621.0,44558.916666666664,49727.92682926829,51885.698950932594,43317.8571724796,50657.0,,51885.698950932594,41395.485659906735,48620.185374470726,49955.82136806154,50597.53266500016
store_97,2015-02-02,2015-01-26,39625.0,42751.0,37360.916666666664,42645.08411214953,40723.633339865155,37222.42683301759,51567.0,,40723.633339865155,36038.58013595699,38435.658946516465,40948.719491611286,39995.377846727155
store_97,2015-02-09,2015-01-26,30590.0,42751.0,37360.916666666664,42539.168224299065,33053.136334568066,37222.42683301759,40290.0,,33053.136334568066,33316.66400836448,35878.82661141743,35531.73632229176,33952.571547135645
store_97,2015-02-16,2015-01-26,37768.0,42751.0,37360.916666666664,42433.2523364486,37862.31226064179,37222.42683301759,48031.0,,37862.31226064179,35094.41544239638,37481.885253442015,38947.738376051,37741.23329380646
store_97,2015-02-23,2015-01-26,29527.0,42751.0,37360.916666666664,42327.33644859813,30601.214312670927,37222.42683301759,40314.0,,30601.214312670927,32939.556322993325,35061.51927078506,33961.910082502975,32020.95097159859
store_97,2015-03-02,2015-01-26,41608.0,42751.0,37360.916666666664,42221.42056074766,41629.77097401842,37222.42683301759,50695.0,,41629.77097401842,35982.93357635005,38737.704824567554,41450.65535949734,40709.23174696034
store_97,2015-03-09,2015-01-26,27914.0,42751.0,37360.916666666664,42115.504672897194,28175.74051986012,37222.42683301759,38206.0,,28175.74051986012,32261.655527491654,34253.02800651479,32306.197726056434,30110.16627217564
store_97,2015-03-16,2015-01-26,38747.0,42751.0,37360.916666666664,42009.588785046726,39006.56518067298,37222.42683301759,49631.0,,39006.56518067298,35425.92820934342,37863.302893452405,39719.773657574566,38642.67406729421
store_97,2015-03-23,2015-01-26,28841.0,42751.0,37360.916666666664,41903.67289719626,28202.852175686166,37222.42683301759,37815.0,,28202.852175686166,32179.409796080952,34262.06522512347,32289.10259897126,30131.524794903027
store_97,2015-03-02,2015-02-23,41608.0,29527.0,35672.5,29305.765765765766,40974.857295291804,36339.220541055074,50695.0,,40974.857295291804,31787.763371730376,37662.19261211562,38899.859846175896,39920.372104923255
store_97,2015-03-09,2015-02-23,27914.0,29527.0,35672.5,29084.53153153153,27466.340689741686,36339.220541055074,38206.0,,27466.340689741686,28042.227537475468,33159.35374359891,29712.416038780833,29278.382519922023
store_97,2015-03-16,2015-02-23,38747.0,29527.0,35672.5,28863.297297297297,38378.45242591761,36339.220541055074,49631.0,,38378.45242591761,31201.638609181424,36796.724322324226,37169.14121850256,37874.92815388468
store_97,2015-03-23,2015-02-23,28841.0,29527.0,35672.5,28642.063063063062,27553.87866226587,36339.220541055074,37815.0,,27553.87866226587,27935.666038054856,33188.53306777365,29716.81615478999,29347.344806388897
store_97,2015-03-30,2015-02-23,42437.0,29527.0,35672.5,28420.828828828828,40728.02637316471,36339.220541055074,52819.0,,40728.02637316471,31929.510820435513,37579.91563807326,38780.93610769221,39725.919066204435
store_97,2015-04-06,2015-02-23,23720.0,29527.0,35672.5,28199.594594594593,23281.7411912737,36339.220541055074,41293.0,,23281.7411912737,27759.008046703337,31764.487244109587,27141.718813493146,25981.761167596702
store_97,2015-04-13,2015-02-23,40599.0,29527.0,35672.5,27978.36036036036,38753.246351645445,36339.220541055074,49578.0,,38753.246351645445,31121.189607580123,36921.65563090017,37339.74835387159,38170.19025930924
store_97,2015-04-20,2015-02-23,27636.0,29527.0,35672.5,27757.126126126124,27106.505327296574,36339.220541055074,33398.0,,27106.505327296574,27114.335999211107,33039.40862278388,29155.689482492704,28994.904748729685
store_97,2015-03-30,2015-03-23,42437.0,28841.0,35299.083333333336,28621.49565217391,41581.855739372564,35666.1730666791,52819.0,,41581.855739372564,31832.658255936985,37515.704046461666,39197.421433092495,40287.55947678213
store_97,2015-04-06,2015-03-23,23720.0,28841.0,35299.083333333336,28401.991304347826,23936.244068811986,35666.1730666791,41293.0,,23936.244068811986,27633.927396167463,31633.833489608136,27431.876417310385,26386.372462515246
store_97,2015-04-13,2015-03-23,40599.0,28841.0,35299.083333333336,28182.486956521738,39711.046891778584,35666.1730666791,49578.0,,39711.046891778584,31039.684321187535,36892.10109726367,37822.446281674216,38813.73900833459
store_97,2015-04-20,2015-03-23,27636.0,28841.0,35299.083333333336,27962.982608695653,27243.81699595306,35666.1730666791,33398.0,,27243.81699595306,26915.86514352302,32736.35779865516,29117.99021455739,28992.07356723946
store_97,2015-04-27,2015-03-23,40177.0,28841.0,35299.083333333336,27743.478260869564,38611.71942827094,35666.1730666791,48153.0,,38611.71942827094,30616.350584164706,36525.65860942779,37024.3522365408,37947.69044365743
store_97,2015-05-04,2015-03-23,39998.0,28841.0,35299.083333333336,27523.97391304348,40912.23265296929,35666.1730666791,55213.0,,40912.23265296929,31922.20899514646,37292.496350993904,38807.75567996168,39760.03139065221
store_97,2015-05-11,2015-03-23,28661.0,28841.0,35299.083333333336,27304.46956521739,29610.71385856861,35666.1730666791,40242.0,,29610.71385856861,28137.634260542633,33525.32341952701,30901.052945176572,30856.7114468996
store_97,2015-05-18,2015-03-23,39570.0,28841.0,35299.083333333336,27084.965217391305,40407.23418450582,35666.1730666791,53861.0,,40407.23418450582,31594.207971701362,37124.16352817275,38390.22309904876,39362.194337276436
store_97,2015-04-27,2015-04-20,40177.0,27636.0,34084.333333333336,27413.747899159665,38801.716624667504,35029.481092030466,48153.0,,38801.716624667504,30159.75413559871,35971.843683343766,36873.964743822566,37900.88141217358
store_97,2015-05-04,2015-04-20,39998.0,27636.0,34084.333333333336,27191.495798319327,41301.183798801925,35029.481092030466,55213.0,,41301.183798801925,31493.64200321215,36804.99940805524,38783.38524943367,39869.95798896531
store_97,2015-05-11,2015-04-20,28661.0,27636.0,34084.333333333336,26969.243697478993,29656.721932346096,35029.481092030466,40242.0,,29656.721932346096,27659.68286502698,32923.512119236635,30658.91656580046,30696.467995633768
store_97,2015-05-18,2015-04-20,39570.0,27636.0,34084.333333333336,26746.991596638654,40779.32664140916,35029.481092030466,53861.0,,40779.32664140916,31162.447523344516,36631.047022257655,38354.756159630524,39458.839685157596
store_97,2015-05-25,2015-04-20,26222.0,27636.0,34084.333333333336,26524.73949579832,26605.586733274344,35029.481092030466,38516.0,,26605.586733274344,26913.73437920521,31906.46705287938,28607.687238805243,28292.788157270796
store_97,2015-06-01,2015-04-20,38478.0,27636.0,34084.333333333336,26302.487394957985,37231.11160036108,35029.481092030466,58354.0,,37231.11160036108,31233.916202954693,35448.30867524163,36287.647953482214,36663.5610757606
store_97,2015-06-08,2015-04-20,30194.0,27636.0,34084.333333333336,26080.235294117647,31170.67058590528,35029.481092030466,38287.0,,31170.67058590528,27469.67432934096,33428.161670423025,31460.324082611274,31889.15452620249
store_97,2015-06-15,2015-04-20,42285.0,27636.0,34084.333333333336,25857.983193277312,41573.675557073046,35029.481092030466,49530.0,,41573.675557073046,30530.21045367345,36895.82999414561,38585.23019688863,40084.62659679221
store_97,2015-05-25,2015-05-18,26222.0,39570.0,34992.333333333336,39452.0,26084.833444012147,35142.44781143485,38516.0,,26084.833444012147,30536.802084111478,32073.204862926774,30186.118723416566,27990.932455548234
store_97,2015-06-01,2015-05-18,38478.0,39570.0,34992.333333333336,39334.0,36526.72993689931,35035.1741868274,58354.0,,36526.72993689931,34830.31963672287,35518.07915235335,37748.037905352816,36205.67052903331
store_97,2015-06-08,2015-05-18,30194.0,39570.0,34992.333333333336,39216.0,31001.57977835332,34927.90056221994,38287.0,,31001.57977835332,31142.11623912951,33640.604557968865,33258.75955854067,31841.59265036813
store_97,2015-06-15,2015-05-18,42285.0,39570.0,34992.333333333336,39098.0,41179.3018313894,34820.62693761249,49530.0,,41179.3018313894,34170.03744319075,36997.420700778406,40239.19822524757,39848.21448728851
store_97,2015-06-22,2015-05-18,29167.0,39570.0,34992.333333333336,38980.0,29610.08718066512,34713.353313005035,41142.0,,29610.08718066512,31286.82483242907,33105.257942334494,32477.920373509576,30722.63145931551
store_97,2015-06-29,2015-05-18,42657.0,39570.0,34992.333333333336,38862.0,39775.90401240962,34606.07968839758,59290.0,,39775.90401240962,35299.47386202007,36458.10567804684,39783.31198544651,38719.87438034959
store_97,2015-07-06,2015-05-18,29860.0,39570.0,34992.333333333336,38744.0,30283.179473057804,34498.80606379012,41967.0,,30283.179473057804,31436.474124311608,33258.106290060416,32909.11402852388,31230.1472190011
store_97,2015-07-13,2015-05-18,39903.0,39570.0,34992.333333333336,38626.0,39462.04129157546,34391.532439182665,50491.0,,39462.04129157546,33933.27243772735,36281.96902136382,39124.93759449761,38449.86842700642
store_98,2015-02-02,2015-01-26,31196.0,31886.0,30436.0,31854.158878504673,32728.55278654305,29600.27566562772,33410.0,,32728.55278654305,27130.712475810775,32674.85092884768,32213.691149890954,32766.1850163779
store_98,2015-02-09,2015-01-26,23828.0,31886.0,30436.0,31822.317757009347,24131.809033694546,29600.27566562772,23786.0,,24131.809033694546,24523.200350904517,26601.26967789818,26612.06924284664,25114.60389828505
store_98,2015-02-16,2015-01-26,30330.0,31886.0,30436.0,31790.47663551402,26423.97501139934,29600.27566562772,30533.0,,26423.97501139934,25809.961044648724,29614.32500379978,28787.78789667932,28092.542475334565
store_98,2015-02-23,2015-01-26,24462.0,31886.0,30436.0,31758.635514018693,22991.98496634183,29600.27566562772,24243.0,,22991.98496634183,24416.556592284032,26373.66165544728,26147.873810450288,24488.81439468969
store_98,2015-03-02,2015-01-26,31964.0,31886.0,30436.0,31726.794392523363,32669.884404473247,29600.27566562772,32141.0,,32669.884404473247,26922.85063751776,32232.29480149108,31965.358928252652,32444.062123996468
store_98,2015-03-09,2015-01-26,24522.0,31886.0,30436.0,31694.953271028036,22639.778898882425,29600.27566562772,22772.0,,22639.778898882425,24147.001119362594,25765.926299627474,25735.481696814782,23933.826007842643
store_98,2015-03-16,2015-01-26,33154.0,31886.0,30436.0,31663.11214953271,31979.939662878045,29600.27566562772,30912.0,,31979.939662878045,26639.61821114835,31592.64655429268,31434.78779911718,31727.555006810097
store_98,2015-03-23,2015-01-26,24129.0,31886.0,30436.0,31631.271028037383,22286.9095955624,29600.27566562772,23721.0,,22286.9095955624,24223.065184175357,25964.636531854132,25719.936177060394,23921.21951267065
store_98,2015-03-02,2015-02-23,31964.0,24462.0,28944.75,24364.423423423425,32695.355360958125,29527.504439825505,32141.0,,32695.355360958125,24590.719032029578,29766.118453652707,30366.96032685687,31445.129611192435
store_98,2015-03-09,2015-02-23,24522.0,24462.0,28944.75,24266.846846846845,22503.987089225444,29527.504439825505,22772.0,,22503.987089225444,21782.441196556825,23245.99569640848,24055.16636964152,22831.854091317
store_98,2015-03-16,2015-02-23,33154.0,24462.0,28944.75,24169.27027027027,31806.13929327322,29527.504439825505,30912.0,,31806.13929327322,24260.237714766998,29060.046431091072,29730.177763200176,30601.297389083607
store_98,2015-03-23,2015-02-23,24129.0,24462.0,28944.75,24071.693693693695,22146.96814264747,29527.504439825505,23721.0,,22146.96814264747,21839.130896595238,23443.32271421582,24024.629871681092,22816.596167193453
store_98,2015-03-30,2015-02-23,34648.0,24462.0,28944.75,23974.117117117115,33330.878432939586,29527.504439825505,34235.0,,33330.878432939586,24924.892855697457,30675.959477646527,30968.980887172707,32320.88319535207
store_98,2015-04-06,2015-02-23,23570.0,24462.0,28944.75,23876.54054054054,23945.417587588294,29527.504439825505,26333.0,,23945.417587588294,22441.316081136334,24913.472529196097,25274.7087805091,24551.59291969235
store_98,2015-04-13,2015-02-23,33892.0,24462.0,28944.75,23778.963963963964,33952.37279667644,29527.504439825505,34052.0,,33952.37279667644,24959.65588578084,30822.124265558814,31210.127312673576,32676.94229960873
store_98,2015-04-20,2015-02-23,24242.0,24462.0,28944.75,23681.38738738739,24012.99558314937,29527.504439825505,21677.0,,24012.99558314937,21757.94820148032,23383.998527716456,24522.812903273625,23550.43195207199
store_98,2015-03-30,2015-03-23,34648.0,24129.0,28404.333333333332,24031.921739130434,33122.05904155684,29500.206854255866,34235.0,,33122.05904155684,24774.645852610924,30495.353013852276,30794.180711291086,32141.920680302548
store_98,2015-04-06,2015-03-23,23570.0,24129.0,28404.333333333332,23934.84347826087,23410.99278399721,29500.206854255866,26333.0,,23410.99278399721,22244.62520712104,24624.33092799907,24947.735756906237,24164.58369724007
store_98,2015-04-13,2015-03-23,33892.0,24129.0,28404.333333333332,23837.765217391305,34382.099648705,29500.206854255866,34052.0,,34382.099648705,24900.7721505265,30854.36654956833,31333.949940572817,32905.981121407756
store_98,2015-04-20,2015-03-23,24242.0,24129.0,28404.333333333332,23740.68695652174,24476.94935306904,29500.206854255866,21677.0,,24476.94935306904,21704.02521388285,23427.64978435635,24662.686270252732,23801.340181764135
store_98,2015-04-27,2015-03-23,31431.0,24129.0,28404.333333333332,23643.608695652172,31881.655153519187,29500.206854255866,34026.0,,31881.655153519187,24512.114862394363,30012.218384506396,30141.43771942244,31302.481642670442
store_98,2015-05-04,2015-03-23,34346.0,24129.0,28404.333333333332,23546.53043478261,33786.487249659884,29500.206854255866,33394.0,,33786.487249659884,24680.079696004526,30436.495749886628,30918.600043903367,32377.823203448534
store_98,2015-05-11,2015-03-23,19715.0,24129.0,28404.333333333332,23449.452173913043,20522.438020525144,29500.206854255866,24499.0,,20522.438020525144,21500.632911718196,23050.146006841715,23248.15055187798,21907.565664173082
store_98,2015-05-18,2015-03-23,25222.0,24129.0,28404.333333333332,23352.373913043477,26919.777949632487,29500.206854255866,30383.0,,26919.777949632487,23241.241721466453,27143.92598321083,27194.953839641952,27314.94859333738
store_98,2015-04-27,2015-04-20,31431.0,24242.0,28328.083333333332,24149.134453781513,31809.472042556008,29474.001552786227,34026.0,,31809.472042556008,24575.527340351007,30025.824014185335,30160.363653022003,31271.812367141963
store_98,2015-05-04,2015-04-20,34346.0,24242.0,28328.083333333332,24056.268907563026,33729.67855782983,29474.001552786227,33394.0,,33729.67855782983,24746.290335930345,30455.226185943277,30945.131795062807,32356.977466347078
store_98,2015-05-11,2015-04-20,19715.0,24242.0,28328.083333333332,23963.40336134454,20461.771719878314,29474.001552786227,24499.0,,20461.771719878314,21566.894281048917,23067.59057329277,23273.297042107217,21884.2550945391
store_98,2015-05-18,2015-04-20,25222.0,24242.0,28328.083333333332,23870.537815126052,26914.053979443062,29474.001552786227,30383.0,,26914.053979443062,23315.953811526953,27179.684659814353,27246.204362873126,27326.74361630142
store_98,2015-05-25,2015-04-20,17834.0,24242.0,28328.083333333332,23777.67226890756,17466.88958083492,29474.001552786227,20964.0,,17466.88958083492,20607.520962266004,20890.96319361164,21274.591739379997,19177.764749072638
store_98,2015-06-01,2015-04-20,25417.0,24242.0,28328.083333333332,23684.806722689074,26246.658868997805,29474.001552786227,34048.0,,26246.658868997805,23717.650068258063,28178.886289665934,27517.235126014348,27722.368193805873
store_98,2015-06-08,2015-04-20,20282.0,24242.0,28328.083333333332,23591.941176470587,20088.28224564803,29474.001552786227,22744.0,,20088.28224564803,21209.75832974831,22358.094081882675,22773.79331769989,21251.96644002017
store_98,2015-06-15,2015-04-20,28486.0,24242.0,28328.083333333332,23499.0756302521,29046.160097331845,29474.001552786227,30495.0,,29046.160097331845,23583.474373386212,27927.720032443947,28224.48175259003,28714.18179960553
store_98,2015-05-25,2015-05-18,17834.0,25222.0,28402.916666666668,25140.121951219513,16863.15246541332,29419.042810920073,20964.0,,16863.15246541332,20858.747699174222,21016.38415513777,21227.730077877768,18926.016560652486
store_98,2015-06-01,2015-05-18,25417.0,25222.0,28402.916666666668,25058.243902439026,25708.527700384348,29419.042810920073,34048.0,,25708.527700384348,23979.81872577287,28326.175900128113,27502.135323115137,27512.539152634854
store_98,2015-06-08,2015-05-18,20282.0,25222.0,28402.916666666668,24976.365853658535,19717.775381918913,29419.042810920073,22744.0,,19717.775381918913,21497.442959023454,22561.258460639634,22838.149515034595,21149.2415298135
store_98,2015-06-15,2015-05-18,28486.0,25222.0,28402.916666666668,24894.48780487805,28717.10698918265,29419.042810920073,30495.0,,28717.10698918265,23878.650610235345,28144.70232972755,28309.308526734385,28637.943910297523
store_98,2015-06-22,2015-05-18,19953.0,25222.0,28402.916666666668,24812.60975609756,19489.066213192284,29419.042810920073,27431.0,,19489.066213192284,22110.94792098237,24047.355404397425,23484.174635862742,22054.400471254732
store_98,2015-06-29,2015-05-18,28633.0,25222.0,28402.916666666668,24730.731707317074,26414.917727533015,29419.042810920073,35372.0,,26414.917727533015,24223.086987490977,29002.97257584434,28017.152059263422,28260.86252904922
store_98,2015-07-06,2015-05-18,21616.0,25222.0,28402.916666666668,24648.853658536584,20099.80473752491,29419.042810920073,24256.0,,20099.80473752491,21721.231124806887,23192.601579174967,23232.37935181766,21732.481904439785
store_98,2015-07-13,2015-05-18,28152.0,25222.0,28402.916666666668,24566.975609756097,27623.72584677841,29419.042810920073,29729.0,,27623.72584677841,23566.237276303033,27524.9086155928,27639.923441497853,27767.51054218883
store_99,2015-02-02,2015-01-26,55888.0,56573.0,52931.666666666664,56527.08411214953,57795.79875639688,48796.71230416403,60033.0,,57795.79875639688,47522.46597705387,55541.83702018697,57228.77510692023,57622.56491221874
store_99,2015-02-09,2015-01-26,40932.0,56573.0,52931.666666666664,56481.168224299065,41482.75709143156,48796.71230416403,39978.0,,41482.75709143156,42320.472040937326,43419.156465198525,43924.213788552064,41691.828219387615
store_99,2015-02-16,2015-01-26,53463.0,56573.0,52931.666666666664,56435.2523364486,53536.00280668681,48796.71230416403,54794.0,,53536.00280668681,46152.37630199516,52375.571703616944,53750.028664743535,53462.1481302402
store_99,2015-02-23,2015-01-26,40441.0,56573.0,52931.666666666664,56389.33644859813,39288.25864766471,48796.71230416403,40861.0,,39288.25864766471,42119.996295299075,42981.99031727624,42781.11248412456,40328.59197708947
store_99,2015-03-02,2015-01-26,60676.0,56573.0,52931.666666666664,56343.42056074766,60200.94764075616,48796.71230416403,60981.0,,60200.94764075616,47975.24959604778,56659.5533149734,58815.11275214508,59533.86640397227
store_99,2015-03-09,2015-01-26,41351.0,56573.0,52931.666666666664,56297.504672897194,40948.58821839977,48796.71230416403,38826.0,,40948.58821839977,42053.35312316109,42857.10017418793,43388.96988481333,41062.31281811567
store_99,2015-03-16,2015-01-26,57895.0,56573.0,52931.666666666664,56251.588785046726,56770.93271494564,48796.71230416403,54252.0,,56770.93271494564,46510.84292440329,53273.21500636989,55556.54646614672,55637.13850098129
store_99,2015-03-23,2015-01-26,40136.0,56573.0,52931.666666666664,56205.67289719626,38601.0647230986,48796.71230416403,38705.0,,38601.0647230986,41687.58808444651,42034.259009087546,41972.72588454062,39371.959488968314
store_99,2015-03-02,2015-02-23,60676.0,40441.0,49227.166666666664,40251.40540540541,60162.59197721456,48771.46056829647,60981.0,,60162.59197721456,42833.517802511866,56638.35084850367,56875.90399604768,59504.8254117143
store_99,2015-03-09,2015-02-23,41351.0,40441.0,49227.166666666664,40061.81081081081,40933.79836472069,48771.46056829647,38826.0,,40933.79836472069,36894.462344356376,42843.75297767238,41456.20017245853,41049.976051763915
store_99,2015-03-16,2015-02-23,57895.0,40441.0,49227.166666666664,39872.21621621621,56759.36068269382,48771.46056829647,54252.0,,56759.36068269382,41331.88630483902,53260.94041699676,53618.17232215753,55627.082632946214
store_99,2015-03-23,2015-02-23,40136.0,40441.0,49227.166666666664,39682.62162162162,38568.19828434509,48771.46056829647,38705.0,,38568.19828434509,36485.06387727569,42014.88628421385,40014.23912230014,39346.80944089793
store_99,2015-03-30,2015-02-23,58803.0,40441.0,49227.166666666664,39493.02702702703,57602.82610411369,48771.46056829647,59665.0,,57602.82610411369,42171.49719515769,55346.42889080338,55081.900633614445,57403.78443415383
store_99,2015-04-06,2015-02-23,35768.0,40441.0,49227.166666666664,39303.43243243243,35375.734811482456,48771.46056829647,42832.0,,35375.734811482456,36564.39921126828,42326.398459926306,38855.3492907901,37982.65036647211
store_99,2015-04-13,2015-02-23,58393.0,40441.0,49227.166666666664,39113.83783783784,55242.5180391202,48771.46056829647,55393.0,,55242.5180391202,41169.85473027445,53135.65953580555,52888.23923743174,54800.377651702314
store_99,2015-04-20,2015-02-23,39287.0,40441.0,49227.166666666664,38924.24324324324,38635.13609686619,48771.46056829647,31617.0,,38635.13609686619,35373.71522501036,39674.53222172089,38725.31631028093,37850.65550878591
store_99,2015-03-30,2015-03-23,58803.0,40136.0,49494.916666666664,39950.34782608696,57802.56095090955,48806.72783625177,59665.0,,57802.56095090955,42265.079039987846,55424.76292905377,55226.11837394771,57547.95137348352
store_99,2015-04-06,2015-03-23,35768.0,40136.0,49494.916666666664,39764.69565217391,35261.4743798596,48806.72783625177,42832.0,,35261.4743798596,36613.687790707416,42300.06740537046,38813.926965703555,37904.247061248876
store_99,2015-04-13,2015-03-23,58393.0,40136.0,49494.916666666664,39579.04347826087,55635.240196463696,48806.72783625177,55393.0,,55635.240196463696,41292.13259680614,53278.32267757182,53147.09351443094,55081.34038337803
store_99,2015-04-20,2015-03-23,39287.0,40136.0,49494.916666666664,39393.391304347824,39040.263753610794,48806.72783625177,31617.0,,39040.263753610794,35498.32850869672,39821.33052995418,38991.71913818028,38140.411668978806
store_99,2015-04-27,2015-03-23,54563.0,40136.0,49494.916666666664,39207.739130434784,55307.01142556981,48806.72783625177,54644.0,,55307.01142556981,41085.19929413186,52919.24642060719,52797.21691452232,54685.56617572109
store_99,2015-05-04,2015-03-23,59434.0,40136.0,49494.916666666664,39022.086956521736,58297.12896188837,48806.72783625177,57671.0,,58297.12896188837,41918.2657744755,54924.952266046705,55107.7319625944,57464.27068892338
store_99,2015-05-11,2015-03-23,38543.0,40136.0,49494.916666666664,38836.434782608696,38366.29485310269,48806.72783625177,39693.0,,38366.29485310269,36476.19630551855,42288.67422978482,40032.27411721392,39421.44531516619
store_99,2015-05-18,2015-03-23,59383.0,40136.0,49494.916666666664,38650.782608695656,58608.79025738214,48806.72783625177,56472.0,,58608.79025738214,41738.45962414231,54629.17269787797,55054.761005678745,57424.07219492197
store_99,2015-04-27,2015-04-20,54563.0,39287.0,48586.083333333336,39100.4537815126,55363.028284244356,48767.63518363221,54644.0,,55363.028284244356,40821.1715118175,52924.88782262552,52723.069236496965,54722.40376340948
store_99,2015-05-04,2015-04-20,59434.0,39287.0,48586.083333333336,38913.90756302521,58368.784174377266,48767.63518363221,57671.0,,58368.784174377266,41656.34432205257,54935.80645266982,55042.793517869184,57512.1932593236
store_99,2015-05-11,2015-04-20,38543.0,39287.0,48586.083333333336,38727.361344537814,38463.59586846724,48767.63518363221,39693.0,,38463.59586846724,36217.810818567224,42308.07701736648,39982.468069483366,39487.5464793546
store_99,2015-05-18,2015-04-20,59383.0,39287.0,48586.083333333336,38540.815126050424,58652.04195774891,48767.63518363221,56472.0,,58652.04195774891,41472.22508582355,54630.55904712703,54972.91776897476,57451.861415957756
store_99,2015-05-25,2015-04-20,39002.0,39287.0,48586.083333333336,38354.268907563026,39307.47532750459,48767.63518363221,39191.0,,39307.47532750459,36213.35182171902,42422.0368370456,40371.155494408944,39976.39223377208
store_99,2015-06-01,2015-04-20,54094.0,39287.0,48586.083333333336,38167.72268907563,55371.08942488757,48767.63518363221,63292.0,,55371.08942488757,41924.50437584696,55810.24153617326,54251.67673299813,56611.45117977343
store_99,2015-06-08,2015-04-20,42438.0,39287.0,48586.083333333336,37981.17647058824,43923.532335049495,48767.63518363221,36467.0,,43923.532335049495,36430.3467603719,43052.722506227234,42588.44594853685,42655.18231038849
store_99,2015-06-15,2015-04-20,58652.0,39287.0,48586.083333333336,37794.63025210084,56580.00186932966,48767.63518363221,53103.0,,56580.00186932966,40588.33580548515,52816.879017653955,53094.89979880441,55249.44092861464
store_99,2015-05-25,2015-05-18,39002.0,59383.0,50352.666666666664,59365.90243902439,39528.18699202696,48903.41523058825,39191.0,,39528.18699202696,42389.16733261518,42540.867407538404,42775.39312032302,40142.80488336258
store_99,2015-06-01,2015-05-18,54094.0,59383.0,50352.666666666664,59348.80487804878,55313.448359979266,48903.41523058825,63292.0,,55313.448359979266,48084.76216218328,55836.287863522506,56500.019982594684,56580.55820307122
store_99,2015-06-08,2015-05-18,42438.0,59383.0,50352.666666666664,59331.70731707317,44106.269950374575,48903.41523058825,36467.0,,44106.269950374575,42649.151309243236,43158.89506032094,44987.919222750446,42794.67769721291
store_99,2015-06-15,2015-05-18,58652.0,59383.0,50352.666666666664,59314.60975609756,56742.95394050642,48903.41523058825,53103.0,,56742.95394050642,46828.52079912269,52916.45639036489,55491.51827302779,55374.911666973385
store_99,2015-06-22,2015-05-18,42022.0,59383.0,50352.666666666664,59297.51219512195,41946.35319400609,48903.41523058825,40414.0,,41946.35319400609,42899.56389805471,43754.58947486478,44425.46682125561,42123.222089399416
store_99,2015-06-29,2015-05-18,61646.0,59383.0,50352.666666666664,59280.41463414634,60131.300438282386,48903.41523058825,62516.0,,60131.300438282386,48652.39956709766,57183.57188962354,59206.903659302705,59826.616430769354
store_99,2015-07-06,2015-05-18,39570.0,59383.0,50352.666666666664,59263.31707317073,39443.67230526019,48903.41523058825,40590.0,,39443.67230526019,42562.29589652654,42979.02917861615,42974.40872253201,40387.56776254048
store_99,2015-07-13,2015-05-18,52792.0,59383.0,50352.666666666664,59246.21951219512,51747.23861333768,48903.41523058825,53713.0,,51747.23861333768,46192.22000325539,51454.55128130864,52642.02720788664,51966.62714033947
